GLCM_pan,Mean_Green,Mean_Red,Mean_NIR,SD_pan,class
120.3627737,205.5,119.3953488,416.5813953,20.67631835,1
124.7395833,202.8,115.3333333,354.3333333,16.70715083,1
134.6919643,199.2857143,116.8571429,477.8571429,22.49671178,1
127.9463087,178.3684211,92.36842105,278.4736842,14.97745305,1
135.4315476,197.0,112.6904762,532.952381,17.60419258,1
118.3479624,226.15,138.85,608.9,29.07279656,1
135.4362819,184.5,95.14285714,309.1904762,13.05526366,1
121.1696429,226.0,146.2142857,595.5714286,22.80854208,1
131.1271605,232.7843137,144.5882353,563.8431373,11.94856335,1
134.4980916,210.2121212,116.9090909,594.8484848,27.93768482,1
131.1647727,206.6818182,114.7272727,483.0454545,22.9035437,1
136.0959596,201.4,111.4,444.6,16.55362196,1
122.6319018,230.5609756,142.195122,473.7073171,24.52188863,1
113.6561798,213.1071429,129.7857143,480.8571429,29.23776563,1
133.894198,191.6216216,115.5135135,419.5135135,17.48913886,1
131.1114983,213.6666667,125.4444444,537.8888889,19.43481905,1
127.8356974,201.3584906,116.509434,372.1320755,23.92911092,1
121.6112601,199.7446809,121.0638298,338.1276596,15.01910659,1
106.2421053,221.75,140.0,381.1666667,18.90326251,1
147.7711268,220.1111111,123.7222222,479.1666667,23.33703674,1
135.8239376,192.2328767,115.0958904,332.4246575,12.80569164,1
134.9589744,226.6734694,141.4693878,435.9591837,17.60610719,1
128.5314083,188.984,93.312,296.616,16.93249468,1
143.5287356,170.3636364,78.45454545,400.0,10.83230552,1
141.109375,164.625,68.0,242.5,6.75347133,1
140.0260304,189.8965517,89.24137931,561.3103448,23.8375896,1
132.5877301,222.3921569,133.0588235,579.2156863,19.83265243,1
121.7578947,174.0,92.66666667,217.7777778,14.05544576,1
135.6771654,199.75,105.2083333,453.3333333,16.18507328,1
119.4574037,180.7419355,93.14516129,227.7741935,12.29325382,1
124.591944,179.4166667,89.08333333,208.0833333,20.35260168,1
126.527972,178.7777778,85.11111111,359.7777778,11.08051343,1
135.0244845,190.877551,104.5510204,270.6530612,14.32993157,1
142.5657895,183.4166667,89.76388889,240.2638889,11.2986602,1
124.6110092,180.826087,93.43478261,242.6086957,9.803702433,1
130.8496504,175.3333333,83.40277778,342.2777778,21.17167847,1
133.8541667,166.4074074,78.74074074,254.3703704,14.17507618,1
119.7145576,231.8333333,153.5151515,591.0151515,25.38598722,1
123.2785445,218.26,129.68,600.22,29.89494272,1
117.6392915,215.5641026,131.2051282,504.0769231,22.19422958,1
138.5127238,202.0447761,118.5373134,445.9253731,20.08493882,1
118.5783235,198.5675676,117.0675676,429.1351351,33.42097075,1
134.0640366,183.4636364,95.59090909,236.6818182,18.0037301,1
117.650655,236.4861111,155.4583333,541.5416667,18.51182055,1
135.2842566,234.6511628,149.8372093,587.0,22.06688785,1
123.3024283,207.754386,120.6666667,436.0877193,18.28445596,1
128.0960929,199.2,118.4,403.3333333,21.40589223,1
119.6355506,200.6517857,118.8214286,312.5178571,21.87177819,1
119.5065217,224.2413793,131.5862069,592.2413793,27.41082179,1
132.279558,213.5087719,126.2105263,503.6315789,26.66693213,1
123.7522831,222.0181818,134.6727273,510.0363636,21.58721691,1
123.9972973,221.6714286,156.2428571,493.4142857,24.43919568,1
130.0105018,184.8703704,103.1666667,319.7777778,21.73225274,1
122.7978339,202.3428571,132.4857143,322.2857143,15.8353776,1
132.4047758,201.3055556,125.4074074,373.8055556,23.22029498,1
127.8071795,202.7119565,120.7228261,415.8043478,27.25897123,1
122.1594203,195.15,128.825,323.975,28.94809741,1
126.4321845,206.4229075,128.5991189,403.061674,23.36858873,1
128.3687542,211.3544974,140.6507937,411.3015873,24.84213476,1
126.739726,203.3913043,129.9043478,390.8173913,20.6357848,1
128.5811359,200.8709677,119.3225806,436.5564516,24.03356784,1
136.3594354,210.3058104,118.4220183,462.5688073,21.60957497,1
128.97306,202.625,118.7592593,427.4953704,21.30353289,1
131.5998251,209.5601852,117.2361111,566.0092593,36.4421222,1
122.6654275,218.2677165,136.5866142,498.6338583,26.64967609,1
132.4554924,198.8656716,113.8059701,323.0597015,18.65771938,1
129.2080096,188.6886792,110.6509434,327.7169811,19.00539542,1
124.5904664,197.3252033,120.6422764,398.8536585,18.67563734,1
129.3601369,207.2619048,123.9455782,464.7244898,26.64040968,1
141.5742297,199.2444444,127.3333333,364.1777778,15.21928601,1
127.2188119,190.3149606,110.1023622,383.3937008,19.66645422,1
118.1225854,217.8941176,134.2352941,443.1117647,18.37603091,1
138.6143141,213.6031746,126.1111111,421.0,18.30492542,1
134.3015015,210.6,125.6714286,436.1904762,21.03409876,1
142.867713,228.6785714,104.3928571,674.9642857,32.39953073,0
143.4972826,211.6086957,95.73913043,612.3478261,29.53009423,0
135.725,238.9166667,107.5833333,741.2708333,20.84107148,0
112.8245614,236.92,108.04,705.84,22.67065063,0
111.2075472,233.1,105.575,729.775,23.67381201,0
124.955163,226.6956522,100.5652174,686.4347826,27.8710998,0
115.849866,235.893617,107.106383,757.212766,19.60157697,0
124.9702381,218.0952381,97.42857143,595.8571429,40.7810369,0
130.7117747,169.526738,69.40106952,187.684492,8.875740842,0
113.4651163,244.2592593,107.5555556,735.5185185,34.57541805,0
130.1183575,230.2307692,104.1923077,689.3461538,16.02328188,0
120.4139073,216.3157895,104.8947368,617.3157895,29.40386467,0
127.2232143,219.4285714,100.5714286,588.8571429,17.27449459,0
128.9453125,196.0,93.0,437.0,27.33587387,0
133.359375,166.0,84.0,247.0,14.10175078,0
127.3958333,200.3333333,99.16666667,486.1666667,26.02349366,0
137.9225941,231.3333333,99.36666667,641.8666667,40.49093177,0
105.1,206.8,97.0,564.2,21.30352084,0
132.3865546,203.7333333,95.8,531.8666667,53.596849,0
107.5769231,213.3076923,90.76923077,514.1538462,45.34822531,0
127.7657658,187.0,82.35714286,310.1428571,15.44394076,0
124.0184758,170.9272727,69.07272727,217.8363636,13.33725287,0
132.2993039,203.4074074,90.0,495.4074074,36.94377146,0
153.5416667,204.0,87.0,452.0,1.699673171,0
125.7393703,169.2030457,69.41624365,206.4111675,7.412495535,0
140.8571429,175.75,79.91666667,293.0,6.015604708,0
132.5920074,164.6829268,68.68292683,177.897561,8.123651767,0
138.2404181,198.25,87.05555556,445.3888889,27.26414006,0
136.2506173,191.6862745,87.17647059,441.7647059,20.3907805,0
130.0113636,199.1818182,95.27272727,520.6363636,12.18656624,0
120.8720812,226.3870968,101.7096774,746.8064516,16.68272206,0
144.3397436,174.4,77.65,302.1,10.06727371,0
106.34375,231.8,111.8,726.4,28.66722868,0
141.3506944,224.4444444,107.1111111,668.6666667,30.06392367,0
128.1771654,206.5,94.4375,456.875,23.2244273,0
127.4793153,206.8181818,93.59090909,525.4318182,18.79482246,0
130.7665615,217.0,97.4,648.4,24.67686163,0
123.8544936,213.2727273,100.5681818,645.2727273,34.31835491,0
122.6736111,183.3333333,80.66666667,390.7777778,20.08377516,0
119.1488095,200.0,93.52380952,488.6190476,29.79453449,0
111.1507353,193.0588235,88.35294118,493.8235294,33.46619427,0
109.6388889,206.5555556,97.66666667,463.5555556,20.25942853,0
127.9185581,218.8723404,98.08510638,679.5744681,19.80539089,0
135.1840149,177.0,78.5,406.4411765,16.31186653,0
138.2338235,214.4186047,97.44186047,730.8139535,26.14274167,0
136.7595628,195.6956522,89.52173913,511.2608696,15.83325208,0
93.6875,220.8571429,99.71428571,677.0,8.729494924,0
106.355814,218.6296296,99.48148148,719.5925926,19.9242048,0
139.2340426,211.0,99.77777778,588.6666667,18.66732803,0
183.28125,204.0,96.5,475.5,1.0,0
113.9808362,188.7222222,82.08333333,456.0,16.62578319,0
98.41964286,210.2857143,97.57142857,628.0,17.77983265,0
149.3125,206.6666667,94.83333333,607.6666667,27.37344618,0
125.5691244,222.7073171,101.4390244,775.1341463,21.64280974,0
111.4446855,206.5862069,94.34482759,631.7931034,25.2008814,0
109.2083333,220.0,95.08333333,757.4166667,19.72871568,0
139.4977477,201.2142857,88.07142857,568.2142857,22.3228571,0
130.8579387,201.7777778,88.06666667,471.8444444,16.21850795,0
141.5763889,213.0,90.77777778,721.7777778,40.47221269,0
106.2894737,197.5,86.5,541.5,27.57854943,0
133.6122112,178.5,73.81578947,347.2894737,18.83653622,0
140.3920455,204.0,96.0,583.0,21.8594307,0
134.625,216.9285714,98.71428571,714.7142857,12.61356575,0
142.6818182,210.2777778,93.94444444,628.3333333,25.65848836,0
139.6590909,211.5454545,91.36363636,679.8181818,13.61452797,0
140.75,213.6842105,95.21052632,756.3684211,10.72755016,0
138.65,203.2,88.0,641.2,39.85272889,0
143.2410714,186.7142857,82.85714286,467.5714286,27.10222523,0
130.5917085,192.78,85.4,540.5,24.07944352,0
117.6017442,220.9545455,103.1363636,673.1818182,10.24977323,0
112.6610879,212.4,94.6,773.6,24.33890347,0
122.0626866,213.2857143,95.14285714,557.0,22.67906824,0
124.7518519,229.6470588,109.2352941,806.1764706,6.494607825,0
122.1881533,200.3333333,90.0,631.0,22.21499883,0
136.5430464,200.5789474,85.10526316,450.7368421,16.12142292,0
123.2923497,205.6956522,91.17391304,481.0869565,17.80401603,0
100.3607595,230.2,105.8,821.6,17.05901521,0
113.2763158,195.0,84.54166667,467.4166667,27.2758542,0
127.6761364,221.4545455,103.0909091,768.4545455,28.98988139,0
92.7625,206.4,98.0,717.2,26.2297541,0
119.0585106,227.7288136,106.5084746,744.3728814,19.15983062,0
94.875,223.25,102.25,753.5,13.16007219,0
111.3,199.7,88.9,612.6,23.33688068,0
159.8671875,196.375,87.625,469.0,17.33313301,0
162.1,221.0,99.0,612.0,11.75755077,0
143.0,210.8421053,99.63157895,717.8947368,37.09880496,0
132.8737864,198.9230769,96.15384615,549.5384615,26.32388166,0
148.6531532,192.9285714,89.71428571,528.8571429,17.55298102,0
124.5421995,214.1836735,101.122449,575.7755102,20.19812322,0
121.1291391,220.4210526,107.7894737,767.0,23.22306917,0
121.1818182,203.1818182,93.63636364,592.4545455,45.61553309,0
137.7176871,201.2972973,92.75675676,484.972973,20.54676293,0
126.640625,221.75,101.25,591.0833333,12.26671196,0
128.5195313,192.625,86.3125,589.25,18.73822547,0
116.9835575,224.5,102.1904762,663.2380952,20.16014399,0
135.9144144,212.5714286,97.71428571,677.8571429,27.05134951,0
116.9403974,201.1578947,88.31578947,639.0526316,13.9050998,0
119.4849315,199.6521739,85.0,545.2608696,47.95784223,0
111.9810606,202.1764706,92.14705882,680.1176471,10.81045406,0
118.0435435,205.547619,93.16666667,625.6666667,36.93756607,0
130.6770992,174.9879518,75.26506024,312.7349398,12.14178109,0
131.5011655,200.8888889,83.22222222,631.4814815,28.36142398,0
117.6945876,197.9387755,88.02040816,604.8571429,17.20920107,0
117.4052045,183.0,76.82352941,399.4117647,21.05177749,0
130.2861771,193.7586207,83.62068966,522.5344828,28.64820032,0
149.5546875,201.0,94.5,629.5,25.78001891,0
133.2335244,181.3636364,75.81818182,390.75,12.34683015,0
110.2881944,199.2777778,82.22222222,622.0555556,34.91616945,0
136.4488189,204.4375,94.0,665.71875,23.84708774,0
120.5,195.125,84.1875,558.75,39.47145923,0
136.5945946,183.1904762,78.71428571,444.8571429,13.19296865,0
133.2382022,194.0357143,83.21428571,554.0714286,19.81148399,0
130.2468856,183.1964286,79.48214286,440.2678571,13.26110191,0
140.984252,186.5,86.5,476.0,23.00509454,0
125.5213675,202.9189189,88.21621622,575.3243243,21.08218985,0
112.0277778,211.0434783,92.2173913,634.4347826,23.23529679,0
118.9045802,196.5454545,81.60606061,516.4242424,26.56053259,0
119.5429553,195.3090909,87.36363636,519.3454545,21.70737012,0
130.511811,205.0,86.0,641.0,10.68804823,0
136.3244207,190.5070423,80.77464789,439.2816901,15.01256499,0
127.3075435,178.0615385,72.96923077,352.4307692,22.08437826,0
141.5546875,195.4375,86.0,492.5625,25.68552304,0
147.547619,187.75,88.25,561.5,8.150920193,0
117.44,194.537037,87.16666667,448.962963,9.484537268,0
126.9343284,194.952381,90.61904762,493.2380952,24.07000373,0
99.85416667,189.2222222,89.0,521.6666667,18.29659619,0
120.3117569,190.4375,83.0625,431.9791667,17.11460552,0
140.255814,181.8947368,75.31578947,410.2105263,16.0794642,0
142.8107639,187.3611111,80.16666667,442.9444444,16.44481982,0
148.9125,181.0,78.2,451.4,18.65502613,0
113.1875,184.8,74.6,383.7,24.97678923,0
137.1493506,186.4137931,80.10344828,392.6206897,17.10796659,0
108.1392405,181.0,86.4,453.8,27.72814455,0
137.1145833,187.75,74.91666667,493.0833333,15.95740859,0
133.4284116,190.5714286,87.375,586.0535714,21.82698082,0
100.3229167,185.6666667,77.0,527.0,19.9951383,0
146.2720588,187.2941176,81.35294118,547.4117647,14.98996204,0
133.4799567,196.862069,85.29310345,580.0862069,15.10015119,0
118.5539033,195.5294118,85.70588235,505.1176471,36.01672045,0
147.2183099,183.6666667,84.66666667,420.2222222,13.11299422,0
95.53125,197.1,87.7,565.1,18.05574701,0
125.3180516,182.8636364,76.68181818,449.7272727,14.31702737,0
113.9437229,193.3448276,86.48275862,596.3103448,17.27947515,0
116.4702886,194.8648649,88.94594595,599.4324324,24.10635068,0
134.4732143,195.7857143,85.35714286,526.2857143,26.2663943,0
139.8955696,191.7,78.4,456.3,12.66678728,0
128.8208778,177.9259259,71.07407407,296.0555556,12.15328482,0
120.3121019,189.2,82.2,418.1,34.49768108,0
119.8853047,184.4571429,81.51428571,468.5428571,35.33358234,0
113.0469108,253.0363636,118.5454545,794.9272727,27.20980621,0
140.2850746,253.7142857,117.1904762,777.6666667,23.21452991,0
117.3192982,257.0277778,121.7777778,756.3611111,18.72527176,0
109.487069,246.2758621,122.3448276,824.1724138,21.57893455,0
115.2065359,251.7291667,120.5,763.1666667,15.32693481,0
116.0143646,254.0,124.8947368,813.4385965,10.78817565,0
138.2986217,256.4878049,123.3902439,805.902439,18.94464211,0
141.5546875,252.0,115.75,696.25,21.98721219,0
127.2665331,245.4285714,114.7460317,786.9365079,19.6867891,0
133.140678,228.2702703,103.6486486,632.7567568,31.10013517,0
118.0975,251.68,120.48,766.2,31.53426073,0
109.46875,216.5,104.0,611.0,18.22010489,0
135.0352941,194.7291667,82.97916667,414.8541667,17.75449865,0
124.2291667,210.3333333,110.6666667,457.0,17.21110752,0
135.2089552,202.6181818,94.70909091,388.0181818,27.49272481,0
126.7185185,215.4117647,102.8235294,610.0588235,38.79580115,0
117.8710692,198.7,82.0,433.8,18.35286081,0
148.046875,196.75,94.125,481.0,18.38976872,0
125.8306748,216.3921569,100.5490196,532.1372549,22.46162091,0
134.236631,209.2978723,93.38297872,580.5319149,28.83596542,0
111.8743456,193.6666667,93.5,484.8333333,28.30623704,0
112.45,246.2,114.0,699.6,25.8951733,0
149.75,245.0,113.5,685.5,27.5,0
118.09375,200.0,95.5,518.0,22.0,0
122.82287,237.8571429,111.8928571,615.7142857,17.33993856,0
140.6666667,208.7142857,98.14285714,484.4285714,15.3994434,0
137.1984127,215.625,99.125,464.625,24.02049906,0
112.7566667,184.0,79.36842105,375.4210526,26.51566202,0
112.125,209.44,93.4,637.08,31.03943298,0
109.375,202.0,82.0,302.0,16.49810595,0
127.6412722,225.3647059,100.7529412,669.6352941,25.89412566,0
137.1002155,212.8448276,95.87931034,600.5862069,29.68963515,0
132.865598,196.9223301,84.87378641,388.7475728,14.85275072,0
108.5454545,214.3636364,91.63636364,589.0909091,13.66784245,0
97.38297872,228.3888889,103.6111111,674.0,7.397864223,0
122.8066667,207.9736842,90.0,421.4210526,17.3656497,0
142.702381,221.1818182,93.0,538.3636364,11.57797853,0
133.1937173,220.3333333,97.0,587.3333333,12.31163632,0
106.7882883,226.7142857,103.1428571,674.5,26.87736701,0
110.664557,197.5,86.5,459.0,15.9940614,0
119.362069,223.0689655,100.2068966,569.5172414,25.07164526,0
143.9327354,215.8928571,93.46428571,645.6785714,31.59679007,0
156.0833333,228.0,103.0,725.0,24.82885866,0
136.09,221.3157895,98.47368421,507.0526316,13.46134303,0
113.4076336,223.4634146,97.43902439,716.1707317,24.92014611,0
124.1114286,222.4772727,96.77272727,495.9772727,18.40836138,0
108.9928571,232.6666667,109.2222222,763.1111111,16.18383968,0
139.43125,216.5,96.5,724.5,11.83258214,0
127.4290739,189.6111111,81.42592593,318.9814815,18.32431503,0
109.4970238,223.5714286,101.952381,645.5714286,18.03511314,0
141.2041667,220.0,101.6,643.6666667,37.41799923,0
147.5481728,188.7894737,82.73684211,302.6842105,11.62741054,0
116.6030473,226.7307692,103.3205128,677.6410256,20.67178787,0
114.6721854,194.1578947,87.63157895,338.4210526,15.18856546,0
140.2632576,233.6969697,105.1818182,717.0909091,33.2643087,0
99.2721519,234.6,96.8,676.0,23.55100847,0
130.229798,192.52,88.2,367.48,13.0490766,0
126.53125,193.05,87.35,422.1,17.32130191,0
129.1867572,224.0405405,101.8243243,591.9594595,16.80109652,0
121.0208333,230.8666667,104.2666667,605.7,21.81969039,0
96.57894737,249.1578947,111.2631579,763.8421053,20.50930469,0
116.6321429,243.2571429,111.0571429,705.1714286,23.63021241,0
116.4296875,226.125,106.0,640.725,27.10303258,0
132.1189358,201.875,90.825,385.175,23.07157342,0
120.2744186,247.1029412,117.0147059,823.9852941,27.25881972,0
119.8019324,229.5384615,104.3846154,655.0769231,36.68426375,0
113.0833333,215.2222222,96.22222222,552.2777778,25.29285265,0
137.9251969,236.6875,106.5,754.75,34.56492984,0
139.8263889,238.5555556,109.1111111,762.3333333,45.29110233,0
135.129199,207.5068493,95.87671233,414.369863,17.4990979,0
147.454023,202.6363636,96.40909091,549.7727273,19.93030211,0
132.5321637,219.1627907,101.6976744,682.5116279,24.20772731,0
139.7401575,217.625,103.5,640.0,33.56127791,0
124.538206,191.4210526,79.36842105,299.5263158,12.29147397,0
110.6020942,207.4583333,93.16666667,456.125,14.41425799,0
134.4944238,203.8235294,92.02941176,564.6176471,19.22829968,0
156.4375,237.8571429,112.7142857,828.1428571,19.55734634,0
97.82051282,222.2,97.4,668.8,19.46689498,0
140.5243056,224.8333333,97.66666667,624.1111111,28.37790612,0
132.2569444,233.0,106.6666667,616.3333333,17.85123712,0
146.9166667,251.3333333,113.2,770.9333333,31.87726463,0
136.8450704,224.1111111,106.4444444,651.2222222,22.0151463,0
141.2089552,189.8235294,81.64705882,279.3529412,13.41099069,0
143.4301471,222.1176471,95.17647059,498.7647059,14.9710216,0
116.2427419,206.1282051,93.30769231,450.6282051,17.33183501,0
158.678733,208.2857143,94.5,438.0714286,8.362025436,0
127.65625,203.1,88.5,420.5,39.22613924,0
134.90625,221.4,100.0,613.8,14.39305388,0
103.1796875,215.25,98.25,566.25,28.31270695,0
119.3423423,227.5714286,106.7142857,717.8571429,28.6049803,0
138.8102894,222.4871795,100.0,581.2820513,34.0735369,0
114.9902344,213.78125,91.40625,587.6875,31.78344695,0
137.5505124,203.5116279,86.11627907,431.9767442,19.06687443,0
134.9196429,206.1428571,89.0952381,480.4285714,12.69277653,0
113.6730769,205.3076923,95.69230769,550.0769231,22.10277232,0
100.2375,214.6,100.4,603.8,11.6258333,0
116.589372,219.5384615,90.46153846,559.3461538,20.47454763,0
126.828125,232.75,101.25,636.75,19.70247446,0
106.9429348,252.4782609,114.0869565,792.2608696,14.37573044,0
125.4906284,255.3157895,118.7017544,814.7192982,21.5536437,0
140.5397727,243.6363636,105.5454545,749.8181818,37.55986956,0
112.1015625,236.5,103.0,742.5,17.05952355,0
143.20625,207.2,87.4,413.4,15.28692252,0
128.5853018,201.6041667,94.66666667,454.6458333,20.63758034,0
117.2566225,242.8684211,112.5263158,798.5,11.03673669,0
123.3444444,208.2352941,92.35294118,474.7647059,39.02150946,0
155.0625,220.0,98.0,555.0,10.49867717,0
113.5913462,216.1538462,90.0,474.5384615,27.01325557,0
113.8161765,218.2352941,103.2941176,655.0588235,16.89741079,0
126.1192469,231.5333333,110.9,735.0666667,15.51071314,0
138.8807107,209.56,89.96,526.44,29.72810118,0
137.6373874,192.75,85.46428571,426.2142857,15.25978274,0
115.0240385,226.4230769,101.3846154,709.6153846,27.13509922,0
148.9625,220.6,99.8,663.2,18.11077028,0
132.8014706,203.0,85.76923077,451.7307692,10.24817779,0
120.5166667,217.5333333,104.0666667,463.6,12.35475617,0
139.2215447,196.5806452,83.5483871,444.4193548,17.28502567,0
115.0640394,214.7843137,98.92156863,662.2352941,33.23386543,0
129.2887029,217.8666667,106.6,585.4,16.91337406,0
121.9414063,207.0625,96.8125,637.75,18.75322889,0
114.5849923,229.3414634,104.0487805,683.3658537,27.29049229,0
140.6142857,210.5,92.59090909,564.5,30.27671964,0
138.664557,210.0,99.0,657.0,42.2037913,0
134.6672794,225.4705882,100.2941176,654.4705882,29.77215961,0
118.0625,195.4,85.8,489.0,15.55120574,0
160.0625,237.6666667,107.0,771.3333333,18.66071334,0
88.99107143,218.4285714,103.2857143,617.0,9.007933012,0
132.7053571,214.8571429,99.35714286,581.5,31.91154867,0
131.3761755,222.35,102.8,621.75,41.41968131,0
112.5728643,217.28,103.08,651.0,29.19051901,0
121.0368421,215.9583333,101.25,617.625,23.55888014,0
129.471875,206.0,93.55,570.05,24.91405226,0
111.9958159,229.4,100.8,632.0666667,18.58553799,0
129.1319444,231.2222222,104.0,552.5555556,7.959775417,0
136.3263889,218.5555556,99.11111111,712.7777778,16.99091987,0
132.1958225,246.875,110.875,804.875,20.5723655,0
135.5192982,200.4444444,90.80555556,515.8888889,12.66142679,0
122.9113924,203.0,91.0,517.0,26.06990602,0
113.0881356,236.0,100.7894737,726.4210526,17.15660312,0
140.36,219.3636364,99.45454545,615.9545455,33.72506731,0
118.4347826,213.3793103,99.27586207,641.7241379,28.06316131,0
132.553719,208.7391304,94.30434783,583.3913043,20.60438407,0
156.5868056,250.0,117.5,811.7777778,9.249624617,0
126.8678679,218.2380952,102.0,663.5714286,32.20618101,0
99.45833333,245.2222222,117.7777778,788.3333333,6.707283677,0
156.2911392,215.5,97.9,619.6,12.83588719,0
131.71875,219.5,96.25,653.25,30.85573511,0
138.8068182,202.0,86.54545455,447.0,27.21588774,0
117.0292683,194.4615385,82.76923077,441.2307692,46.74948976,0
105.671875,229.1666667,104.8333333,791.0,21.29293049,0
133.8514286,236.4090909,107.6818182,796.2272727,28.97163047,0
133.446875,210.95,90.3,559.45,31.37112526,0
109.4568421,209.1,94.5,562.6666667,25.52219078,0
140.9044586,195.3,85.7,498.0,12.92468568,0
130.9791667,220.9166667,99.08333333,649.25,16.69497596,0
123.8257191,218.2972973,99.83783784,650.7837838,24.95527043,0
138.95625,209.6,96.2,508.4,11.68588893,0
130.6910828,237.1355932,112.2372881,786.4067797,23.91999256,0
105.6448864,242.8181818,112.1818182,762.0,35.86199443,0
137.0923077,205.8867925,90.79245283,562.2264151,24.13090265,0
111.9645669,199.8125,90.875,520.5625,29.57029496,0
138.9542857,211.2727273,91.36363636,549.6363636,24.55353402,0
141.5625,214.25,101.1,717.3,36.64188177,0
109.5848375,234.7714286,110.6285714,819.6857143,19.55768026,0
113.5537634,234.3571429,103.5857143,723.4571429,30.28136424,0
110.5631579,235.5,101.3333333,774.3333333,16.69747153,0
126.2341969,239.0,106.704918,778.7540984,20.08371354,0
141.5590551,201.0,86.0,467.5,27.80034847,0
138.1434599,186.8,83.8,351.0,15.88794092,0
141.3803922,211.875,96.25,621.9375,15.77961006,0
124.6640625,222.9166667,102.0833333,764.5833333,29.60703276,0
143.6142241,240.6206897,105.6551724,742.0344828,43.26210799,0
101.7,227.0,105.0,697.0,38.58186102,0
122.0451128,217.96,100.2,617.28,19.17973931,0
111.0244565,238.9130435,108.6956522,777.6956522,21.19314366,0
144.1614583,187.6666667,88.83333333,422.75,16.6906078,0
147.1262136,239.8461538,104.8846154,804.4230769,24.183715,0
135.3473054,193.047619,91.33333333,459.0,17.74319198,0
122.0505443,246.382716,113.9382716,851.4074074,23.53763845,0
125.6875,232.6363636,104.5454545,700.7272727,15.13138056,0
142.7083333,235.4814815,106.2592593,702.5555556,28.7157203,0
141.5360231,217.2727273,98.13636364,572.1818182,7.965836143,0
137.0916667,229.6666667,106.3333333,724.3333333,29.47511191,0
114.1653543,235.25,105.125,747.375,34.61930233,0
138.4565217,218.4782609,97.17391304,666.2608696,27.87366856,0
115.7314356,235.3333333,107.9215686,728.3333333,27.26555018,0
123.9015625,225.0,100.7,594.65,25.82203516,0
108.9627907,231.8148148,107.4444444,713.4444444,21.90383021,0
117.8177419,235.3589744,111.2820513,873.2564103,21.86306075,0
121.3020833,225.5,102.1666667,773.3333333,32.30411051,0
124.3458746,223.0842105,100.0105263,665.1052632,25.58370326,0
132.0211268,221.4444444,103.0,764.0,24.11751067,0
122.9924433,244.08,111.32,732.4,20.35186478,0
142.2291667,238.1666667,113.1666667,917.5,12.53550513,0
134.298913,214.1304348,95.95652174,629.5652174,31.05815023,0
124.9606299,204.0,97.5,498.0,13.05696653,0
89.0875,230.0,99.8,739.2,10.24499878,0
128.0239044,243.0,112.25,827.5,14.85713213,0
133.0538117,216.2857143,102.5714286,537.1428571,20.77982243,0
127.4831933,242.4,110.2666667,785.1333333,25.69011916,0
152.6527778,231.2222222,111.0,778.8888889,22.19832048,0
123.0676329,233.8846154,111.3461538,789.6538462,23.73908968,0
145.6153846,243.6153846,115.9230769,816.4615385,29.4604338,0
114.5121951,229.2777778,107.3333333,743.1666667,25.43085518,0
153.4921875,208.75,91.0,501.75,15.79111696,0
141.9107143,232.0,100.4285714,679.1428571,39.1788156,0
148.8958333,229.0,106.0,751.0,30.09798812,0
138.8090909,237.1428571,108.2857143,737.8571429,34.88230942,0
143.0096154,216.3076923,106.9230769,537.0769231,27.25097034,0
150.5357143,223.1428571,101.2857143,655.4285714,27.77680724,0
115.5267857,211.0,91.0,465.0,37.74890186,0
119.296875,229.1666667,108.0833333,660.25,34.22312409,0
137.7890625,218.0,93.25,543.75,13.10534242,0
126.9895833,214.4,98.56666667,563.1,31.16942947,0
144.9553571,216.8571429,99.57142857,622.1428571,24.67058481,0
124.335958,235.6666667,115.125,642.125,26.93665409,0
113.9711538,231.1153846,104.7692308,670.8846154,32.24334251,0
130.5982143,217.0285714,91.31428571,560.6571429,24.12416859,0
109.8041667,226.3333333,102.4666667,662.3333333,17.11451626,0
145.46875,219.2,105.8,695.8,15.18025033,0
136.2387387,224.5714286,100.8571429,664.1428571,22.71203942,0
165.1971831,218.1111111,98.0,655.8888889,22.42022896,0
157.859375,215.5,91.75,571.75,15.2048512,0
116.3108696,210.137931,89.79310345,574.2413793,22.33545994,0
94.125,247.0,123.0,865.0,14.15391583,0
145.1779661,218.4666667,102.4,571.5333333,27.51678276,0
71.71875,209.0,97.0,565.0,7.0,0
112.6911942,225.9615385,102.4230769,666.6730769,34.04654402,0
108.59375,232.9,99.5,671.2,30.45061576,0
131.8386243,227.6421053,104.5052632,655.7473684,23.55369889,0
142.3402778,212.0,86.66666667,552.8888889,30.73025814,0
139.8558559,217.8571429,90.85714286,569.8571429,31.9981664,0
110.2152778,220.1666667,105.5,671.6666667,18.26823459,0
148.625,221.0,98.14285714,663.2857143,30.34764557,0
105.872549,220.7692308,101.7692308,686.5384615,27.06293345,0
137.45,228.2,105.9,659.4,20.59611614,0
117.4779412,212.4117647,104.4705882,611.1176471,34.97977666,0
131.0538117,244.4285714,117.8571429,767.7857143,13.03527397,0
137.2830189,239.0,117.0,709.1,37.15763717,0
134.6174699,211.5714286,94.19047619,626.0952381,19.41993272,0
119.1308901,232.5833333,110.3333333,675.1666667,26.56896163,0
127.5622172,229.0630631,101.1531532,764.1261261,28.52965542,0
120.7116337,247.3921569,111.3333333,851.3137255,16.89952669,0
129.4586667,215.8085106,97.46808511,589.8297872,24.58957811,0
129.4251825,184.7211538,81.22115385,373.3076923,19.06151479,0
140.2957746,184.037037,75.92592593,291.962963,9.052658023,0
142.4954128,210.4285714,93.28571429,543.1428571,24.31259017,0
140.4090909,225.6666667,109.1111111,690.1111111,29.51438235,0
138.9635417,207.2916667,90.625,472.25,21.20006388,0
138.9006116,208.2926829,93.82926829,503.3658537,23.39847003,0
131.1425577,195.1,88.36666667,461.4,24.22186799,0
114.9010417,212.1666667,102.5,560.6666667,27.21353319,0
120.8015075,216.4,98.36,613.92,31.75657412,0
129.1302083,221.9444444,99.94444444,651.6111111,22.77235708,0
113.2598684,217.6315789,96.92105263,562.0263158,24.95758174,0
149.8229167,223.4166667,102.1666667,610.4166667,21.975365,0
105.8125,198.0,83.0,413.0,12.21818115,0
126.9815838,201.6470588,89.38235294,487.2352941,19.78788906,0
138.3840909,206.1785714,98.64285714,527.8214286,18.54541447,0
126.6766667,202.7368421,89.31578947,495.0,22.79901344,0
126.6753247,230.7241379,104.4655172,720.0862069,18.33316488,0
142.1073298,207.625,91.54166667,510.8333333,17.50233119,0
120.8983891,205.372549,97.66666667,533.2745098,16.16583132,0
122.9882353,206.4186047,91.79069767,590.7906977,25.47145509,0
105.365,211.36,95.8,620.32,20.35658125,0
114.117801,211.75,96.45833333,557.5,21.46638199,0
143.6415771,206.8,92.17142857,528.9428571,25.76487088,0
133.8285714,202.9090909,95.90909091,508.5454545,15.47325071,0
167.9125,213.0,88.0,639.0,8.109253973,0
129.1225962,215.7692308,94.84615385,657.5384615,17.44869911,0
124.1023622,208.8125,92.0625,587.1875,17.43201078,0
124.888014,232.2361111,107.1388889,721.3333333,21.60117863,0
135.6875,208.4285714,92.85714286,584.1428571,15.21143501,0
131.1154709,202.8035714,87.66071429,514.2321429,25.9230366,0
133.3368421,215.9166667,97.25,690.8333333,18.1880608,0
116.0142045,214.0909091,93.18181818,666.4545455,28.68984904,0
181.375,198.6666667,88.66666667,491.6666667,2.624669291,0
135.7426471,226.7647059,104.7058824,754.6764706,20.04434962,0
119.9166667,230.5,102.0,774.8571429,17.64878443,0
151.3828125,198.75,83.0,499.5,18.20542502,0
167.0,230.0,109.5,753.5,9.283722314,0
138.9857955,220.5,93.13636364,627.0909091,38.38635691,0
140.1208333,200.8666667,87.7,539.6666667,31.1573783,0
133.1561618,211.7313433,96.62686567,609.8208955,23.81760348,0
100.7912621,236.0,98.53846154,726.8461538,21.34140626,0
145.6029412,223.8235294,98.52941176,660.5882353,42.48337758,0
117.4739583,247.8333333,117.3333333,844.8333333,17.65860665,0
129.8191721,229.4482759,104.3448276,691.8965517,21.74224751,0
138.1145833,212.0,94.83333333,552.8333333,37.22930074,0
116.36,218.2631579,97.36842105,597.6315789,28.64898852,0
150.6625,241.2,104.0,752.5,29.22755549,0
140.9761905,222.0,90.0,509.0,31.61091584,0
138.3888889,214.3333333,91.11111111,606.3333333,38.68039348,0
152.9125,234.6,100.8,821.2,34.40116277,0
117.1875,213.5833333,92.58333333,519.1666667,33.19094589,0
112.8138075,251.7333333,110.8333333,806.0,32.57783841,0
112.2857143,209.4666667,85.73333333,481.8,32.99670017,0
139.0144231,198.9230769,79.23076923,344.3846154,24.72044886,0
137.7698864,242.6363636,119.4090909,917.2727273,11.13339478,0
123.518664,259.0,122.421875,936.25,16.76255942,0
119.2792485,239.3378378,107.7162162,727.1891892,17.32928314,0
120.9013699,212.826087,100.6086957,584.3478261,33.80819914,0
150.8806818,210.3636364,92.81818182,625.3636364,14.94120709,0
102.6953125,209.0,83.375,453.75,36.5718471,0
138.8074074,211.7647059,87.82352941,428.4117647,23.91102307,0
113.8541667,221.3333333,97.66666667,504.3333333,7.874007874,0
117.6022727,213.6363636,90.0,618.0,27.02187666,0
146.3920455,232.5454545,99.27272727,639.6363636,21.96014421,0
130.5846354,223.9375,99.10416667,665.8958333,28.11156315,0
134.326087,203.5652174,88.60869565,491.173913,23.47230198,0
136.4583333,213.25,92.5,501.0,26.97053433,0
133.1497585,218.9615385,96.88461538,668.2307692,20.42753102,0
132.04375,191.7,95.9,543.4,23.20430994,0
160.1521739,275.0,132.0,980.0,12.49888884,0
141.3562874,205.8571429,91.85714286,471.8571429,15.52658462,0
136.40625,202.0,89.0,549.0,42.24192426,0
129.4738676,204.2222222,82.66666667,449.4444444,29.3470086,0
141.1407407,204.3529412,82.41176471,425.1176471,18.00980125,0
121.2552083,258.5,121.75,839.75,31.36733527,0
135.69375,257.2,115.9333333,822.0333333,42.98402804,0
138.3670886,206.8,85.8,372.6,20.05561019,0
119.8125,218.0,93.33333333,491.3333333,38.09737159,0
146.4875,244.1,110.0,760.1,27.94637722,0
125.1496063,233.5,120.5,852.0,29.8652573,0
110.053125,272.4,126.3,981.6,9.262154177,0
137.2784091,199.3636364,86.63636364,413.9090909,15.42349823,0
124.7068063,218.0,102.5,783.0,9.42956344,0
143.4194757,189.8235294,81.76470588,430.2941176,9.455413491,0
131.5201794,192.7142857,75.42857143,393.0,27.04418154,0
121.384,247.0,107.75,930.0,25.28092166,0
111.7820513,243.95,108.2,753.75,22.93136498,0
117.6423611,221.7777778,107.3888889,653.3333333,32.95619989,0
107.3625,210.2,95.4,512.2,26.45297715,0
115.4470377,225.4857143,99.22857143,709.7428571,28.95152881,0
94.5875,195.2,82.6,457.4,23.49127498,0
115.2842105,228.75,104.375,798.75,14.5085583,0
116.2916667,222.0,89.0,509.0,25.74662869,0
111.0695364,225.1578947,103.0,618.8421053,36.92306893,0
126.7555556,201.6470588,92.58823529,494.4705882,23.83739611,0
136.5666667,203.4666667,92.66666667,476.4,21.96866455,0
126.5089286,223.7857143,102.4285714,597.9285714,29.39917047,0
125.6755319,216.3829787,99.17021277,644.0851064,24.31316358,0
138.1827731,243.1,107.3666667,799.8333333,24.73694942,0
134.0125,208.8,85.4,465.2,17.45393938,0
127.6522843,229.16,101.12,677.08,19.67113622,0
111.609375,237.5,121.0,757.5,23.39571275,0
122.7936508,263.25,125.0,862.25,25.00054687,0
128.5673469,273.6129032,123.483871,1005.516129,14.6214815,0
127.4916667,222.0666667,101.7333333,604.6666667,19.43353345,0
145.7395833,215.3333333,98.66666667,559.3333333,17.56891194,0
126.9966102,216.8108108,99.54054054,692.4324324,27.66184198,0
130.4925373,187.5882353,77.29411765,455.5294118,24.7506597,0
128.0627803,203.6785714,82.75,548.1071429,30.20446902,0
137.409375,222.85,100.95,548.15,40.44437538,0
119.5255814,211.8888889,92.22222222,537.5185185,31.80487492,0
142.5446429,213.9285714,98.57142857,628.1428571,35.22261565,0
118.9705882,244.0,113.6530612,858.2244898,29.1652575,0
119.6322581,273.8305085,124.3050847,935.5762712,20.44816739,0
130.1090573,239.6176471,112.0882353,818.0588235,14.19915198,0
146.83125,241.8,113.4,675.3,39.78944584,0
133.0833333,243.8095238,113.8095238,669.3333333,22.67436844,0
140.7125,198.2,83.2,337.7333333,14.87219628,0
126.125,201.5882353,88.47058824,463.8823529,17.68505713,0
134.3875,208.7,92.6,557.45,26.02306669,0
126.6538462,243.0769231,106.1538462,665.6153846,26.19318309,0
128.1356643,214.7111111,94.26666667,535.2,15.88741252,0
144.8638211,207.2580645,95.29032258,520.1935484,14.38499912,0
155.525,220.4,102.8,734.2,18.28660712,0
120.1691919,227.88,108.36,744.92,27.29377951,0
103.6640625,229.5,112.75,797.5,15.96871942,0
125.6008969,218.1428571,98.92857143,672.3571429,27.82791507,0
141.6116071,232.0,111.4285714,838.2857143,32.7370476,0
154.5322581,230.0,101.0,673.0,22.77608395,0
113.1,248.6,110.2,669.6,19.66316353,0
125.0627615,225.6333333,98.53333333,647.8666667,28.3191337,0
145.05625,252.8,115.8,801.4,14.54819576,0
131.2890625,240.7083333,109.9166667,786.5416667,14.69687939,0
132.875,242.0,104.0,675.0,45.5,0
143.6778846,202.3846154,87.38461538,435.5384615,16.53040949,0
120.4703947,254.0526316,116.7368421,766.2631579,33.12387561,0
142.7697368,234.3157895,97.73684211,569.8421053,31.86658476,0
116.6517857,248.4285714,109.5714286,799.7142857,29.23235557,0
128.68125,258.8,118.2,838.6,17.60681686,0
126.5185185,218.7692308,96.84615385,607.3589744,24.21463308,0
120.1850394,241.0,113.75,828.75,32.26398679,0
130.5481481,227.9705882,102.7941176,763.0,27.45050595,0
106.5078125,221.0,96.0,689.5,25.05868113,0
128.328125,202.15,85.5,442.2,38.43940036,0
115.8144654,246.15,110.5,804.55,17.32765131,0
117.3684211,268.3333333,129.5,950.6666667,6.328945849,0
94.93589744,208.0,93.4,526.2,23.44696142,0
102.1666667,218.7777778,91.66666667,527.6666667,21.20854708,0
116.0111111,234.7058824,106.3529412,788.1176471,20.01314447,0
106.6,230.1,107.0,679.1,15.27907065,0
138.595057,247.6060606,112.5151515,730.8181818,29.93936327,0
143.1653543,226.25,94.75,611.25,28.90258423,0
123.4362745,219.1538462,97.76923077,594.0,26.89867026,0
137.8863636,216.6363636,95.0,587.4545455,24.04472417,0
134.9217877,196.5777778,79.77777778,338.5333333,18.27882807,0
120.0884774,246.6885246,113.8032787,788.7540984,22.17242053,0
109.925,216.4,88.4,506.6,25.70136183,0
128.2536349,217.8205128,96.35897436,582.2820513,28.99085076,0
119.8274648,257.0,120.7222222,865.2777778,21.59532414,0
124.9815498,244.1764706,117.2058824,802.8235294,24.21245712,0
144.4461078,229.6666667,112.0,729.4761905,29.93106214,0
111.6257862,228.9,113.4,743.9,18.80498604,0
103.5972222,260.4444444,117.8888889,887.2222222,13.8198283,0
119.20625,259.7,120.4,861.8,36.230512,0
122.6180344,255.016129,115.516129,809.6774194,19.29399037,0
131.4047619,206.9655172,79.31034483,413.8965517,22.26566437,0
124.943662,210.2361111,91.80555556,515.0694444,24.19930347,0
126.6564626,238.0540541,113.1081081,738.7837838,22.2584264,0
137.4744318,262.6363636,122.8636364,920.5,11.52189794,0
103.5375,263.4,122.8,894.6,16.69850293,0
138.1641791,230.6190476,103.1904762,662.6190476,35.33667036,0
135.225,217.0,94.75,636.0,22.55498836,0
126.0952381,240.0,111.4761905,738.6666667,23.87894641,0
111.3060498,268.0,125.0,887.0,20.42276931,0
125.4166667,233.7777778,104.6666667,682.1111111,24.07396011,0
94.6796875,246.875,109.125,766.625,25.54897258,0
137.1041667,249.1111111,110.4444444,788.1111111,35.04846732,0
112.1696429,230.7142857,105.8571429,650.5714286,40.69347839,0
148.8169014,228.1111111,105.2222222,632.2222222,25.69478979,0
119.5196078,222.6875,103.84375,653.03125,24.3438904,0
115.6963351,227.6666667,100.6666667,694.1666667,15.29773948,0
131.3070866,236.5,111.0,702.0,42.08547849,0
133.5416667,208.7333333,90.2,474.4666667,25.79095449,0
135.78125,242.0,110.0,761.0,22.28473412,0
162.046875,248.0,115.0,814.0,24.813051,0
146.0454545,261.0,115.0,789.0,25.77813796,0
149.8543689,202.8461538,92.46153846,449.6923077,14.66550112,0
135.1797005,193.3421053,80.39473684,403.8947368,18.57054007,0
100.9375,250.0,120.0,800.0,17.45116643,0
93.5,253.75,123.375,817.875,16.53027525,0
116.4005236,235.7291667,108.6875,729.9583333,33.73484742,0
138.9651972,206.5925926,89.33333333,468.1851852,18.40558155,0
117.0990338,202.4615385,91.30769231,541.4615385,36.90169653,0
156.2421875,240.0,110.5,726.0,29.62658224,0
122.1573427,246.0,114.4444444,746.6111111,22.22673565,0
110.4252874,231.8181818,107.6363636,694.9090909,10.63675213,0
117.0033003,214.3421053,94.52631579,560.2105263,24.34648609,0
129.0892857,235.1428571,106.5714286,595.0,13.18781132,0
129.1640625,210.75,97.5,476.25,21.54501102,0
115.9258242,199.9565217,89.52173913,429.0434783,39.83837859,0
128.2354312,230.8888889,109.7777778,676.8888889,23.4787941,0
145.5352113,202.0,90.0,325.0,18.80766852,0
135.215,210.3015873,91.46031746,490.3968254,30.36206309,0
119.0,190.0,89.0,434.0,23.07562296,0
135.7068063,208.0,83.0,392.0,34.64783142,0
137.4375,223.0,94.0,583.0,15.2048512,0
118.1041667,227.3333333,106.6666667,673.0,27.92251183,0
136.8790698,219.7777778,100.3703704,603.3703704,18.67357309,0
165.725,222.0,106.0,608.0,11.28538878,0
137.8303571,222.0,105.0,709.0,35.29641249,0
106.984375,213.0,94.0,498.0,24.55987581,0
138.5278592,196.4418605,85.06976744,371.5116279,16.50219187,0
132.5473684,215.25,103.25,662.5,16.59882024,0
121.5369565,233.6896552,110.1724138,708.7586207,23.37493602,0
99.5625,249.8,113.5,765.8,21.74879307,0
135.0592885,190.75,79.25,276.5,21.95227423,0
144.015873,196.75,89.625,427.25,13.02341641,0
117.3519737,199.6842105,90.31578947,479.6842105,25.13850828,0
147.6772152,228.7,105.8,605.3,17.52284224,0
122.1350806,237.1290323,110.8709677,683.483871,31.28902558,0
148.2625,229.0,107.2,624.8,24.33433788,0
125.9694245,208.8571429,92.9,444.5285714,23.16850871,0
127.7793241,199.5,91.34375,427.15625,17.85357107,0
115.2258065,231.1290323,107.8064516,657.2580645,18.40553688,0
167.0,211.0,105.0,636.0,6.609652033,0
121.0555556,237.9302326,105.8837209,702.7209302,23.17070473,0
110.8225806,195.4193548,85.35483871,418.483871,30.50050749,0
146.8828571,193.8636364,88.81818182,471.1818182,28.94812259,0
140.7210526,225.1666667,98.5,643.7083333,25.04315719,0
103.65,201.0,94.0,522.0,24.14622124,0
129.140625,218.4375,96.0,638.0,22.31162463,0
132.44375,231.2,104.7,611.6,10.49809507,0
111.25,212.2857143,99.42857143,595.5,28.71437456,0
126.2280285,231.4339623,118.9433962,392.5283019,17.20750579,0
133.5143488,202.2807018,90.45614035,467.2280702,15.63904955,0
130.6657382,189.8351648,81.9010989,274.4065934,13.59531199,0
139.5163317,207.66,97.98,472.36,33.77729415,0
131.1826309,199.3469388,87.51020408,517.4897959,22.31249792,0
114.1875,221.4482759,100.137931,715.5517241,30.46028193,0
132.0755627,220.3076923,101.9487179,699.6153846,21.27349225,0
136.7769517,211.5294118,90.5,465.2647059,16.43791402,0
133.6210191,217.5254237,103.7966102,602.3220339,26.2510475,0
132.6484594,213.3777778,98.17777778,656.4,23.44717204,0
122.8396675,205.4528302,91.11320755,396.5283019,20.5190566,0
109.4031414,209.1666667,96.91666667,583.9166667,26.50733651,0
137.21875,230.4,110.4,814.7,15.525785,0
136.0916667,209.6,98.73333333,474.4,16.31223127,0
115.0714286,212.1333333,102.8666667,694.4666667,18.2610697,0
135.1964637,184.8125,78.625,330.0625,13.37777424,0
128.9721627,217.2954545,100.5,504.625,25.76976093,0
125.6765677,183.5789474,79.73684211,334.9473684,23.42572396,0
122.3333333,215.8666667,103.2,559.4666667,23.94122433,0
116.0558739,232.6363636,106.1590909,809.7727273,14.09257688,0
122.6526316,204.3333333,86.5,303.8333333,11.1314744,0
87.3125,219.75,106.5,571.25,21.22940178,0
134.2245509,205.047619,95.19047619,554.5714286,30.79321715,0
149.359375,216.375,97.5,427.875,15.53021249,0
97.99107143,221.5714286,106.8571429,589.4285714,34.5613917,0
165.84375,221.0,108.0,622.0,19.39555361,0
121.203125,209.0625,92.75,594.25,31.92661263,0
116.172093,219.2962963,98.59259259,461.2592593,24.33003529,0
123.5140998,229.7241379,118.3103448,621.7931034,18.01802506,0
120.962963,219.5555556,102.3703704,611.037037,18.72331205,0
123.8419913,223.9655172,105.7931034,523.3793103,13.18017464,0
124.2998379,202.3846154,98.20512821,331.1794872,14.1949422,0
133.9878543,205.9032258,91.19354839,338.9677419,15.17418806,0
118.5073892,214.6153846,92.69230769,390.5384615,17.3495221,0
144.9545455,211.3636364,92.27272727,369.5454545,17.72657341,0
125.8463542,234.0,117.5833333,677.875,33.1184742,0
140.2027027,192.1428571,86.42857143,459.8571429,13.7226537,0
138.8052632,219.6666667,103.6666667,624.9444444,27.03906639,0
121.372549,222.5,98.0,638.25,35.03430239,0
113.8517007,216.0217391,93.26086957,554.826087,33.90325946,0
98.19318182,245.9090909,133.1818182,650.5454545,22.24803826,0
121.8151815,235.1578947,120.0526316,718.7894737,21.72645349,0
102.5078125,212.25,100.0,618.25,22.74003903,0
115.8768116,209.0285714,100.1428571,605.7428571,25.98391967,0
117.254417,204.0,95.5,356.0,15.72290929,0
146.8211921,212.6315789,99.63157895,623.0,26.24041838,0
130.3346008,222.6363636,104.3333333,426.0909091,12.5334447,0
131.2085714,211.6136364,100.2727273,580.5909091,21.95073372,0
132.0763889,219.8888889,102.5555556,444.6666667,15.06283137,0
124.8621118,230.9803922,110.9215686,483.5882353,11.93111073,0
137.8133333,219.1578947,100.1578947,416.0,20.46916809,0
114.5097087,241.2307692,130.3846154,517.9230769,31.78198664,0
131.7332521,264.8653846,155.5,404.1153846,28.23477099,0
136.0765027,296.7826087,188.7826087,438.6956522,11.88206063,0
135.4375,303.6,190.6,568.2,16.16910635,0
115.7159091,297.2727273,184.2727273,581.0,32.54393089,0
117.3981191,261.725,141.45,722.875,17.88428081,0
112.4571429,226.1363636,109.3181818,742.2272727,25.22837835,0
130.478022,228.4782609,109.3478261,747.0,20.20256586,0
134.5359195,200.75,90.77272727,424.3409091,18.70414503,0
128.9613636,231.1428571,120.4285714,417.6428571,14.06775695,0
117.0018149,252.9428571,147.7142857,421.0857143,12.68732294,0
139.6926829,219.1538462,104.6153846,578.2307692,24.31572409,0
135.0943205,206.6774194,89.5,497.2741935,27.53200767,0
123.0193638,238.3913043,119.4456522,446.5543478,14.42633331,0
87.3125,236.5,114.0,503.0,11.45371119,0
117.206044,288.826087,182.7391304,438.5652174,11.96529323,0
123.4832636,245.3666667,144.9666667,433.6333333,16.83528042,0
129.6757813,247.75,133.0,566.75,16.58583262,0
112.5347222,228.1111111,104.8888889,512.5555556,31.56298817,0
128.1362126,215.4210526,105.4210526,401.0,13.7361363,0
116.9453782,208.8,105.4666667,329.4,38.0008187,0
123.8902821,229.725,117.8,537.75,24.28084379,0
116.0782313,234.027027,111.5675676,652.2432432,21.66384391,0
135.4054054,223.5,106.5,466.0,22.53489358,0
117.2548596,208.0,93.96551724,496.4137931,26.94632883,0
145.0810277,208.28125,108.25,269.90625,20.06958111,0
136.4769231,233.3414634,114.8292683,430.5365854,14.70317055,0
132.3579545,241.3939394,129.7575758,334.1212121,20.50442851,0
133.230663,235.7582418,118.4945055,445.6813187,22.45452677,0
117.7168675,226.6153846,108.8076923,650.1538462,35.29673452,0
139.2248428,195.125,86.725,395.7,16.6576559,0
143.7932692,216.7692308,107.3846154,519.8461538,19.07413131,0
128.1666667,222.4444444,101.7777778,565.6111111,15.71886006,0
105.5176056,244.5555556,126.5555556,437.0,18.88529378,0
130.3479624,245.15,121.15,634.575,29.35093695,0
117.1007299,223.0930233,100.4883721,626.0930233,23.99844506,0
120.10625,202.1,94.8,465.0,26.33647661,0
140.9057143,253.4090909,143.8181818,414.6363636,44.23173387,0
119.8112245,265.6122449,150.122449,440.9183673,32.38763294,0
140.269962,278.1363636,154.7575758,456.8787879,33.79300138,0
137.3595506,218.2307692,96.66666667,309.6666667,19.5552455,0
123.4018059,233.4285714,114.8571429,527.6071429,21.01262983,0
122.1673004,237.2121212,129.8181818,410.5151515,21.6319493,0
102.6135266,242.2307692,123.0,634.3076923,14.8040455,0
144.2508961,219.2571429,107.7142857,348.4857143,15.83011854,0
117.7368421,202.3,92.86666667,418.0,14.50976683,0
124.7589286,211.0,99.28571429,592.8571429,7.941109777,0
123.7575758,270.6521739,160.884058,450.0434783,14.16617554,0
147.5354331,230.0,116.75,671.0,21.56965461,0
92.3625,199.0,104.0,252.0,18.25814887,0
131.534375,200.5,92.65,407.95,26.75158874,0
110.0472441,282.6875,155.5625,440.4375,40.56322226,0
114.1861472,241.8965517,128.3793103,477.5862069,15.74824226,0
140.5191257,262.826087,159.2173913,415.4347826,18.42329421,0
112.6674584,258.8148148,138.1851852,485.8518519,21.87437634,0
135.3174603,215.4166667,97.08333333,366.8333333,14.76176555,0
128.9492188,245.25,129.5,507.75,18.65967829,0
130.8076923,217.5357143,101.75,502.6785714,20.01338838,0
138.8335057,189.1147541,88.32786885,341.8852459,16.61874684,0
122.2552083,190.1666667,86.58333333,456.0,24.82760001,0
133.4357367,268.1,148.75,463.5,22.54168361,0
116.8576159,310.5263158,174.5263158,551.2105263,14.64255552,0
90.625,287.6666667,154.6666667,485.0,80.43838221,0
132.1734459,187.6341463,82.48780488,345.2073171,16.54394037,0
117.1111111,284.5,156.7777778,505.7777778,16.44603971,0
132.408377,232.1666667,124.8333333,353.8333333,18.00848565,0
123.9761905,333.6190476,212.1428571,436.3333333,21.42888889,0
122.4626506,340.8076923,251.5384615,448.8076923,17.14245914,0
123.5963791,364.9830508,271.9152542,429.7457627,18.59168295,0
127.7232143,329.0714286,230.7142857,415.2857143,16.55479461,0
116.993007,356.0,228.3333333,456.8333333,70.78763232,0
135.6509009,356.0,233.2142857,435.9642857,21.2224311,0
127.9453125,324.0,191.0,345.0,16.27450076,0
115.828125,232.25,109.75,516.25,13.20037878,0
113.122807,259.8333333,157.5555556,366.1111111,16.62624728,0
93.203125,364.0,235.0,490.0,101.566173,0
164.3846154,263.0,152.0,426.0,12.67122725,0
126.9288462,321.4848485,226.2424242,443.2121212,14.26690353,0
120.625,438.0,268.0,461.0,31.61392098,0
116.6960168,218.5,105.2333333,427.0,28.42111891,0
124.1041667,228.6666667,114.3333333,344.3333333,39.92492956,0
119.7960526,499.3157895,351.3684211,574.3684211,42.3086535,0
134.7035928,308.9047619,208.0,374.8095238,11.03303635,0
129.30625,261.35,154.55,339.95,31.70583543,0
130.1011396,292.4090909,181.9545455,434.4090909,17.03084222,0
94.6015625,282.125,167.375,496.75,9.399966755,0
125.8369565,293.0576923,188.0576923,473.6730769,21.41427108,0
128.025,559.6,396.0,609.8,23.1741235,0
101.3005952,534.8095238,398.4285714,605.952381,27.31183824,0
134.859375,446.0,284.5,573.5,11.41271221,0
135.3375,194.6,85.8,487.6,30.94333531,0
148.2489177,316.8275862,207.5862069,380.0344828,38.42233546,0
118.019802,310.7894737,207.1578947,424.7894737,21.11189028,0
117.990991,502.0,335.0,560.0,22.56871593,0
137.33878,232.7931034,121.7241379,352.3965517,15.74066169,0
145.1363636,261.5909091,167.0909091,303.0909091,19.50333729,0
122.1508772,307.7222222,200.0,360.0,36.22805849,0
133.7804117,294.9009901,193.7029703,395.2079208,18.02843336,0
123.8557692,189.5769231,86.80769231,403.6153846,30.41879772,0
122.5243553,206.2727273,93.0,621.4545455,26.2503837,0
166.3125,306.6666667,194.6666667,441.0,11.55662388,0
109.2261905,321.4375,232.90625,449.8125,10.57409681,0
132.6723077,331.2195122,234.8780488,446.0487805,15.1463611,0
82.3671875,315.875,211.25,426.625,25.15949125,0
123.17,289.08,190.04,473.04,17.96191527,0
120.2755776,381.5263158,275.6578947,462.8421053,24.7783666,0
134.195,278.32,183.92,336.52,25.00579133,0
133.2211538,317.8461538,207.8461538,398.2307692,29.24028185,0
127.4375,488.5,321.5,544.25,32.80243893,0
144.5339806,246.0,158.0,343.0,29.10580576,0
133.1058201,367.7083333,269.8333333,432.375,15.97198067,0
132.1025,329.36,239.64,437.6,21.22262943,0
136.5179641,271.5714286,176.3333333,392.6190476,17.00953447,0
120.7291667,486.6666667,375.3333333,582.0,10.70825227,0
129.2154294,291.9767442,160.0465116,462.7906977,31.72038464,0
122.945993,330.8888889,215.9166667,472.3055556,25.85147213,0
75.29166667,358.0,259.6666667,420.0,13.1402689,0
124.1982942,311.3728814,207.0,430.4576271,18.41620385,0
127.2947368,268.0,178.3333333,367.9166667,17.11460552,0
123.4791667,349.969697,248.7878788,406.4848485,15.83581973,0
75.125,323.0,230.6666667,400.6666667,39.22867432,0
119.0315315,193.7142857,59.14285714,474.2857143,31.28253408,0
137.2554745,212.2307692,106.6153846,424.0384615,22.39429476,0
138.2647059,204.6470588,96.17647059,503.4117647,23.21197639,0
125.1655629,215.8421053,97.94736842,620.1052632,20.96190979,0
125.7254902,215.75,93.0,758.5,31.48908541,0
120.1374346,346.4479167,248.2708333,441.3020833,15.87088475,0
114.2875,199.0,92.0,374.0,19.82523644,0
111.3105263,403.75,302.5416667,447.3333333,15.72595166,0
126.35,417.4,301.4,473.4,13.10572394,0
104.109375,306.8333333,203.5,400.5833333,10.41999947,0
115.953125,374.0,264.0,492.0,49.58515403,0
111.4791667,251.75,116.9166667,485.5,23.96568728,0
132.0958409,281.9142857,180.2571429,421.6285714,13.57326303,0
106.265625,293.0,188.3333333,422.0,19.58368794,0
129.8398438,212.5,95.375,518.0,26.31769545,0
126.7890625,236.5,102.5,672.5,32.33709171,0
118.0045045,227.0,106.0714286,593.8571429,72.67614071,0
127.2057067,302.1458333,197.1666667,394.0833333,19.00135914,0
106.9444444,318.8235294,216.3529412,421.7647059,13.21711169,0
149.5446429,243.0,111.0,408.0,18.53512936,0
116.7447917,222.4166667,102.25,570.8333333,27.74659013,0
118.5852273,284.0,154.0,659.0,19.89974874,0
126.6,266.7,156.6,371.3,23.19935344,0
131.5479705,226.7941176,115.5294118,323.3823529,23.50905369,0
115.0062893,259.0,109.0,797.8,22.05419461,0
120.7072368,380.9473684,296.4210526,443.9473684,27.75945348,0
130.0529661,380.6,289.2666667,441.4333333,15.1887751,0
126.2159091,268.3636364,161.0909091,455.0,27.88553937,0
128.5795455,301.5454545,194.8181818,397.1818182,39.82087994,0
98.15625,408.0,322.75,436.75,18.10343545,0
91.96875,221.25,110.0,343.75,15.8113883,0
118.703125,211.25,96.08333333,328.7916667,17.05867122,0
124.6339286,274.8571429,162.0,511.5714286,26.59139035,0
146.7653061,243.6842105,147.9473684,252.4736842,12.80148883,0
136.1394799,287.509434,183.1698113,350.1132075,25.05579392,0
115.3164894,392.9583333,306.5,461.25,11.28720699,0
151.375,297.9090909,210.8181818,353.7272727,31.16763526,0
138.9371257,212.3333333,110.1904762,245.5714286,12.69521041,0
130.65625,262.0,118.0,793.0,32.49903845,0
133.8744186,244.962963,139.4814815,226.2962963,19.09222437,0
174.3263889,263.8888889,154.8888889,316.5555556,8.061492065,0
111.4583333,297.0,164.0,351.0,8.178562764,0
123.5461957,314.826087,205.2608696,336.7391304,25.10958967,0
111.6927083,372.4166667,264.75,397.0833333,18.56276889,0
126.8027778,309.2444444,179.9111111,347.2888889,19.61309716,0
122.8478261,352.7868852,265.9344262,380.0983607,18.18652794,0
120.8605769,334.6153846,222.2307692,357.0769231,26.36027134,0
94.75,325.6666667,189.3333333,362.3333333,37.87589383,0
115.1458333,325.6666667,189.3333333,362.3333333,29.48822741,0
119.6710526,226.8421053,111.4736842,514.4210526,28.1369819,0
136.0625,240.25,121.0,606.25,18.64638035,0
121.1743421,211.2105263,96.55263158,391.3684211,19.47076792,0
110.7473684,225.1666667,104.8333333,658.5,25.47697762,0
134.6029412,225.0294118,99.47058824,607.6176471,21.81609593,0
128.7507886,204.55,94.325,364.5,14.87394954,0
121.1009245,231.7926829,111.1219512,630.9268293,25.20486259,0
131.0613599,211.3157895,94.97368421,499.1842105,20.60136415,0
117.5606695,206.5333333,91.6,486.6666667,22.22970985,0
125.4173387,205.3870968,94.0,508.9354839,28.92017792,0
120.3182482,246.0,134.2790698,467.1627907,22.05794032,0
136.8553191,197.8,91.83333333,475.3666667,12.86424848,0
139.0585366,269.7692308,151.0769231,495.0,17.09873866,0
134.5277778,211.0,93.22222222,486.6666667,19.09471196,0
124.71875,240.0,129.0,330.0,19.45989466,0
113.0745192,225.0,114.9615385,586.8461538,26.12068033,0
132.9970238,211.047619,101.3333333,609.3333333,24.12185618,0
130.7259615,239.8461538,131.0769231,529.3846154,40.26333437,0
124.7972028,232.3333333,122.6666667,268.6666667,14.02731022,0
125.4658754,190.4418605,91.65116279,188.0930233,19.02169209,0
133.9021583,191.2727273,89.43181818,149.3181818,9.307532718,0
116.4196429,180.5714286,75.28571429,389.5714286,17.29574679,0
141.407563,225.8,111.5333333,612.8,26.04150533,0
127.78125,225.75,107.25,638.25,62.70454031,0
126.0631164,221.25,103.875,803.375,31.00955939,0
101.7291667,226.3333333,103.3333333,655.6666667,20.70426687,0
123.0347222,214.8888889,99.55555556,528.4444444,58.74699887,0
126.553816,183.5,76.25,112.5,12.57256282,0
131.8233083,173.8235294,76.0,208.1176471,9.541024152,0
125.988959,178.875,74.675,258.175,11.85232045,0
114.3514644,223.6,104.4666667,714.0,22.26147644,0
133.7954545,203.8181818,95.45454545,385.9090909,17.69063814,0
125.2925824,196.7391304,88.06521739,461.3043478,24.97912172,0
85.0,222.0,105.0,662.0,0.0,0
134.9245283,213.0588235,91.94117647,380.4117647,31.23822962,0
130.9549419,185.1627907,81.81395349,373.7906977,19.53643405,0
130.6528804,175.627907,71.81395349,231.9069767,16.35910558,0
124.8537549,217.125,116.125,137.0,16.17820679,0
116.0409357,416.3255814,341.6744186,453.4651163,12.26589321,0
130.5802005,211.12,99.04,405.46,19.3088995,0
132.1870287,216.5952381,107.3333333,254.2380952,22.7858138,0
117.9763547,322.265625,207.625,422.515625,28.03094952,0
119.6438849,330.3428571,223.2857143,393.3142857,20.90124496,0
118.5273349,273.8909091,166.3636364,398.4363636,31.39918407,0
120.99375,343.25,237.675,387.65,25.16931415,0
124.8958333,363.0,266.0,402.0,12.73664878,0
112.9086538,394.5384615,231.1538462,389.0,19.23476881,0
133.9834437,195.5526316,90.92105263,319.3684211,19.73173618,0
152.2138158,280.7368421,156.0526316,309.2105263,22.27590776,0
87.703125,351.0,261.0,377.0,10.17349497,0
125.1637931,266.0344828,159.8275862,266.8965517,29.10573614,0
140.838785,282.9259259,169.3703704,329.7407407,25.53321622,0
155.4285714,384.0,220.5714286,391.7142857,71.40513901,0
132.2729358,285.6909091,174.9818182,381.3818182,24.04455919,0
118.8429952,331.0384615,198.8846154,311.5,27.02037364,0
131.9441417,190.2785714,81.60714286,162.8571429,12.62468428,0
93.09375,396.6666667,234.8333333,518.6666667,76.96319467,0
113.2142857,440.8571429,271.4285714,579.4285714,66.103197,0
129.605449,308.6935484,201.5806452,371.8225806,29.86732717,0
147.5486111,327.1666667,207.5,334.1666667,33.00921121,0
124.1565975,401.5047619,311.7,422.5761905,17.73964135,0
0.0,450.0,279.0,592.0,0.0,0
124.755489,330.1587302,239.8571429,325.031746,27.58010391,0
126.8587513,205.6774194,105.1774194,187.0483871,18.2442456,0
162.21875,221.0,107.0,437.0,9.0,0
119.8685714,382.4545455,239.0,511.9090909,38.16428169,0
118.1103542,365.6086957,268.0869565,448.0217391,16.94956658,0
102.8203125,195.1875,91.75,330.875,12.94217911,0
104.796875,289.5,183.5,355.5,36.64355332,0
147.7625,239.5,153.0,300.75,19.40225502,0
130.3622896,213.7263158,123.7052632,153.7684211,10.9291042,0
119.5208333,212.6666667,103.6666667,288.8888889,34.449462,0
0.0,313.0,207.0,416.0,0.0,0
130.4970238,258.7619048,183.5238095,325.5238095,36.79587624,0
130.3245192,302.3461538,221.5769231,365.5,21.08632581,0
131.0800915,188.5636364,87.10909091,238.0727273,13.30767504,0
108.7379518,235.2857143,121.2857143,434.047619,17.63821351,0
152.7777778,191.8333333,98.58333333,165.5833333,4.399337071,0
124.9886364,235.0,123.3928571,407.9642857,14.49806461,0
135.1481481,309.3181818,221.3181818,352.2045455,36.43563185,0
113.4602026,418.0681818,334.5,437.6136364,12.21924373,0
119.5923913,166.0,98.65217391,218.4782609,27.15272217,0
150.3806818,278.8181818,172.1818182,339.1818182,19.74088345,0
109.3309859,332.4444444,221.0,374.0,44.98147767,0
143.0776699,424.9230769,330.9230769,460.7692308,34.41480348,0
128.2424795,199.3478261,92.43478261,264.6956522,15.65354261,0
156.109375,326.0,263.75,360.5,33.08110299,0
128.412595,212.7931034,95.79310345,332.0,18.4908066,0
129.8598326,269.6666667,158.0,348.6333333,15.40721332,0
148.5,254.0,153.0,371.0,22.07623156,0
130.5367647,240.0,149.9411765,179.1176471,18.83914793,0
118.5306667,430.5744681,328.4042553,443.6382979,33.21958713,0
92.3125,256.0,146.0,319.0,22.9486383,0
149.2252252,250.952381,148.952381,379.0952381,27.95388168,0
0.0,328.0,223.0,384.0,0.0,0
183.28125,328.0,223.0,384.0,7.0,0
114.4609375,190.0,82.0,149.25,9.164938284,0
160.8945313,609.375,483.5,694.9375,27.83405064,0
142.022792,279.2727273,168.1818182,407.5,18.0113027,0
112.0480769,252.4615385,144.3846154,375.6923077,24.60913382,0
120.802521,235.8666667,119.8666667,269.4,16.71512954,0
126.5050891,188.32,79.9,242.2,12.66908047,0
120.2339572,311.5319149,201.6808511,433.3404255,38.81429595,0
100.7109375,264.625,140.75,381.75,9.192388155,0
123.8214286,875.7142857,727.5714286,943.0,41.8871175,0
87.671875,361.0,241.0,408.0,22.0383189,0
111.6136364,297.3636364,200.8181818,418.7575758,30.86458471,0
142.3198529,322.2352941,221.0,354.7647059,37.51936063,0
120.015625,857.5,710.5,928.0,28.04460732,0
124.3958333,893.3333333,746.3333333,932.3333333,57.43402012,0
69.54545455,710.0,579.0,731.0,0.0,0
120.8625,688.4,533.4,706.4,45.00044444,0
121.0375,377.3,289.1,386.0,14.84722196,0
96.38888889,836.7777778,675.1111111,877.8888889,51.10362264,0
115.3789474,819.9166667,639.25,841.0,46.06057304,0
112.25,686.0,528.3333333,703.6666667,43.77467558,0
128.9196429,323.7142857,223.8571429,353.0,10.47251018,0
124.3434936,239.2407407,116.3703704,441.537037,25.26456038,0
113.738676,260.3333333,149.6666667,354.3333333,18.27870649,0
123.9774306,412.0833333,304.8888889,420.5277778,45.89376487,0
153.4140625,356.5,231.5,359.0,26.12948526,0
71.71875,346.0,217.0,376.0,31.5,0
183.28125,344.0,223.0,457.0,2.0,0
125.6677116,236.6,133.325,372.55,20.1474409,0
51.0,346.0,217.0,376.0,0.0,0
71.71875,309.0,223.0,425.0,13.5,0
88.40625,264.0,142.0,502.0,3.561951712,0
147.6015625,465.125,319.9375,513.1875,25.88549002,0
127.046875,779.0,601.0,789.0,23.41340428,0
121.140625,797.0,608.0,819.0,74.87823449,0
154.1586826,291.8095238,178.1428571,374.4761905,17.24703793,0
76.515625,326.0,228.0,357.5,17.0788612,0
178.796875,326.0,228.0,357.5,14.9415528,0
114.109319,281.4857143,170.6571429,369.5428571,19.75036037,0
145.35,285.7333333,185.4666667,397.0888889,26.04408418,0
132.1870968,282.2564103,174.6923077,419.6666667,29.88736251,0
127.7903872,385.212766,287.1489362,423.4893617,34.2284684,0
142.8175439,213.8888889,116.0,203.0555556,10.43498389,0
133.5911215,238.4814815,121.7407407,637.5185185,29.44339621,0
122.7454739,267.6779661,162.9491525,438.4067797,19.51485707,0
148.6076389,293.4444444,204.1111111,347.5,44.78618614,0
127.5125,291.4,217.4,323.8,40.87737761,0
102.2291667,289.3333333,179.5555556,431.4444444,19.61292091,0
110.1798942,288.75,173.3333333,360.25,12.89352766,0
149.55625,304.0,210.2,308.2,29.86318804,0
129.2286585,251.804878,150.7073171,257.1463415,20.39989852,0
147.5974026,229.6,110.6,575.2,22.26229997,0
100.6875,234.1428571,113.2857143,591.8571429,27.65531281,0
113.9077381,288.047619,180.5238095,409.6666667,29.92530383,0
123.965035,278.2222222,186.5555556,300.5555556,23.61372535,0
118.9508197,266.2173913,167.5217391,505.9130435,39.62236675,0
137.6989247,262.0,154.8285714,445.6285714,18.2458494,0
143.9270833,400.8333333,307.0,425.9166667,43.20003537,0
130.5932203,200.1351351,96.16216216,307.0,24.56564973,0
147.8465909,260.6818182,152.7272727,479.5454545,24.99008068,0
138.8454106,186.2307692,83.07692308,390.3076923,21.34390148,0
130.9561129,197.3,82.85,472.55,17.03958626,0
133.8093525,194.0571429,87.11428571,376.6571429,19.9138143,0
117.5587906,203.6071429,87.39285714,429.0357143,24.80890614,0
150.1012658,189.0,80.5,247.0,7.269112738,0
137.8478261,200.8461538,85.53846154,409.5384615,26.21350661,0
130.9405594,218.1111111,95.88888889,538.2777778,29.57001526,0
117.9715447,223.8387097,95.93548387,583.2580645,29.40962629,0
133.6428571,214.3333333,95.42857143,355.9047619,24.90098305,0
133.1825,204.6,96.84,481.28,40.27358439,0
114.013089,239.5833333,114.25,748.9583333,19.98940692,0
127.3473684,237.7857143,107.047619,709.2142857,20.71785684,0
106.3333333,229.2727273,109.1818182,610.2727273,22.00751187,0
143.973822,230.125,102.5416667,707.5416667,20.12392164,0
140.9592476,233.95,105.7,587.75,21.12173052,0
113.3706294,250.7037037,132.2592593,532.4074074,26.08254282,0
117.1993103,215.010989,95.26373626,676.5054945,24.55937505,0
120.3516043,227.0851064,109.5319149,568.4680851,26.41518282,0
121.1535064,237.8859649,112.6403509,783.7719298,23.40658762,0
105.7486911,234.0,104.75,638.75,20.34084561,0
137.066358,186.3170732,85.95121951,357.6829268,10.83629743,0
125.7881166,194.125,89.44642857,380.9821429,16.95837303,0
114.8442623,232.3913043,114.9565217,509.1086957,13.0532572,0
104.2417219,222.1578947,103.6842105,511.8947368,17.75830343,0
119.6354167,208.3333333,91.33333333,480.3333333,15.7876534,0
110.5384615,221.1111111,97.55555556,538.2222222,31.24811105,0
127.9398907,219.2608696,108.2608696,444.826087,14.84844674,0
137.1660517,217.1176471,97.32352941,456.7058824,24.36835261,0
132.8046875,245.25,115.125,690.125,25.33247669,0
135.1914063,228.125,104.625,542.0,25.32962384,0
137.6881119,204.2222222,89.53333333,388.7777778,22.01555006,0
124.5742188,207.9375,92.1875,421.1875,15.48739407,0
118.1793478,240.0869565,110.6956522,648.2608696,22.08806913,0
132.0612903,227.5128205,107.0769231,455.1282051,16.78655108,0
130.6810345,179.5454545,80.72727273,317.8181818,15.99283156,0
115.56875,224.3,104.4,526.1,21.33447914,0
130.2795699,190.0285714,82.28571429,445.9714286,20.05413083,0
128.361588,211.5254237,96.76271186,508.5254237,23.21014251,0
138.0486111,248.0,111.5555556,725.2222222,26.22881273,0
125.9451697,227.7916667,113.5625,476.0416667,16.21165347,0
138.7241379,215.7272727,99.72727273,473.2727273,20.34902073,0
87.4375,212.0,96.0,538.0,16.1322658,0
137.8429319,220.75,102.75,407.5,12.34205773,0
112.3100304,224.7619048,113.4761905,471.4761905,20.85007491,0
136.270936,187.0,85.53846154,340.1538462,20.93890804,0
127.2594021,212.5230769,98.69230769,384.0923077,21.40472768,0
113.1535433,217.875,99.125,452.0,13.06818058,0
122.4875,231.6,107.8,569.4,11.97664394,0
145.4859155,215.8888889,98.88888889,499.3333333,7.475061418,0
135.0969773,215.22,99.12,343.94,15.51681668,0
133.59375,227.0,107.0,533.0,25.76061674,0
113.9468599,196.6153846,89.15384615,480.1538462,28.79862751,0
87.3125,199.5,88.0,546.0,7.968688725,0
126.45,209.7368421,96.31578947,583.1052632,10.19966867,0
136.7704403,200.3,91.6,570.6,31.8023584,0
114.5746606,243.9642857,128.3571429,466.3214286,19.61907651,0
137.3057143,237.8636364,127.8636364,419.7727273,24.7691824,0
159.0875,229.9,125.0,358.3,9.656086164,0
115.0480769,223.6538462,97.11538462,623.5,27.03701167,0
121.646648,220.0,106.6222222,384.5777778,14.65851625,0
119.7991453,211.0,96.93333333,384.7333333,22.3202947,0
125.4900154,240.3414634,128.8292683,435.7560976,16.66922844,0
139.917847,191.0,82.26086957,395.4782609,18.92188699,0
124.9371069,226.5,94.5,706.5,20.15316352,0
135.6806527,204.9814815,96.51851852,303.1666667,17.96563554,0
132.75,227.5,97.0,631.0,21.36195996,0
142.5081081,234.6857143,123.6857143,447.2285714,18.22368945,0
127.4572368,187.1052632,75.42105263,384.2105263,18.59705395,0
118.6733871,218.5483871,96.90322581,558.5483871,16.01495139,0
132.8179612,236.7884615,139.8653846,302.2692308,20.21375235,0
137.9537037,238.5,148.2857143,391.9285714,12.43616353,0
118.3894472,255.88,144.52,536.8,21.54266464,0
141.4015748,230.75,115.875,517.375,25.1432614,0
183.28125,222.5,111.0,457.0,4.0,0
119.2262895,241.6578947,128.6842105,490.8157895,20.9346199,0
116.9652778,187.8333333,76.94444444,362.9444444,22.95621167,0
98.3015873,229.125,92.625,665.625,12.43922727,0
134.8286558,200.627907,86.86046512,525.5116279,27.05082051,0
120.7925926,286.1960784,192.7843137,437.372549,31.08159197,0
131.6730769,229.3076923,109.7179487,458.6666667,23.42820948,0
138.9363636,214.1428571,98.71428571,394.8571429,12.64588342,0
117.4261364,246.8181818,162.8181818,327.8181818,29.014388,0
112.1527778,258.5555556,145.3333333,578.5555556,31.54445227,0
125.9600355,254.8873239,147.2676056,418.0,19.64592347,0
130.3641732,179.625,76.875,328.875,23.32782673,0
142.925,180.0,77.3,424.7,17.15837988,0
127.206278,260.1785714,161.8571429,415.4642857,21.18128145,0
123.3658192,267.1333333,163.8,466.2,17.06521985,0
98.96428571,186.7142857,81.57142857,491.2857143,18.06225063,0
104.7,275.1,178.0,462.7,41.25299989,0
137.9404187,187.6410256,80.30769231,471.4102564,22.5481587,0
132.9947917,191.5833333,85.08333333,537.6666667,21.31212325,0
111.3664921,239.5,125.0,427.9166667,13.65243161,0
132.3359528,205.59375,91.40625,625.4375,25.78802941,0
124.5252632,218.0333333,94.16666667,652.5166667,23.04285862,0
136.234104,209.7272727,92.09090909,627.1363636,18.57645582,0
137.2752613,248.5555556,140.0,366.8333333,19.43436247,0
135.7944535,231.4805195,128.7792208,367.6623377,22.96749483,0
143.2269939,254.6451613,150.1935484,437.2580645,17.01868961,0
115.9001536,248.5609756,131.2682927,519.195122,24.76348562,0
117.1058201,244.0833333,131.8333333,394.6666667,18.94069692,0
122.2379778,236.0784314,120.1764706,403.1176471,15.61417253,0
104.34375,251.25,136.0,423.25,24.48979379,0
111.3095238,225.6666667,92.04761905,623.8095238,19.8707844,0
136.7662116,224.8918919,97.75675676,513.0810811,25.19394457,0
142.8297872,246.3333333,129.3333333,487.3333333,18.60372988,0
133.1719078,237.9,119.5666667,505.0333333,19.85304343,0
135.9161074,251.7894737,143.5789474,515.1578947,13.46566373,0
103.925,250.5,152.0,472.0,18.17938393,0
110.6421053,209.3333333,96.0,571.7777778,22.1153681,0
135.1260504,209.3333333,94.53333333,536.4666667,38.74360162,0
119.2447917,240.25,143.9166667,424.0,16.44245014,0
135.8438178,214.2413793,102.1034483,638.1034483,24.82638886,0
138.4821429,208.4130435,88.45652174,460.826087,17.49096445,0
99.1875,250.5,135.0,527.0,17.75215167,0
122.0412541,237.3947368,140.8947368,415.5789474,19.67970677,0
149.5965909,242.0909091,147.6363636,438.1818182,12.75710789,0
137.234375,226.5625,121.875,449.5,18.0726615,0
124.75,232.6071429,119.1428571,489.4285714,16.82972953,0
130.0347222,245.8333333,125.8888889,565.8888889,14.90036353,0
124.3761277,196.7362637,85.32967033,531.6593407,21.99213832,0
112.6738382,206.3424658,88.76712329,567.3835616,27.81707127,0
119.3450292,255.3139535,122.3837209,796.2790698,19.31480754,0
104.0278592,265.5348837,121.2325581,829.1627907,14.90020889,0
135.5765625,243.925,109.925,601.675,37.47369077,0
126.996,259.8510638,123.4468085,809.1702128,12.07536317,0
129.8429952,228.0769231,107.3846154,551.3461538,38.5277315,0
136.6003028,203.0240964,87.59036145,494.1445783,21.5567725,0
113.203125,251.40625,114.21875,677.5,31.66616639,0
131.5553936,185.8372093,77.95348837,341.255814,22.77009035,0
112.700627,214.025,91.45,603.05,29.39217583,0
137.6983759,265.2222222,116.0740741,814.1481481,23.39251753,0
136.5198676,216.6315789,101.4210526,474.8947368,24.0446261,0
136.5772059,268.3529412,118.4705882,821.3529412,26.23146899,0
119.9879032,196.9677419,85.4516129,485.2903226,30.43712066,0
135.0394432,241.6296296,115.4444444,829.4814815,14.8348938,0
114.8492462,240.24,115.68,888.12,20.58442129,0
137.8418972,190.0,92.75,309.75,13.60477283,0
136.3778409,209.5,96.77272727,461.9090909,25.13056813,0
131.1647727,228.9090909,103.6363636,546.0,26.20705854,0
110.4882813,230.0625,103.875,543.8125,26.56470579,0
128.5872396,245.4375,112.4791667,634.1041667,21.88820038,0
137.3052632,220.6666667,110.0,494.3333333,28.38867145,0
135.4098361,194.5483871,87.61290323,332.5483871,21.15770032,0
110.6576577,190.2857143,78.5,417.0714286,28.79448643,0
139.2185185,256.0588235,119.7058824,781.0,33.27436537,0
103.1496063,240.6875,117.875,561.8125,20.71900924,0
133.451087,247.4347826,120.173913,572.3478261,20.49740636,0
127.0964286,239.5714286,109.4,718.7714286,20.81000544,0
96.11347518,233.4444444,103.0,684.5555556,9.867017011,0
107.1704545,246.0,114.5454545,727.4545455,15.97053071,0
141.1875,226.3333333,107.0,568.0,28.8713622,0
126.8839286,262.8571429,113.8571429,762.8571429,46.19214528,0
113.2894737,247.3333333,110.2916667,707.4166667,31.55539662,0
142.9015748,233.953125,104.265625,582.390625,19.92220588,0
117.1145833,235.5,109.0,663.75,19.03560261,0
129.7760417,224.75,101.1666667,462.0,36.31306774,0
139.5364583,212.25,92.83333333,392.0,29.30964953,0
141.5597015,211.8235294,93.35294118,555.0,22.3357519,0
125.0416667,216.1666667,94.58333333,550.75,25.32260601,0
113.6458333,213.0,99.0,414.0,36.03432006,0
113.1388013,196.6,84.1,383.55,19.72124489,0
117.796875,211.25,98.625,501.875,30.43820584,0
144.7205882,212.0588235,90.23529412,585.2941176,20.77062072,0
183.28125,233.0,108.0,616.0,9.5,0
153.8125,239.25,116.25,538.5,12.65652006,0
111.8392857,203.1428571,91.14285714,575.7142857,15.67608994,0
114.2138365,228.5333333,105.4666667,756.9333333,25.8999142,0
116.0833333,219.4444444,99.33333333,440.6666667,53.19519147,0
130.004,186.2765957,84.14893617,293.3617021,25.54838122,0
129.738502,242.21875,111.40625,604.71875,25.64609565,0
122.2761506,237.6,115.5333333,528.6,36.22976063,0
145.041958,212.5,97.88888889,405.3888889,17.46469101,0
124.6613071,221.5619835,101.7272727,517.3471074,27.33198671,0
131.7291667,219.6190476,95.95238095,686.9047619,35.15763014,0
133.2045455,229.6363636,107.6363636,690.7272727,30.59114548,0
144.1238532,227.5,101.0,633.2142857,26.91151411,0
135.0477387,237.68,105.48,693.96,32.506344,0
114.1134644,258.8915663,127.686747,640.7349398,24.57305046,0
141.1953125,229.0,109.5,708.5,15.5241747,0
129.4791667,226.5555556,99.66666667,571.6666667,31.1594862,0
138.4637883,206.6666667,87.48888889,394.3111111,23.18294392,0
139.0283437,203.4788732,86.8028169,479.2394366,23.42074388,0
141.2971204,196.3125,92.02083333,556.3541667,17.11814289,0
84.0625,168.0,75.75,282.75,8.757139944,0
146.95625,255.0,126.0,648.5,19.68755952,0
121.2916667,221.3333333,96.33333333,520.3333333,31.9283051,0
143.5380228,191.6363636,87.15151515,415.7272727,25.08545542,0
117.8829517,249.472973,123.5675676,595.3378378,25.6182751,0
121.9293478,208.7391304,93.26086957,706.3478261,18.71929748,0
116.2744186,227.2222222,97.7037037,595.6666667,22.3653416,0
104.0,240.0,107.0,713.0,12.7230713,0
110.171875,203.0,84.0,364.0,44.81559438,0
112.609475,227.4693878,97.34693878,616.8979592,24.71137852,0
139.8318966,207.6206897,94.24137931,465.9655172,23.98181039,0
128.7157895,229.0,113.5,794.0,23.05789814,0
128.2198795,202.6190476,87.71428571,424.6666667,16.98832466,0
123.0283019,229.4,112.4,559.05,28.97045909,0
116.2506812,230.7681159,110.5797101,783.4347826,18.85677119,0
145.3235294,228.6666667,101.7333333,645.0666667,15.56006284,0
124.0178571,205.8571429,91.28571429,460.3571429,21.34985542,0
122.7128117,219.7808219,97.05479452,551.1369863,32.88006832,0
112.2230143,255.3870968,122.0967742,681.7258065,16.73199562,0
153.4545455,259.8571429,133.5714286,657.0,22.22519255,0
160.4479167,260.0,136.0,607.0,14.7158267,0
138.4672619,211.5238095,91.76190476,539.6666667,31.21885296,0
101.7291667,209.8333333,96.33333333,537.8333333,18.57623183,0
90.61363636,227.5454545,101.8181818,525.7272727,17.31669046,0
117.6861642,205.4464286,89.80357143,640.1964286,27.03106088,0
134.0416667,230.6666667,112.0,760.6666667,27.90858092,0
120.96875,206.25,94.8,533.4,32.65803883,0
146.3883929,210.7857143,99.21428571,572.7857143,27.27636339,0
137.2,214.6,98.85714286,513.7428571,22.26071858,0
133.8775758,217.2692308,101.5,733.6538462,21.40038157,0
162.5,207.0,93.0,690.0,17.70197729,0
127.0,226.1818182,101.9090909,599.0,25.9092504,0
126.3757669,264.0487805,124.0243902,714.2439024,12.21642043,0
144.2102273,254.6363636,126.0909091,622.6363636,23.75251183,0
118.4704684,228.9354839,102.2903226,657.0322581,29.56113262,0
140.2236842,224.3157895,105.6315789,559.6842105,21.31520467,0
93.2183908,218.6363636,101.8181818,739.2727273,6.86348585,0
132.1931818,217.9090909,101.0909091,653.6363636,44.63590076,0
118.2678571,229.6666667,105.1428571,690.7142857,20.77391527,0
117.9453552,226.9565217,106.1304348,611.9565217,11.33190621,0
137.6,259.75,128.125,692.5,20.3039405,0
128.0203704,256.6764706,121.8039216,676.4117647,21.06155275,0
144.5666667,256.0,120.9411765,634.8823529,31.96332241,0
112.5357766,250.6111111,114.8055556,617.3055556,23.72923068,0
137.1485411,224.0,102.5833333,448.4166667,35.7272655,0
123.0227273,215.8181818,97.72727273,418.0,33.88422193,0
137.9136126,201.8333333,90.33333333,462.1666667,23.07502107,0
144.2830882,222.8235294,102.0588235,601.8235294,25.14841758,0
109.1163793,215.3793103,101.7931034,559.3103448,27.6585259,0
147.4594595,230.7142857,108.4285714,504.4285714,6.966391623,0
104.3865546,222.0666667,100.6666667,687.5333333,19.88187337,0
148.6408451,233.2222222,106.1111111,733.7777778,22.71074146,0
110.0692641,264.1034483,123.4482759,719.4482759,15.93737745,0
126.3130045,201.7142857,90.47142857,596.5714286,26.08573384,0
107.4790576,239.5,104.5833333,761.8333333,14.88841599,0
124.4125,218.6,103.4,617.1,14.7543214,0
129.2293907,201.8857143,92.14285714,428.6,34.91769916,0
153.375,208.5,96.75,499.25,19.86831649,0
137.7267206,212.9354839,95.35483871,612.0967742,27.75865963,0
152.0763889,219.0,99.11111111,653.7777778,21.11052631,0
127.8928571,222.8571429,104.4285714,712.1428571,15.10642518,0
116.0437063,212.7777778,95.75,515.6666667,19.1577878,0
131.3310413,232.671875,107.953125,629.8125,18.51411518,0
154.9050633,263.5,125.1,701.1,14.46685868,0
140.5863095,192.8095238,81.66666667,343.3333333,20.7286759,0
120.6394231,206.1538462,93.23076923,510.0,18.9711709,0
163.8375,229.8,104.6,625.2,17.41263909,0
130.9791667,221.0,100.0,601.0,19.8158186,0
143.36875,221.5,95.8,608.9,29.31398983,0
137.6017897,212.4642857,97.39285714,515.5,30.31114162,0
116.6693227,265.4603175,122.8888889,773.8730159,16.89164854,0
162.675,220.6,99.6,566.6,9.792343948,0
132.8674419,201.5,84.85185185,565.8333333,23.26710177,0
151.5315789,200.0833333,89.16666667,612.75,32.10518736,0
124.7818182,223.7884615,95.01923077,657.6538462,20.95277693,0
133.8958333,232.0,98.0,678.0,19.01461426,0
134.0555556,208.5555556,91.44444444,492.8888889,22.10301359,0
131.4975,270.24,125.72,757.28,20.52097464,0
132.6392157,222.78125,94.59375,671.96875,30.1016507,0
117.7805281,223.3684211,99.02631579,614.8157895,33.34799308,0
125.8964143,209.75,90.25,477.25,33.8062032,0
152.375,197.0,83.6,375.0,15.61537704,0
126.7597403,221.0344828,104.9655172,491.1724138,17.79170002,0
116.3967684,229.2571429,105.4,518.6571429,21.95550231,0
121.4131579,266.25,122.1666667,732.8541667,14.1297927,0
125.29718,253.3103448,116.6206897,692.1034483,17.14913254,0
158.03125,238.75,109.5,637.5,26.04203333,0
106.0480769,229.0769231,103.9230769,634.8461538,31.55571761,0
97.85416667,224.3333333,93.0,658.5833333,14.57070882,0
97.54166667,225.4444444,97.55555556,687.1111111,13.08943594,0
114.8439898,213.8979592,96.34693878,553.244898,28.90598586,0
118.9375,211.4,96.0,515.6,23.34202219,0
136.4583333,214.0,104.0,436.0,11.6714276,0
157.8958333,233.0,104.6666667,519.6666667,23.25224004,0
138.9356913,212.5897436,94.38461538,595.2820513,24.61028259,0
142.2421875,222.75,99.125,609.875,27.6258484,0
113.3452381,216.9047619,96.23809524,539.0,24.60766984,0
137.7169118,210.8235294,91.88235294,397.7647059,25.0938722,0
134.4845606,200.7037037,85.59259259,291.2962963,15.51820914,0
132.2779456,204.7142857,88.66666667,344.952381,18.46612391,0
126.468599,205.9230769,90.0,358.6153846,26.84758647,0
165.90625,270.0,123.5,779.0,17.3781472,0
113.8285714,269.4545455,123.0909091,782.4545455,11.94866776,0
139.3247664,213.7407407,96.74074074,565.9259259,20.42390272,0
147.5833333,224.3333333,101.3333333,627.6666667,28.6748481,0
117.6875,238.5833333,115.0416667,616.1666667,21.65833173,0
114.1605114,221.4772727,96.93181818,735.3409091,18.52343836,0
123.39375,210.05,90.3,419.7,31.75988035,0
167.0,267.0,123.0,733.0,10.30776406,0
115.9106667,211.8723404,95.36170213,605.0851064,21.61436154,0
144.5901361,201.7837838,93.54054054,502.7027027,26.43146519,0
108.15,190.4,93.2,477.6,21.09597118,0
132.1583333,217.4666667,93.86666667,584.8666667,17.9401474,0
139.6125,211.4,91.3,527.5,26.67676892,0
107.9318182,269.3636364,122.7272727,752.0,20.69175585,0
122.820323,248.3010753,120.1505376,688.1397849,22.91334523,0
115.4557292,214.9166667,99.0,599.875,23.34166518,0
136.3206522,216.826087,102.8695652,474.2173913,32.91852806,0
154.4375,254.0,119.0,737.0,30.96267915,0
121.3692308,197.7142857,85.20408163,455.8979592,30.74037132,0
144.8958333,255.0833333,120.5833333,639.8333333,21.46832292,0
135.7638191,225.4736842,100.2105263,726.8421053,26.49240732,0
123.175,225.0,99.0,733.6,22.98695282,0
131.1027569,206.16,90.08,497.12,35.32627351,0
117.05625,201.3,88.8,492.0,15.66556734,0
141.5536232,198.4090909,89.54545455,444.0,29.20817982,0
147.7658228,211.8,99.1,439.6,21.43478481,0
107.5520833,237.0,111.0,632.5,19.95550606,0
153.5694444,196.0,83.0,421.0,13.49165265,0
131.0208955,231.2619048,108.1428571,606.7619048,26.08486281,0
133.7873684,212.5666667,96.36666667,632.1666667,34.41267531,0
140.8178808,204.8947368,93.10526316,560.0526316,16.60374086,0
143.1054688,213.8125,96.3125,496.8125,23.21872897,0
135.941452,221.2592593,102.1851852,619.4814815,23.30798152,0
132.9495798,201.4,89.6,455.3333333,26.98509877,0
110.207824,215.6153846,99.23076923,562.7307692,24.65300611,0
115.9835526,206.4736842,90.57894737,539.2631579,22.6577572,0
119.773703,219.4571429,95.42857143,512.4428571,27.00393395,0
138.8388004,210.9552239,94.34328358,459.6119403,28.08724434,0
121.3949224,214.7640449,97.65168539,487.3483146,23.33153575,0
119.3774704,220.40625,101.9375,545.125,19.11884603,0
117.440044,252.626087,125.7652174,645.1304348,22.58686237,0
111.1125828,230.8421053,101.6315789,744.9473684,19.24035176,0
102.9244186,226.3636364,99.90909091,622.8181818,14.09296173,0
105.0555556,203.5555556,89.11111111,413.8888889,49.11664122,0
127.0078125,206.0,89.25,444.75,19.40642613,0
95.8125,230.625,97.75,564.5,15.82521722,0
140.8005952,210.6666667,89.61904762,398.952381,28.27521049,0
114.7030651,228.9090909,102.7878788,579.4848485,19.23371313,0
140.8973214,215.0714286,98.28571429,530.4285714,27.08723154,0
137.8674419,210.3333333,91.92592593,474.7037037,24.20375329,0
131.7101968,229.0571429,101.8571429,630.8,19.52756294,0
107.4137931,219.8181818,100.0909091,732.6363636,10.28518954,0
132.3194444,226.7222222,101.5555556,564.8333333,27.81380996,0
139.8412698,228.5,105.0,594.75,23.3475775,0
142.4921875,229.1875,98.625,571.625,19.62420381,0
163.9875,213.6,100.2,480.4,11.01635148,0
123.6722222,235.1764706,102.8235294,626.6470588,18.90963761,0
116.3924051,227.9,99.85,583.9,7.552979545,0
126.9560976,240.2621359,113.4951456,644.3203884,21.35617366,0
136.3555927,215.0,96.34210526,543.3684211,23.0284811,0
143.1940789,226.6315789,99.52631579,562.6842105,20.43569741,0
114.8730823,231.0444444,104.2666667,653.9111111,22.26688844,0
115.5059289,232.5,99.5625,584.4375,22.04957128,0
96.1375,210.8,95.0,493.2,34.06699282,0
159.5170455,223.6363636,98.90909091,556.4545455,23.85354765,0
155.0277778,226.4444444,102.5555556,562.0,17.75136927,0
165.6875,237.0,115.0,674.0,11.64849776,0
122.9086538,220.6153846,96.23076923,596.6923077,23.36790901,0
137.5780347,221.8181818,104.0909091,711.4545455,18.40140131,0
123.7404844,221.7252747,99.31868132,565.5164835,26.086653,0
126.7428161,220.1590909,100.6363636,528.8863636,17.73535655,0
127.6062802,212.0,95.69230769,590.5769231,34.24338575,0
111.9965035,215.5,96.05555556,567.6111111,30.30793605,0
144.6483051,221.4666667,98.2,552.8666667,13.63752992,0
100.8798077,228.2307692,102.3846154,595.8461538,17.0224356,0
113.8481308,249.0,116.1851852,672.962963,25.47722833,0
125.8885542,216.3333333,101.5714286,551.4761905,23.09381439,0
87.3125,227.0,99.0,576.0,10.22252415,0
111.7462312,233.72,106.04,669.76,22.32974698,0
105.7330317,234.1428571,102.7142857,659.1428571,16.59865374,0
113.1171171,233.7142857,106.1428571,571.7142857,21.0228253,0
136.175,236.4,99.0,561.0,38.53517873,0
119.6032609,221.862069,96.62068966,620.2931034,25.92776139,0
139.1954023,211.5454545,99.54545455,516.9090909,31.41300462,0
139.3252525,210.483871,94.06451613,496.0967742,23.33683141,0
130.875,224.0,97.0,454.0,42.98473566,0
144.8375,217.6666667,98.26666667,546.4666667,23.92488244,0
145.2375,226.0,101.0,593.0,31.74523586,0
137.8046875,219.0,101.75,522.25,14.67086824,0
145.2160194,205.1153846,92.69230769,385.9230769,18.61208648,0
144.9166667,214.8333333,98.16666667,494.8333333,23.2874549,0
116.5125,212.8,99.6,413.0,19.41462078,0
127.9717618,213.4411765,93.38235294,449.2352941,25.42536439,0
101.4625,220.8,97.6,530.0,31.53791369,0
110.4572368,231.0,100.0,517.8421053,14.78432201,0
133.9360614,210.2244898,89.3877551,428.5918367,32.62128556,0
137.7395833,228.6666667,101.0,706.0,23.62025967,0
129.4899598,207.5,86.5,294.25,11.15165346,0
136.2183099,199.1111111,88.44444444,483.2222222,37.04651731,0
118.125,205.4444444,91.11111111,528.2222222,43.83301648,0
129.871345,219.1818182,97.09090909,594.8181818,9.412493895,0
123.2451923,208.9230769,94.07692308,432.3846154,25.45747121,0
130.8092643,207.2608696,92.65217391,383.173913,26.83063171,0
120.6950673,212.2857143,96.0,438.4285714,24.88309401,0
127.8754153,240.5263158,114.3421053,617.1578947,25.49813963,0
117.8740741,205.8235294,88.23529412,478.8235294,23.93893616,0
115.55,213.125,93.79166667,561.125,42.94982538,0
137.2919708,229.0232558,106.6976744,568.6511628,17.51281691,0
111.109375,226.0,100.0,717.0,9.287087811,0
130.9134503,195.5925926,86.96296296,422.0,18.43908891,0
174.9583333,216.0,98.0,541.0,7.586537784,0
162.2232143,209.0,89.85714286,622.4285714,15.6999935,0
114.3925687,240.8205128,119.3846154,688.6666667,11.31359227,0
129.45,221.0882353,100.1470588,403.4117647,22.20798588,0
136.9087894,188.8684211,79.65789474,279.9473684,16.8887717,0
132.9296875,195.0,84.0,290.5,7.696387139,0
133.6820702,229.8235294,103.4705882,730.2941176,22.92473015,0
113.7363636,202.0,91.14285714,414.4285714,5.890150894,0
118.2352941,219.4117647,104.0588235,574.2941176,12.97055489,0
133.3149606,208.875,93.9375,650.6875,19.38658928,0
113.1328125,232.0833333,106.1666667,782.9583333,30.46716698,0
114.588697,198.95,91.1,495.75,23.41682088,0
108.5480769,211.1538462,96.38461538,659.4615385,21.76664839,0
131.2693498,239.8852459,116.9016393,685.1393443,20.81369638,0
113.9364641,207.6086957,91.82608696,363.3913043,17.61894495,0
130.3715278,203.0,84.88888889,402.8333333,32.19467213,0
123.149729,251.827957,114.4516129,855.7526882,16.06009641,0
116.5504808,251.6153846,112.9230769,883.5384615,14.97631266,0
131.128,236.0,108.0,740.5,27.69363645,0
137.0595745,211.1333333,98.4,525.8,20.50300791,0
87.91071429,233.4285714,108.4285714,681.0,11.51042119,0
141.5137255,193.0,81.0,300.0,10.62849207,0
134.8301527,205.2727273,94.06060606,563.0909091,14.72527733,0
97.84821429,248.0,123.0,668.0,12.67650889,0
109.1761364,248.1818182,125.5454545,708.5454545,16.78990251,0
138.1781327,191.4117647,83.92156863,348.1764706,13.63812532,0
91.075,199.0,93.0,465.0,20.441135,0
116.2220339,226.0,105.2567568,763.7972973,19.83859267,0
137.2898551,195.8846154,87.80769231,409.9230769,18.18706218,0
113.5803571,201.3809524,88.0952381,427.5714286,14.77127199,0
140.54375,225.95,101.9,724.3,19.57875124,0
135.1291391,258.6315789,125.6842105,770.2105263,13.80874507,0
115.7886905,256.8571429,125.2380952,785.4285714,9.762020905,0
142.9539474,237.8947368,107.1052632,811.3157895,22.0626155,0
105.421875,250.5,122.25,706.0,13.86486116,0
118.8628571,206.5909091,93.90909091,538.0909091,21.68196112,0
143.0926829,201.1923077,88.57692308,514.8076923,29.87540696,0
136.53125,214.125,94.875,625.5,14.87394954,0
132.8819444,253.9444444,119.3333333,807.5,23.2336495,0
112.8020833,213.5833333,95.33333333,586.5,24.69592859,0
143.6886792,205.95,91.5,542.85,11.30265456,0
109.9830097,239.9615385,106.3461538,834.9230769,9.364733037,0
126.6529492,262.0869565,119.2608696,819.7173913,12.40649336,0
132.2923497,261.7391304,123.5652174,785.6086957,24.0373056,0
114.5919674,268.1944444,121.3611111,886.2037037,14.22167968,0
147.1125,268.6,126.0,872.8,15.8492902,0
120.5976563,205.4375,91.25,565.8125,15.87253918,0
118.2400881,215.2413793,95.68965517,646.862069,16.11677068,0
132.7122302,216.2571429,98.54285714,717.1428571,20.9224028,0
132.6125954,242.5757576,111.9393939,826.2727273,12.21463994,0
166.546875,218.0,107.0,732.0,10.96300597,0
106.3907104,259.1304348,119.7826087,842.5217391,17.2840169,0
121.1428571,192.8823529,81.73529412,363.5588235,19.11131117,0
132.3818182,210.0,87.85714286,489.5714286,25.03711531,0
125.6102088,214.3333333,95.40740741,574.8888889,20.39190781,0
146.5178571,213.8571429,92.0,534.8571429,32.40811186,0
144.1184211,226.9473684,100.4736842,647.5789474,19.21506796,0
112.1698113,199.5,89.25,539.45,16.28273626,0
109.2291667,216.7777778,91.0,554.3333333,29.71635456,0
129.1242515,193.3809524,83.04761905,486.6190476,24.01355437,0
136.4936816,205.12,90.73333333,663.1333333,26.45447578,0
95.54973822,220.7916667,99.29166667,619.375,14.38942513,0
113.5214844,227.09375,100.09375,640.71875,28.77388614,0
115.4696746,265.8953488,119.1976744,877.744186,13.49302245,0
141.8419118,265.9411765,119.4117647,876.8235294,25.68157418,0
132.023224,231.4347826,101.1304348,765.0217391,25.32503263,0
139.325,252.6,113.4,812.0,23.76047138,0
133.1904762,199.2758621,86.89655172,448.2068966,32.4695412,0
132.74375,227.1,100.35,635.6,30.61372241,0
126.2252252,209.4285714,92.35714286,590.1428571,16.17963573,0
143.2813688,178.88,78.8,361.7,13.43501396,0
111.7539063,207.375,92.125,650.875,19.39676197,0
93.5546875,207.25,90.75,670.0,15.61599741,0
155.6180556,218.8888889,94.88888889,698.1111111,17.23762752,0
122.8715278,240.6111111,110.1111111,704.6111111,20.23259807,0
126.9055118,240.3125,111.125,706.8125,27.89202115,0
127.1205534,201.5,96.875,508.125,30.31649458,0
139.7386364,219.0909091,98.22727273,612.5,27.84442464,0
115.4605263,220.8421053,93.0,632.3157895,35.27368264,0
127.4528302,203.9,89.5,520.35,26.5301715,0
117.226601,181.5882353,79.23529412,364.745098,24.43478716,0
132.4293194,182.1666667,86.58333333,423.0,27.87210374,0
132.9669118,261.6470588,105.8235294,870.7058824,18.61372043,0
124.675,202.0,88.0,591.0,40.62708456,0
113.1310861,201.2941176,87.70588235,617.9411765,29.74551811,0
120.4269802,229.4901961,101.4117647,761.8431373,16.92819038,0
131.7421875,214.125,91.1875,600.25,22.59977876,0
144.1789474,192.6666667,87.66666667,563.6666667,25.8245953,0
142.5296296,254.5,116.5294118,871.1470588,10.15485634,0
118.7701613,206.7096774,87.32258065,504.2258065,41.54335273,0
149.7936508,189.5,80.5,407.0,16.41978608,0
122.1012658,178.1,77.8,404.55,17.04780044,0
117.839196,240.28,103.24,774.12,21.02021884,0
128.1147228,238.0606061,105.9393939,730.6969697,28.78379556,0
141.665272,201.3333333,90.13333333,518.85,25.86430402,0
136.5906643,199.9428571,83.91428571,413.4,24.20312006,0
114.4341238,214.8736842,96.41052632,699.7789474,22.80566096,0
125.8909487,200.0344828,89.93103448,508.8103448,24.66014539,0
133.6309524,185.0,73.0,267.5,9.594716971,0
130.5225464,178.9444444,76.84722222,285.0138889,13.02123148,0
144.4475524,210.6111111,92.05555556,694.1111111,26.51205177,0
143.271875,214.75,90.5,585.9,25.71769819,0
128.4649299,179.0634921,77.52380952,336.2222222,16.29649385,0
139.7322404,266.0869565,119.5652174,851.0,19.33565812,0
132.0175879,214.96,94.6,573.6,23.59274465,0
102.9765625,195.5,91.0,442.0,26.29519918,0
111.541841,207.4666667,96.0,591.7333333,36.10226216,0
144.25,178.8571429,81.14285714,425.0,10.25192864,0
110.5966387,256.2666667,113.8666667,838.8,11.93984925,0
118.3916084,253.6111111,117.6111111,841.1666667,14.87281471,0
134.5828437,253.0,114.9814815,836.7777778,16.27398515,0
110.0625,221.7142857,98.0,628.0,25.81646366,0
119.2767857,222.8571429,100.0,637.0,32.55952163,0
134.3049451,181.6521739,78.73913043,408.2173913,12.06472776,0
140.4308176,195.85,86.65,524.4,11.24322018,0
121.4270833,219.1666667,93.375,583.2916667,20.15732394,0
126.8875,204.6,92.0,572.0,28.24464551,0
133.1147287,221.3580247,99.41975309,717.0864198,18.60481948,0
126.127907,203.7777778,89.51851852,567.7407407,20.9037247,0
118.9190283,200.9102564,86.26923077,565.3846154,17.67578195,0
164.21875,211.0,86.0,678.0,7.245688373,0
128.9399399,206.6190476,95.38095238,650.6666667,17.78837553,0
140.5817223,190.1388889,84.69444444,397.2777778,21.89614939,0
115.20625,192.4,78.3,451.1,21.67233259,0
135.0664063,233.25,101.4375,699.625,17.03752751,0
120.3613445,238.0,109.9333333,671.6,50.15371926,0
118.5503145,202.4,89.05,490.5,36.16476185,0
150.2125,227.4,99.0,670.0,19.1,0
122.2829912,251.6744186,113.4651163,840.3255814,18.49236464,0
135.7060185,229.1111111,104.4814815,570.6666667,32.77336233,0
147.4734043,213.0,99.0,458.0,16.06410768,0
128.4212963,226.0,103.6666667,694.7407407,48.72044495,0
128.7052897,235.92,107.04,765.76,29.05019105,0
138.0033003,204.5789474,89.26315789,541.3157895,25.48325179,0
119.0201884,217.4255319,94.31914894,630.0425532,21.36856718,0
129.1520522,190.0149254,82.62686567,450.0597015,22.46211632,0
95.81818182,220.5555556,106.7777778,715.5555556,10.31838824,0
137.0966387,211.4,91.8,621.4,30.01377462,0
116.6361607,224.8588235,107.8823529,761.6352941,20.45792712,0
153.9930556,222.2222222,104.2222222,714.6666667,30.76072532,0
126.3020833,226.0,97.0,545.0,37.62534607,0
98.69485294,254.6470588,113.3529412,843.3529412,23.9582971,0
124.2890625,262.125,122.625,815.25,21.14877853,0
100.8990385,206.9230769,90.15384615,522.6153846,12.27351023,0
114.2695167,194.0882353,86.79411765,483.0588235,24.35770059,0
123.2083333,238.0,109.0,774.0,24.14309195,0
133.6666667,218.5,95.5,651.6666667,35.4976525,0
98.61702128,205.0,90.66666667,507.6666667,6.236095645,0
94.61267606,228.0,95.33333333,686.4444444,14.77986618,0
140.5217391,204.8076923,90.69230769,593.5384615,20.18816807,0
118.5360231,233.9545455,106.0,740.9545455,30.51178474,0
143.5625,258.1818182,119.6363636,897.7272727,11.60008549,0
117.2520548,257.0,118.4347826,929.0,8.041480363,0
119.8717712,251.4411765,118.6764706,884.6617647,19.1729968,0
133.9270833,228.6666667,101.0,562.6666667,47.62498177,0
134.8348214,279.4285714,118.9285714,912.7142857,18.9768925,0
126.4444444,209.3333333,92.33333333,596.7777778,16.7582668,0
140.7102273,225.0909091,100.2727273,672.7272727,18.77619382,0
134.6224719,194.75,88.33928571,440.1428571,23.46202289,0
141.7268293,187.8461538,80.34615385,415.4615385,17.51487111,0
105.8270893,241.0909091,112.1363636,857.8636364,11.7779911,0
121.5656192,221.9117647,94.97058824,465.2941176,21.74482399,0
144.0471822,256.2083333,120.1875,835.0208333,18.72145976,0
117.8845238,206.4339623,94.45283019,452.754717,26.17651014,0
106.7088608,213.6,93.4,627.0,7.797435476,0
136.1904762,211.2,93.88,589.88,28.05691359,0
119.4783465,269.375,122.1875,851.71875,14.41014725,0
127.2714138,267.2622951,126.0819672,905.6065574,16.58055511,0
150.4712644,214.7272727,93.45454545,487.1818182,16.78645656,0
136.1611842,210.5263158,93.26315789,531.2105263,18.21463294,0
125.46875,188.0,86.0,439.0,12.31614794,0
171.859375,233.0,113.0,785.0,12.85252893,0
132.2701149,226.0909091,100.8181818,677.1818182,31.20844344,0
122.4932886,207.8947368,93.84210526,554.0,10.98500615,0
125.911306,208.1846154,94.64615385,615.3692308,17.96226156,0
109.0334821,259.8928571,122.9285714,874.5357143,24.5386773,0
122.8581731,213.1538462,94.76923077,558.1153846,15.85809856,0
136.0504032,215.5806452,95.83870968,575.2580645,36.97669204,0
120.1556196,221.2272727,104.5454545,741.2272727,16.64536518,0
143.176,208.625,92.5,609.0,29.56956839,0
109.2483444,220.9473684,101.9210526,716.5,23.0337131,0
110.9375,204.5,91.75,596.75,31.16889475,0
143.3509615,214.5,104.5769231,723.0384615,16.34090413,0
132.8229167,218.8333333,97.16666667,715.6666667,27.12727205,0
135.5298329,210.9056604,95.69811321,459.2075472,25.29924852,0
137.5717054,253.0615385,118.1538462,870.1692308,18.58607992,0
108.453125,211.5,94.41666667,574.25,28.16568046,0
103.7445055,213.2173913,96.26086957,611.5652174,28.75823216,0
136.3238289,228.0322581,104.8064516,757.3870968,28.20930393,0
140.453125,206.25,96.5,569.75,12.22126732,0
124.358396,197.7,86.86,439.02,20.11765394,0
142.1072607,214.7368421,93.57894737,573.3421053,31.34886577,0
117.4018325,217.1666667,99.14583333,538.75,25.16276874,0
123.526178,207.5833333,97.875,582.6666667,23.65528445,0
108.7135417,223.8333333,104.0,760.0833333,33.49709772,0
141.3541667,230.6666667,111.6666667,852.3333333,18.1146043,0
109.1867089,251.0,114.05,880.0,20.37762253,0
116.6141304,218.0434783,99.30434783,599.2608696,26.95960712,0
137.4955986,205.0985915,88.73239437,527.2957746,27.27446515,0
146.5700483,199.3461538,86.5,438.4615385,18.8229056,0
117.1914063,224.0,107.0,687.75,28.71893702,0
120.1445993,205.5833333,89.94444444,522.5277778,23.36167261,0
121.4522777,212.3275862,95.74137931,623.6206897,23.83425352,0
147.375,216.7272727,100.7272727,640.0909091,26.69045083,0
136.3396226,223.9,102.55,691.0,34.48517798,0
114.3866171,236.4117647,114.3529412,794.9705882,23.37510061,0
146.4322917,195.6666667,91.33333333,463.0,13.12652108,0
142.7068063,206.0,91.125,559.7083333,17.77516799,0
155.8671875,221.5,101.125,650.0,16.53358325,0
137.3229167,238.6666667,113.3333333,790.5,34.13413085,0
107.2478992,248.0666667,112.4666667,850.2666667,15.98109995,0
131.6914286,206.9545455,94.54545455,612.5454545,18.71408406,0
126.0421053,210.7083333,97.58333333,618.75,17.76696177,0
118.28125,221.7142857,101.7142857,701.4285714,25.64514514,0
114.3695652,233.0,111.0,765.0,13.6707311,0
145.6546053,221.8947368,96.84210526,536.3157895,29.61731918,0
116.515625,222.0,96.0,546.25,39.25521904,0
129.2857143,204.744186,88.74418605,496.4883721,34.59716411,0
113.0833333,217.0,98.33333333,598.0,18.49324201,0
121.4034091,230.3636364,104.6363636,760.2727273,25.80441374,0
142.1,222.0,101.0,697.0,51.79575272,0
115.4208333,209.4,88.86666667,551.9333333,22.94825096,0
114.627451,200.09375,86.03125,476.03125,32.67081015,0
107.0041667,212.2666667,96.0,683.3333333,17.18448913,0
109.8397213,216.8888889,98.66666667,646.8888889,27.85727513,0
111.8705722,217.0217391,97.08695652,620.5869565,31.31987085,0
125.9774775,210.2142857,88.14285714,558.6428571,29.89616384,0
120.3219064,217.1333333,98.26666667,665.96,24.36135373,0
90.83908046,222.8181818,98.36363636,707.1818182,17.27464104,0
154.4125,211.8,88.0,511.4,15.6792857,0
133.4081633,210.9069767,93.20930233,580.6046512,20.24199192,0
120.90625,209.4,93.3,571.8,36.67710457,0
120.5291262,227.6923077,104.1538462,731.1538462,18.07184871,0
117.3910714,256.2571429,112.8857143,810.9428571,17.9089762,0
114.5959596,246.44,115.72,791.08,26.28295265,0
115.7456897,252.4137931,110.4482759,741.5172414,25.28251782,0
126.8913043,247.4347826,109.9565217,735.9565217,33.10303557,0
133.4795918,224.5405405,95.81081081,604.027027,22.78745442,0
109.3387097,259.6976744,121.3023256,830.4883721,24.92088075,0
122.8307087,222.125,100.0,627.75,30.08711311,0
102.7864583,219.5,100.5,609.5,21.42995697,0
138.0927419,238.4516129,106.8064516,659.0645161,19.5242585,0
154.3125,269.0,122.0,846.7142857,30.13710168,0
159.890625,236.5,106.5,741.0,29.03769102,0
139.4466019,216.8461538,100.4615385,587.5384615,42.47324253,0
113.6278481,240.08,110.24,678.64,22.01039754,0
109.3958333,233.8333333,113.5,654.8333333,18.57791401,0
138.5482955,210.5909091,98.09090909,470.1363636,20.38026918,0
146.4648438,251.625,121.5,817.625,30.75609696,0
134.4935345,223.5517241,101.5862069,529.3103448,23.53387014,0
118.3917775,247.75,111.7884615,700.5769231,25.04873209,0
126.0390625,232.5,105.0,715.5,35.81179101,0
132.28,211.8181818,93.72727273,494.4545455,25.86263778,0
138.2560386,203.0769231,90.46153846,431.3076923,20.16529328,0
145.7861635,199.4,88.8,364.0,12.70590414,0
115.4125,199.4,88.8,364.0,9.152048951,0
156.6458333,250.0,116.0,717.0,19.77933827,0
135.5575758,210.516129,96.70967742,529.483871,21.57237413,0
133.1875,225.0714286,103.2857143,594.7142857,27.54115659,0
146.7896175,238.0,108.3913043,680.6956522,29.44078675,0
117.9375,214.0,102.0,541.0,18.40346435,0
122.2409639,236.2307692,109.4615385,674.3846154,16.58383757,0
128.9375,246.6666667,122.6666667,791.0,20.33606539,0
113.25,231.9,101.9,599.6,20.54361215,0
76.34782609,213.3333333,92.33333333,467.3333333,15.08494467,0
119.0267857,201.2857143,87.07142857,529.7142857,34.54758623,0
135.1079545,228.2727273,94.54545455,693.0909091,25.66954655,0
114.9780564,241.975,110.125,733.45,24.33381135,0
140.9230769,216.2,100.4,534.8,15.10761397,0
119.7327366,231.9387755,102.5306122,688.1428571,30.83266225,0
141.2307692,242.0,107.3076923,739.8461538,26.01183163,0
142.3464991,237.1142857,101.5428571,667.2857143,27.44249647,0
147.21875,224.125,100.375,603.0,24.02310086,0
130.0873894,225.2982456,104.4736842,712.7719298,27.25158372,0
113.4125,243.0666667,110.3333333,808.2666667,19.07412442,0
120.7772436,218.6923077,100.2051282,567.3076923,31.82380817,0
114.1171875,247.25,116.875,713.125,27.63602721,0
107.9137931,224.4827586,102.9310345,724.6206897,18.57990425,0
156.0892857,250.0,112.7142857,728.8571429,23.64533867,0
105.3105469,230.28125,105.46875,733.0,19.52339842,0
148.4375,233.7058824,100.2352941,694.4117647,27.02837161,0
115.6625,230.4,100.2,614.2,12.73734666,0
145.6815476,216.4761905,98.52380952,524.5238095,20.29387272,0
124.0159033,236.8282828,106.2323232,769.6363636,21.23077583,0
122.048,223.375,99.75,707.125,8.569568251,0
114.4340278,249.5,109.5555556,805.3333333,30.99442403,0
139.7540984,236.1428571,103.5714286,715.7619048,29.92541749,0
122.4881075,222.4590164,99.60655738,650.4262295,27.4687871,0
142.5338542,215.0416667,101.0416667,591.875,19.77933827,0
105.5104167,225.5,97.5,669.8333333,17.66096606,0
119.4851485,222.3684211,95.0,629.8421053,29.26732269,0
121.8303694,221.3913043,98.73913043,705.8478261,24.04981637,0
123.4170153,207.9333333,90.97777778,484.5777778,36.52994037,0
141.1241218,218.5555556,98.88888889,670.1111111,18.5071076,0
127.877551,222.8648649,97.91891892,652.2972973,24.11531828,0
159.0729167,212.0,95.0,613.0,17.24013405,0
109.286036,235.4285714,102.75,719.1071429,20.29765745,0
129.1286765,213.3529412,94.64705882,592.6470588,26.5900572,0
105.5988024,218.2857143,97.52380952,611.1904762,28.12653624,0
123.912261,217.9642857,96.30357143,623.8035714,24.43670891,0
107.3832335,224.952381,103.6190476,651.0,22.88757894,0
137.1084337,218.1153846,94.26923077,531.6923077,28.08640514,0
119.660401,217.7,99.3,672.24,23.66874733,0
150.0416667,210.0,92.0,565.6666667,27.87422146,0
147.05,230.0,95.0,644.0,21.13196631,0
129.8872017,211.9310345,95.44827586,587.2068966,30.40992234,0
100.21875,218.5,95.5,597.5,28.77885026,0
121.84375,216.7142857,98.28571429,574.2857143,30.05038286,0
122.0122283,214.8913043,92.84782609,535.2391304,31.21233458,0
143.3618421,220.8421053,99.63157895,674.0,30.22345221,0
82.66666667,218.0,98.66666667,666.0,21.85304454,0
134.986711,214.6842105,90.68421053,476.0,20.11104904,0
125.0627907,206.8148148,91.77777778,526.1851852,24.23382891,0
175.0,205.6666667,98.0,528.6666667,4.921607687,0
153.7670455,219.9090909,97.45454545,609.0,19.27701496,0
106.3263889,216.7777778,92.66666667,556.6666667,27.57391861,0
90.7125,201.2,96.4,512.0,13.09350984,0
120.8037383,188.037037,87.22222222,367.0740741,17.9152861,0
108.462963,219.9411765,98.58823529,745.8235294,31.76851829,0
135.6217105,216.3684211,99.42105263,699.6842105,28.71273328,0
134.8490879,194.0657895,82.39473684,383.4078947,23.90173138,0
102.3735632,211.4545455,91.90909091,519.9090909,16.25367091,0
115.7096774,199.75,83.25,414.75,12.43734296,0
143.1809045,195.24,84.56,458.96,15.4607115,0
138.0493421,211.4736842,92.57894737,560.3157895,29.20753897,0
129.7677165,213.5,94.5,794.75,28.43962904,0
129.2125984,185.25,75.25,288.25,11.52426109,0
114.9635417,189.5833333,83.0,407.75,22.72602522,0
116.1770833,206.1666667,95.0,582.6666667,7.363574011,0
112.5355191,208.4782609,86.82608696,470.2608696,18.03671953,0
133.7246835,206.85,88.05,436.85,30.91763251,0
145.5208333,216.0,98.5,691.0,23.32142553,0
128.7975952,188.3809524,78.80952381,405.1587302,13.80587436,0
108.2395833,214.3333333,99.0,662.6666667,12.44208807,0
133.1731785,187.8833333,81.95,400.95,19.77074157,0
119.7620192,192.4230769,85.26923077,454.2692308,29.61570929,0
143.384375,202.3,84.0,458.1,12.42577965,0
133.2920082,209.1311475,90.42622951,526.3934426,24.08802053,0
110.15625,203.0,84.0,452.0,24.27618861,0
114.6319444,214.6666667,89.0,537.0,26.8374163,0
117.0351759,224.52,97.4,577.32,23.50101274,0
136.3884298,187.0,83.52173913,372.0434783,13.33585357,0
130.2432432,203.1666667,88.38888889,522.6805556,28.07600671,0
155.1132813,199.875,87.75,479.9375,14.33513494,0
142.4912892,210.4444444,93.16666667,456.7777778,20.68226711,0
108.821875,213.8,95.05,571.9,16.15270875,0
112.7740864,211.6315789,97.15789474,569.8947368,30.30601085,0
133.8713592,211.1923077,94.46153846,555.1153846,24.89602639,0
129.7844311,193.4285714,84.80952381,469.4285714,9.036082871,0
117.1875,197.6923077,87.46153846,510.5384615,21.85563175,0
118.5355731,224.0,104.78125,686.40625,19.54232186,0
108.5733696,219.0,98.7826087,596.2608696,16.13787476,0
153.0277778,225.7777778,103.4444444,699.1111111,13.98411798,0
139.192053,226.5263158,103.8421053,618.8421053,28.95052614,0
134.8114286,238.4545455,105.9090909,680.3181818,18.44894675,0
114.195,217.76,93.8,604.56,32.55518392,0
130.7,224.52,99.16,637.64,31.31374139,0
134.7023433,210.2727273,95.46464646,444.0,25.07608258,0
121.3523928,216.1485149,97.7029703,685.2376238,36.99218993,0
125.3006135,211.5309735,96.0619469,504.0619469,32.40773212,0
125.3637634,227.8814815,104.2296296,643.1407407,28.00982975,0
134.7428571,222.2727273,102.3636364,664.4772727,43.26386941,0
136.9129264,211.4571429,96.02857143,491.8428571,28.39223809,0
131.2794118,207.3,93.9,479.6,13.11487705,0
127.7510176,227.5698925,104.0215054,791.4086022,33.5591484,0
107.8645833,223.0,108.0,719.7777778,24.96491365,0
125.6742857,228.7272727,96.90909091,598.1818182,38.83991833,0
117.6900763,208.1707317,95.14634146,486.8292683,29.16748901,0
131.7122128,213.1730769,99.23076923,635.1538462,25.62597956,0
110.9453125,223.75,104.75,595.25,18.81986982,0
145.3625,223.8,104.2,586.6,26.51339284,0
135.2575366,187.5616438,84.73972603,313.4931507,25.68923069,0
110.7735849,189.3,90.5,423.1,29.71935396,0
132.8676123,217.6792453,99.33962264,439.3018868,24.28358329,0
123.5166113,219.3947368,100.8684211,457.5526316,30.71903774,0
140.6830601,197.5652174,91.17391304,475.3043478,17.23297494,0
139.7707736,201.5454545,92.81818182,502.1818182,12.47352568,0
132.90625,209.8461538,90.98076923,564.5384615,38.2490428,0
134.8206107,231.2424242,100.4242424,712.3636364,15.40157291,0
123.384858,196.6,87.5,308.15,19.00236827,0
117.3351648,219.2608696,108.6086957,632.0434783,40.11283707,0
120.6088683,243.0842105,109.7157895,835.9052632,31.03273939,0
121.5503472,202.4444444,89.52777778,535.2777778,38.83324392,0
115.9385307,225.047619,100.7619048,716.9761905,27.75814726,0
109.5625,236.8,110.3,647.2,16.30613382,0
122.4266667,230.2888889,105.5888889,735.5111111,28.61387042,0
136.0121457,212.8387097,90.80645161,584.4516129,29.74501419,0
120.7625571,222.9090909,95.36363636,660.2,29.48065061,0
144.6383929,215.5,87.42857143,590.9285714,23.1168284,0
132.3443038,226.4848485,99.83838384,692.4343434,30.19106588,0
136.7897898,210.3333333,92.80952381,596.7142857,25.71992883,0
121.9789272,204.8181818,97.18181818,535.5454545,37.22874962,0
116.8538153,224.2692308,96.65384615,744.8974359,24.09902115,0
133.06974,203.1132075,91.62264151,432.1886792,25.71127029,0
143.3645833,196.6666667,85.33333333,388.0,20.17768294,0
145.3258929,207.2857143,96.42857143,571.5714286,25.81448731,0
132.55655,220.1428571,99.7012987,679.6233766,27.59505872,0
126.7934224,223.1311475,98.1147541,584.9508197,33.93945476,0
103.7894737,223.0,100.0,596.5,12.4465524,0
145.625,208.0,86.625,458.25,23.33452378,0
127.933414,227.0384615,104.5384615,554.2307692,30.33498259,0
154.9375,207.3333333,87.66666667,647.0,11.08176681,0
120.6277174,211.1304348,92.95652174,622.0,29.96879284,0
107.0808824,228.3529412,110.9411765,756.5882353,27.213878,0
116.8238806,204.4285714,92.71428571,394.6428571,20.81431785,0
111.6323529,232.5882353,102.2941176,569.5294118,14.86711612,0
117.8080569,238.2264151,101.2641509,643.8867925,29.55257909,0
133.2241379,203.4713376,91.51592357,514.8726115,29.3226825,0
134.0306513,227.5454545,100.6363636,589.8181818,26.25162551,0
117.5275591,226.75,105.625,636.625,31.35881056,0
137.9267241,234.137931,113.5172414,778.9655172,39.68987986,0
123.6175743,246.2745098,113.6666667,774.4509804,20.30039687,0
125.98,212.3617021,96.17021277,615.6382979,33.31440688,0
117.0189366,214.2528736,99.63218391,683.1724138,32.95459028,0
152.0069444,213.4444444,100.4444444,718.5555556,31.25798663,0
147.9261364,200.1818182,95.63636364,420.8181818,21.05011729,0
110.9034091,214.7272727,97.63636364,548.3636364,39.22071472,0
130.1939776,214.0222222,95.54444444,450.1,20.98507406,0
139.9819079,219.5,98.89473684,741.6315789,24.31420877,0
128.8981391,241.859375,112.71875,752.75,29.10915274,0
115.9600939,234.5185185,103.2962963,644.8888889,42.32077517,0
131.0137255,197.375,85.25,383.375,35.51886603,0
139.7447917,236.875,107.5,532.25,25.70583456,0
123.4265021,217.025641,99.85470085,623.6239316,24.02529288,0
95.85714286,248.1428571,116.2857143,805.4285714,15.66355447,0
128.6205357,237.7857143,98.64285714,610.5,15.84941897,0
136.3873874,212.4285714,99.28571429,652.7142857,51.96623708,0
119.9308036,218.8928571,96.35714286,756.7857143,34.11093378,0
123.3959011,228.4793814,104.0463918,540.9845361,27.31913295,0
103.8515625,224.0833333,100.9166667,650.375,20.13698746,0
108.5827815,244.5789474,112.8421053,709.2631579,26.32999617,0
127.0878661,205.9,94.37777778,515.9333333,32.66886047,0
137.5034483,201.826087,88.73913043,481.3913043,17.15711892,0
124.59375,210.0,94.0,562.5,56.79690915,0
133.308642,220.1935484,97.06451613,593.8064516,16.25396774,0
136.5545455,217.9285714,94.92857143,739.2142857,34.50502773,0
136.4228972,188.4814815,87.0,527.037037,9.891316112,0
136.7747253,207.5217391,97.17391304,594.0434783,30.98032792,0
127.6951934,224.0841122,103.2616822,720.7383178,35.56174609,0
131.18,186.25,79.5,384.0,16.38108189,0
145.0787037,219.6296296,102.2592593,507.6296296,27.41021007,0
158.9126984,239.25,111.75,748.25,17.90207739,0
114.5208333,226.875,103.0833333,725.0,28.52873795,0
123.5503145,223.8,99.2,649.25,14.52540877,0
144.9602273,226.0,101.0,611.0,21.4001622,0
122.9372385,223.15,103.6333333,601.8166667,30.38224536,0
136.4262626,228.1935484,106.0806452,605.1451613,29.14970866,0
129.2979167,229.6666667,102.4,593.4,29.67707683,0
118.3174084,247.6979167,111.09375,830.78125,22.78899807,0
115.9719388,227.5306122,101.5102041,674.5102041,24.57729268,0
138.1826923,243.1282051,111.6666667,790.7692308,26.40960915,0
112.7132035,230.8448276,108.3793103,746.2586207,25.67466005,0
122.0090909,233.7655172,106.6344828,662.262069,41.04161398,0
143.3828452,220.4666667,100.9,685.9,19.69176365,0
137.2223141,194.8289474,84.31578947,387.6973684,25.9882911,0
122.0980263,227.03125,104.4791667,585.1354167,28.64873281,0
134.4169611,241.6111111,107.5555556,704.6111111,31.11785641,0
121.9951807,208.2307692,94.42307692,630.4423077,25.30085248,0
151.25,233.0,112.0,763.0,29.6413457,0
144.5402299,234.2727273,110.0,639.9090909,26.34858505,0
113.9344473,237.5714286,104.5102041,737.4081633,25.04617976,0
142.3038793,216.2413793,100.6206897,668.7931034,29.49177116,0
117.4646739,199.3913043,82.56521739,344.8695652,18.50703642,0
120.894958,212.4,94.0,535.1333333,14.8936974,0
143.038206,230.5,106.3157895,724.9210526,24.2513386,0
150.7436709,216.55,98.8,522.3,22.03270297,0
104.1197917,213.1666667,102.3333333,693.8333333,27.15119703,0
137.6255605,195.9047619,86.72619048,473.0119048,26.27336181,0
131.9886364,217.7272727,98.40909091,536.9545455,32.74999211,0
146.4703704,203.3529412,94.94117647,433.2352941,21.15456383,0
128.2031963,208.6,96.72727273,454.0727273,21.0979142,0
121.2368605,214.9333333,98.1,490.6777778,27.75265753,0
119.7504174,234.0397351,108.2384106,687.8476821,34.12169122,0
135.4912536,192.7816092,83.8045977,369.2528736,19.58516132,0
141.0323559,184.8412698,81.98412698,351.4444444,13.68445462,0
127.1869748,233.5333333,102.0,737.6,17.98273864,0
123.2828639,193.1851852,88.7037037,464.1666667,38.58807822,0
117.1355353,186.9272727,82.58181818,337.0,31.54902259,0
136.2742981,199.0,88.03448276,412.1724138,17.74934475,0
127.7454338,209.1818182,96.38181818,570.2,41.61223596,0
128.6358234,181.2133333,81.16,294.76,17.60179789,0
130.1641577,190.6022727,82.90909091,347.2840909,15.5682938,0
127.53125,227.9285714,107.9285714,615.5,27.24950851,0
140.5219436,218.0125,100.175,564.575,30.84319212,0
132.1375291,182.2222222,92.74074074,381.037037,35.23185988,0
136.4581545,187.1864407,78.94915254,325.2542373,15.82615263,0
129.7038123,182.372093,74.88372093,292.6744186,13.40592283,0
129.1864578,225.1290323,102.4435484,661.6451613,27.97899465,0
105.984375,181.25,76.75,351.25,42.07415329,0
112.2233503,221.24,103.16,627.16,22.84402767,0
140.6753927,227.8333333,103.4166667,524.4166667,24.75028058,0
132.5234899,228.1721311,101.6967213,644.8770492,18.81549655,0
146.3972125,207.3333333,90.5,537.1111111,19.91928156,0
136.6197802,196.7719298,88.07017544,481.2631579,21.05197367,0
106.0085714,201.0,85.81818182,579.0,18.87743198,0
116.4324324,224.4052288,100.2418301,710.503268,29.04463385,0
132.1232558,214.8518519,95.07407407,679.4074074,26.75745861,0
121.8923611,215.1666667,94.16666667,602.9444444,24.09241467,0
131.870155,206.6307692,92.26153846,462.1384615,31.04658077,0
130.3122066,194.037037,84.48148148,554.5925926,17.44959427,0
113.6107955,208.1363636,90.68181818,635.4090909,36.27785336,0
141.6572327,205.55,90.45,558.35,40.3931925,0
120.2337662,211.7792208,95.45454545,583.4415584,34.53837443,0
136.7544643,215.4285714,95.0,594.3571429,23.82889688,0
117.9580838,212.5714286,96.85714286,700.1904762,20.16496591,0
118.7171717,202.08,91.92,563.64,46.55140814,0
117.8825476,201.2631579,90.0,447.9736842,25.48070736,0
128.6960227,197.4090909,93.0,522.7727273,25.5110169,0
129.4368771,196.4210526,89.5,401.9736842,16.99252321,0
127.1473632,256.6835938,146.2070313,441.3789063,22.99150094,0
123.8731466,226.3881579,107.5263158,532.8355263,28.75919701,0
126.7615965,215.5384615,99.70940171,469.3675214,21.63348325,0
127.7637326,255.0526316,139.0947368,376.8421053,18.47572638,0
133.7202442,208.016129,93.45967742,449.2580645,17.9772138,0
124.377261,228.5342466,110.0273973,556.260274,26.87613747,0
126.1688654,221.0833333,106.5416667,507.0,13.88919444,0
133.6581633,227.7346939,104.9795918,440.8163265,18.26301434,0
114.8125,208.5,94.5,474.3888889,23.12739811,0
137.904376,244.8205128,128.7692308,446.1538462,16.9401235,0
113.474359,227.4375,106.765625,517.921875,22.13398035,0
132.5204461,216.4705882,100.9411765,481.7058824,30.78398901,0
131.8654545,226.3801653,103.4793388,542.5619835,18.13448384,0
148.203125,223.9166667,104.5,402.0,18.08006883,0
140.2259348,227.0886076,103.164557,538.6962025,27.77756891,0
116.1785714,233.9090909,112.0454545,626.5227273,30.96201185,0
140.4318182,227.6363636,112.2727273,593.8181818,38.30974241,0
128.4641661,235.8404255,115.9042553,513.4148936,20.08348353,0
132.7910321,203.12,87.58666667,333.3866667,21.67538286,0
112.725,224.7,107.6,433.9,27.52834902,0
103.4829545,231.8181818,112.4545455,599.7272727,27.58787613,0
149.345912,210.7,98.4,385.6,15.38343265,0
131.8706294,220.25,97.02777778,456.3333333,34.29568009,0
146.2878151,212.6333333,97.66666667,457.6333333,15.22658494,0
120.500886,227.1509434,108.9150943,612.6509434,22.59104439,0
119.4644809,240.9021739,116.0,576.5,27.9725658,0
118.3859649,225.4444444,108.3333333,528.4444444,17.17232916,0
133.3437006,247.0252101,132.7478992,450.7478992,22.82771833,0
132.0854801,202.9259259,93.18518519,389.2777778,19.20590901,0
155.125,235.0,116.3333333,649.0,20.28378906,0
118.9428287,243.8893281,127.6640316,489.8893281,19.87520314,0
112.9210245,255.4745763,144.440678,506.1016949,21.55352496,0
153.5848214,260.1428571,151.5714286,486.5714286,19.02857679,0
129.0547085,232.5428571,116.15,464.5785714,23.41680889,0
126.3737769,221.125,104.625,507.875,22.58661713,0
183.28125,209.0,93.0,588.0,14.5,0
153.7460938,251.0625,133.625,499.375,12.57213561,0
130.8951049,238.8055556,118.1388889,527.5555556,26.47442278,0
138.5235849,211.55,94.3,409.675,30.17432684,0
114.9243615,240.203125,116.84375,602.171875,26.74036041,0
119.2519305,278.1384615,170.0615385,405.8769231,19.06562941,0
111.8095238,246.8275862,131.8965517,479.6896552,13.01860007,0
133.5342857,210.0454545,98.13636364,523.8636364,26.96922029,0
107.9191176,251.1764706,129.8823529,518.1176471,27.47808186,0
126.1379142,233.8914729,110.8372093,572.9844961,20.27515193,0
142.7395833,220.6111111,100.6666667,480.6666667,16.75384607,0
133.3463687,226.4,107.2888889,458.4666667,27.37743506,0
152.8269231,219.6153846,100.6923077,411.0769231,12.64630357,0
125.2264666,237.1847826,131.1086957,463.0869565,16.79455463,0
126.4048387,224.474359,106.1538462,565.7564103,24.24971448,0
135.1405714,243.8636364,125.4818182,432.1909091,25.19013483,0
106.6822034,236.9333333,121.2,491.6,21.31499212,0
129.2517483,250.7037037,124.1481481,548.962963,25.07262428,0
110.6835749,246.7307692,128.3076923,500.9615385,19.87698857,0
134.4102564,240.2222222,123.3333333,431.7037037,17.02439144,0
114.7693208,235.4814815,125.1296296,459.537037,20.30170244,0
132.5372017,242.1777778,121.7703704,533.5037037,26.43745524,0
136.382263,233.8780488,116.195122,417.3170732,35.39226936,0
147.6011561,232.8181818,117.5454545,467.0,29.05878909,0
134.6913124,213.25,95.16176471,425.2205882,26.97268899,0
123.4242424,227.9746835,112.8987342,476.7341772,19.62540561,0
120.8056537,249.9444444,123.7777778,494.0,21.49282108,0
134.9865772,232.5357143,118.6785714,397.9642857,24.53576627,0
133.8789063,211.0,91.0,342.25,15.56124493,0
119.4861111,239.8813559,118.1355932,559.0338983,34.66277812,0
114.9331984,233.1612903,114.7419355,563.1935484,18.86912039,0
122.2259615,225.9615385,107.0576923,476.9807692,49.99586891,0
124.6368821,203.1818182,89.93939394,460.1515152,16.371603,0
135.5526036,230.0508475,107.0338983,598.6779661,14.80504351,0
125.7639885,241.84,127.6171429,435.3085714,28.13950901,0
137.4857143,225.0133333,105.44,501.6133333,19.32413574,0
104.5058824,239.3125,126.1875,483.375,16.88260824,0
136.6446945,224.1282051,107.8717949,346.0,25.308069,0
125.6645022,238.6551724,121.7586207,527.5172414,18.81962696,0
133.3417367,207.1555556,103.3111111,465.2888889,14.77779449,0
125.4782609,217.9090909,98.78181818,586.8,41.53945053,0
146.2236842,197.2105263,89.68421053,229.3157895,10.34073247,0
122.4010417,195.5,88.08333333,223.4166667,18.99616189,0
134.2261905,207.3333333,97.52380952,542.3809524,23.30454979,0
109.3016304,216.9565217,98.95652174,600.0869565,16.56139406,0
120.0961776,214.8039216,100.2156863,582.5490196,53.54395407,0
139.9821429,195.3571429,100.0714286,476.9285714,13.41355543,0
115.6081081,251.5,123.6785714,564.75,23.46020839,0
134.0091211,213.6710526,104.4078947,360.25,29.48705054,0
114.1311475,256.2608696,142.8695652,470.9565217,16.8771834,0
132.6293303,198.4909091,81.96363636,252.2909091,13.44857361,0
135.0804598,213.3636364,92.45454545,540.0,22.1486339,0
135.527907,200.5555556,90.96296296,365.3333333,11.07896585,0
124.4161736,204.9375,89.5625,347.875,15.30417503,0
147.8894737,254.1666667,133.5,481.0,9.557937365,0
129.8245798,206.35,88.81666667,325.2666667,20.61431541,0
159.6666667,225.3333333,98.66666667,596.6666667,21.58252894,0
133.0636882,220.8181818,104.4393939,544.8484848,24.82539578,0
115.8483034,220.4920635,102.9206349,546.5238095,20.516682,0
118.9047994,235.7125,111.5625,626.175,27.41532418,0
118.3174905,214.3939394,91.48484848,520.030303,38.54433484,0
127.4767103,196.1046512,86.54651163,390.2209302,35.2278395,0
132.1004184,237.7333333,110.7333333,611.1,26.84763594,0
131.4166292,215.4929577,103.2323944,157.2042254,14.04207693,0
118.6012333,232.3770492,103.9508197,754.6393443,36.02089632,0
126.196477,246.2142857,115.2642857,830.4714286,26.35667731,0
120.9758772,265.2631579,150.4912281,215.0877193,37.3479064,0
127.8051546,235.1639344,107.6885246,729.295082,34.2625853,0
105.8596215,224.5,101.325,682.375,20.11825974,0
136.3944175,206.8076923,91.07692308,499.1730769,34.3201674,0
126.8366337,206.9736842,94.65789474,560.7631579,38.66548956,0
129.6910714,205.0377358,90.37735849,359.9528302,22.80767056,0
124.0348028,221.8536585,96.46341463,491.902439,25.95335414,0
134.9475891,226.7666667,102.2333333,625.4666667,24.0096277,0
130.4442786,197.1889764,89.36220472,201.5826772,16.73446026,0
117.1812866,211.8139535,91.58139535,529.5813953,31.68411558,0
134.7354805,212.2941176,96.76470588,555.1260504,35.76044471,0
125.3499197,232.5641026,108.2435897,724.7179487,31.60216882,0
140.1486486,199.1428571,91.0,491.1428571,18.10175321,0
125.3852295,216.388535,98.08280255,647.9363057,31.90598766,0
133.6126374,183.3478261,81.13043478,285.6956522,16.46305367,0
117.7882448,215.8076923,96.73076923,620.0128205,29.16878268,0
138.9967105,234.2631579,109.9473684,710.4736842,41.1854128,0
160.234375,223.375,100.25,674.0,20.90716085,0
118.9104564,236.8990826,108.9724771,764.4311927,27.03422689,0
112.1184211,213.6315789,104.5789474,604.6315789,16.65404878,0
116.8624454,220.4482759,100.3793103,621.1724138,16.01812291,0
136.557971,207.6538462,93.03846154,618.3076923,32.66415077,0
127.7176259,190.6285714,85.37142857,375.4285714,30.93157689,0
128.0503145,211.25,99.25,588.25,27.45887835,0
134.3337347,238.6360153,109.6206897,783.8467433,24.59846802,0
130.3320313,198.0,87.0,426.25,17.77539996,0
136.0596026,224.4736842,98.0,625.5789474,20.35474857,0
109.7785714,199.3333333,86.44444444,506.4444444,9.669858988,0
112.6232558,215.037037,99.62962963,601.4074074,24.18027856,0
108.8173077,228.7692308,98.15384615,686.1538462,22.65747,0
132.0223684,217.7916667,99.91666667,625.8125,27.81504358,0
127.0266223,220.300885,101.2920354,693.7787611,28.91910559,0
136.7603858,202.0705882,90.11764706,527.9294118,24.65960933,0
149.359375,213.5,100.1666667,650.75,17.54102335,0
125.0506329,240.28,116.84,408.2,20.06294096,0
110.1019417,251.7692308,120.7692308,903.0,23.05126779,0
113.203125,229.5,103.3333333,725.6666667,30.58957702,0
129.9504505,213.7857143,94.21428571,628.6428571,42.94989962,0
138.0681004,209.6226415,89.96226415,588.4339623,23.34222313,0
126.5179924,267.5522388,154.6119403,338.4925373,21.77260516,0
116.9464832,199.8536585,85.24390244,422.5853659,38.55316099,0
107.4314286,224.9545455,102.3181818,695.6818182,17.09846303,0
140.2176871,212.6486486,99.18918919,628.2432432,34.21051573,0
118.5111111,225.2105263,100.6315789,702.754386,26.41645075,0
108.3113497,216.2926829,95.46341463,651.2682927,20.97989179,0
148.2175,218.68,95.8,604.0,36.11758574,0
124.7113095,225.3809524,101.952381,648.047619,29.95378148,0
123.2320675,209.0,91.0,216.8,20.21704451,0
119.8656126,208.3052632,93.2,565.9578947,31.3630338,0
154.3317308,208.7692308,93.84615385,561.3076923,11.92183616,0
143.0894819,200.95,86.6,445.575,26.6856586,0
127.0125899,210.3142857,93.05714286,532.8285714,29.9345681,0
121.014881,263.7619048,146.4285714,237.0952381,34.20188164,0
126.9250681,220.2608696,101.2173913,694.7608696,31.27372445,0
133.4945227,222.0,96.65,651.775,34.69351524,0
128.2243714,248.0769231,114.4307692,854.5846154,25.89512759,0
132.6905109,214.8372093,95.37209302,638.4651163,19.88966319,0
118.5245232,214.6304348,95.89130435,549.8913043,38.46015295,0
138.0171429,224.3636364,104.0,721.6363636,20.61372407,0
124.2941176,204.3529412,91.88235294,544.7647059,24.36742962,0
140.8506944,205.1388889,90.25,472.6111111,22.2345799,0
119.130988,210.6547619,93.23809524,623.3095238,26.05415823,0
121.5173611,230.5416667,103.0416667,768.125,28.70144518,0
117.5302419,237.1290323,107.6129032,786.0967742,58.59355762,0
133.2803347,225.4666667,102.0,725.2,15.78804048,0
123.3654709,262.0714286,138.3214286,244.5,24.06146466,0
130.8841463,214.1474359,103.0064103,163.4038462,15.86081908,0
134.2291105,198.7,86.14285714,377.9571429,28.89672321,0
118.4348958,227.6666667,106.4583333,736.8333333,23.1222596,0
101.5135135,231.2857143,106.4285714,791.5714286,21.27852227,0
123.4402277,205.1818182,88.42424242,515.030303,26.20551677,0
137.9895833,208.0,96.0,562.6666667,34.38376151,0
162.45,217.8,97.0,672.6,25.30296425,0
134.8095238,189.25,76.16666667,230.1111111,10.95825412,0
125.6718995,189.55,82.35,251.575,17.86265308,0
132.0807537,188.9361702,75.85106383,250.0851064,18.1658772,0
122.921371,191.4193548,84.93548387,315.1612903,21.50420427,0
128.4590411,198.6428571,88.67857143,340.0178571,27.15231599,0
121.3319444,202.3111111,88.95555556,468.4,21.84676149,0
121.624,222.8023256,103.8255814,669.9534884,26.46748671,0
132.1578947,212.2131148,99.52459016,532.7868852,29.27612751,0
132.4395161,210.3548387,95.12903226,637.2580645,29.67019547,0
140.7318117,217.9545455,97.02272727,649.3636364,29.21743614,0
122.514881,254.3333333,120.0,885.4285714,35.03532393,0
119.8541194,212.746988,97.48192771,575.0120482,32.47255505,0
105.2670157,216.3333333,101.6666667,684.6666667,12.64334476,0
118.8636364,242.7878788,121.3939394,552.4545455,28.21171435,0
106.5555556,201.2222222,83.55555556,467.6666667,33.4269057,0
144.0314465,196.5,88.55,455.8,16.88460838,0
119.0455531,205.4827586,92.86206897,527.5862069,30.38570914,0
135.1489028,199.525,90.15,472.55,28.78618375,0
150.859375,220.0,103.0,622.0,25.35713657,0
140.6183575,210.1923077,94.53846154,600.5,25.45766732,0
140.6026786,220.7142857,105.5714286,666.1428571,46.5153036,0
124.5425532,251.4150943,119.754717,914.9433962,31.50810075,0
107.6356784,250.12,118.92,943.76,22.28807753,0
130.4825688,204.6285714,97.54285714,111.5428571,4.246487144,0
135.9861878,245.7391304,124.2608696,384.9130435,24.5231267,0
135.6218487,212.1333333,93.4,512.4,25.89328527,0
128.5746585,221.8656716,102.1119403,614.0597015,30.08465075,0
108.9472789,226.0810811,105.3783784,704.1621622,27.49904042,0
123.8305439,250.9333333,119.85,793.5166667,19.28766877,0
105.9145299,219.7272727,97.63636364,606.2272727,18.27979284,0
126.4013776,231.15,105.53,704.05,31.89623802,0
132.4309291,214.1456311,99.09708738,609.5631068,23.36655011,0
153.859375,206.0,91.0,549.0,13.11249404,0
115.1931818,199.0909091,82.18181818,431.8181818,37.56515002,0
103.4166667,223.0,102.1111111,623.1111111,22.15656969,0
132.292887,228.1333333,109.5333333,693.7333333,32.82451658,0
118.4945355,224.0869565,102.6521739,637.9130435,32.42096687,0
136.009542,213.1818182,97.0,593.4848485,37.99893672,0
130.3588435,200.2702703,89.94594595,444.1621622,34.09894082,0
104.2651515,231.28,106.64,718.28,24.7918051,0
87.484375,277.0,129.0,965.0,4.656984003,0
117.5249781,233.9166667,112.9444444,707.9861111,21.19496777,0
134.0718182,240.0434783,113.3115942,749.115942,28.71549325,0
154.85625,222.3,102.3,654.1,21.6988479,0
137.4569231,233.7073171,108.195122,688.9756098,39.79274086,0
130.8853535,266.256,148.272,429.384,21.21100997,0
136.3710526,238.5,114.9166667,730.25,26.35069971,0
131.0292648,243.0909091,112.5454545,867.0340909,21.98940567,0
157.3645833,239.3333333,117.3333333,712.3333333,19.72026594,0
116.5362096,262.3170732,134.9268293,659.1707317,16.69533129,0
116.5752089,254.6,122.6444444,738.5555556,29.25930052,0
136.4926829,261.7692308,137.1538462,438.7692308,19.50208607,0
116.779661,212.6666667,99.26666667,335.8666667,23.06570326,0
120.2044403,240.2352941,118.9705882,705.1911765,26.93321228,0
137.165,250.84,121.16,790.52,21.85457389,0
170.296875,242.0,109.0,789.0,11.75531795,0
147.1944444,251.8888889,129.9444444,691.5555556,25.34460032,0
134.5963597,255.0769231,131.4102564,659.6410256,22.80607437,0
114.5625,228.375,105.625,661.5,31.8745098,0
136.1348684,219.0263158,105.9736842,568.5263158,46.75222009,0
115.1363636,242.9090909,113.6363636,652.5454545,22.55828081,0
128.3210375,250.4,136.7636364,186.5,22.34153379,0
133.6448141,245.5,118.359375,682.171875,38.24300385,0
120.1087282,253.5555556,131.3174603,612.4126984,31.6812792,0
119.3715953,246.0206186,120.2371134,708.9587629,24.50821861,0
134.1032645,268.5425532,127.2553191,887.0638298,35.50436089,0
132.2440945,211.5,107.75,444.25,29.91211084,0
132.2489985,188.0634146,78.39512195,367.4243902,20.62188761,0
123.2974288,189.8,80.58888889,397.2111111,35.03024443,0
132.9221949,185.7662338,78.55844156,349.4025974,25.59113894,0
134.4332386,185.5168539,81.58426966,306.752809,16.8743023,0
129.7300102,171.5974441,70.40255591,206.8178914,10.5116657,0
131.5021552,236.1034483,113.9655172,599.3103448,27.37435897,0
124.7850799,204.2676056,91.25352113,523.9295775,35.92514645,0
119.8961625,193.3571429,87.67857143,332.2142857,11.61389913,0
122.125,205.3207547,91.05660377,399.245283,17.43396226,0
131.1306657,258.4775281,121.6011236,716.6123596,24.63314985,0
117.5700483,249.9230769,124.9615385,650.6346154,20.05505551,0
128.3848631,201.5897436,88.87179487,502.1794872,18.73044893,0
117.5590476,210.8787879,95.16666667,607.5151515,22.23148625,0
124.8795812,172.3,67.51666667,232.3166667,12.91829022,0
129.4375,214.7647059,100.0,438.8823529,45.13509134,0
117.9140244,205.2621359,91.32038835,433.7669903,28.01479821,0
128.7745005,180.7272727,77.32575758,311.7348485,26.18288241,0
127.3031826,252.397351,118.1523179,653.6754967,18.25216985,0
128.6147123,247.8505747,123.0114943,601.0229885,11.63035513,0
146.4464286,213.9285714,97.21428571,653.0714286,29.04043627,0
125.4041958,246.0333333,112.3666667,865.3,21.01436604,0
110.5147059,222.0588235,100.5882353,692.4705882,27.38157894,0
126.6035928,257.0943396,118.2264151,808.2264151,20.94523194,0
126.1952473,270.4795918,125.9387755,744.3265306,13.66283473,0
143.0869565,195.8076923,89.84615385,424.5,22.36163901,0
138.90625,222.0,98.0,668.0,52.0,0
125.8571429,246.1428571,120.0952381,500.1904762,17.63242735,0
116.3544423,252.1641791,113.4328358,879.0149254,20.56685007,0
118.8077634,276.0,133.4411765,718.5294118,17.0985339,0
131.3107769,244.44,110.72,522.64,41.06276172,0
128.2583333,215.2666667,92.6,395.3333333,34.00980251,0
113.8680556,217.7777778,92.44444444,623.7777778,53.86196349,0
134.7873303,186.0,78.28571429,373.1428571,14.44005908,0
136.0576172,198.6923077,84.47692308,249.6307692,8.595361347,0
135.9869452,199.0,82.25,423.3333333,22.8262991,0
135.3773006,192.3902439,77.73170732,428.4146341,26.73606872,0
129.363141,258.8274112,119.715736,731.8274112,15.22978336,0
128.123943,178.460076,74.34980989,270.243346,15.54335977,0
136.4479339,201.4605263,90.01315789,497.75,25.85494844,0
106.462963,181.5294118,74.88235294,271.7058824,13.07021231,0
118.5483539,272.7704918,134.1639344,765.7704918,25.52395316,0
116.9638158,189.1578947,78.84210526,366.5789474,22.95388609,0
119.0179641,188.3333333,82.47619048,354.6666667,21.71783597,0
123.7362924,280.2590674,132.7720207,826.0932642,19.90262477,0
131.3426488,202.8461538,88.28846154,362.9423077,20.98064584,0
127.8448898,183.826087,78.18322981,198.6055901,10.57964734,0
136.1424242,181.4761905,74.80952381,329.1904762,10.37199264,0
132.7208791,188.0116279,80.11627907,358.1511628,26.47719357,0
119.0609982,287.6764706,140.1470588,872.9411765,16.50469158,0
128.8581395,193.2839506,82.19753086,444.5925926,30.96654143,0
126.0751445,184.1818182,79.36363636,309.1818182,7.439008198,0
132.5247678,186.097561,79.82926829,397.4390244,24.76699268,0
134.5351271,201.1190476,89.70238095,505.4285714,33.93171038,0
123.5956848,209.9552239,92.20895522,601.9701493,33.2405786,0
119.7805643,212.8,89.55,389.35,35.33751548,0
121.6573913,202.375,90.69444444,558.0277778,30.37171971,0
116.3471455,207.3088235,91.19117647,540.8676471,38.58620365,0
124.8193344,240.5,113.1,753.25,14.94857853,0
128.5251799,198.8579235,87.92896175,487.3333333,31.09976299,0
123.1666667,249.0833333,116.5,930.5,17.78790944,0
131.3394569,267.3037975,127.8734177,791.7088608,20.76594528,0
112.7791667,207.2,90.36666667,560.0666667,34.24942822,0
118.8333333,242.9047619,111.5238095,594.952381,26.81032732,0
145.1126126,204.7142857,85.71428571,495.0714286,22.28582875,0
133.5096154,187.4347826,77.5,354.2173913,17.52466531,0
83.578125,193.0,85.5,421.5,4.145780988,0
111.5625,206.1578947,89.21052632,542.3684211,44.06284859,0
138.203125,241.5,109.0,557.75,42.29066091,0
124.8608924,252.4166667,124.25,595.1666667,26.56121729,0
125.828125,228.25,102.0,388.5,28.7967012,0
132.9133127,211.7560976,98.07317073,330.9268293,12.63268661,0
134.5162162,191.5142857,80.97142857,387.6,24.11968457,0
112.5973684,206.5833333,92.08333333,526.8333333,25.90524266,0
126.1021429,261.8977273,130.8295455,679.875,26.45005429,0
113.5956113,274.35,132.4,694.65,21.49947674,0
108.2695313,280.0,130.5,809.75,12.6318051,0
132.3789474,230.8333333,117.5833333,475.0833333,38.96650984,0
131.1542857,186.030303,76.8030303,323.5151515,18.76266637,0
119.9917197,199.0909091,84.8989899,391.1111111,25.02204721,0
114.34375,292.1666667,164.1666667,640.8333333,53.04943973,0
104.5945946,196.2857143,83.07142857,385.0,25.26674026,0
123.9189698,195.01,84.09,365.3,25.91936728,0
149.0416667,275.6666667,142.3333333,672.0,46.70980149,0
135.8412138,197.9775281,86.51685393,474.741573,25.86990751,0
148.1601563,193.0,83.0,376.5,20.48169915,0
112.173913,199.1304348,89.34782609,512.3043478,38.28976182,0
135.1063931,244.2272727,114.905303,634.7007576,23.53908419,0
123.9026549,272.78125,130.8125,644.0,20.35840966,0
127.4920906,178.7972973,72.67567568,215.3648649,11.20728234,0
128.5841709,207.68,96.72,535.44,35.6538974,0
109.125,336.0,190.0,579.0,87.35479022,0
140.7568627,194.125,80.25,343.625,17.99034029,0
0.0,336.0,190.0,579.0,0.0,0
118.9168502,204.3070175,89.20175439,509.0087719,25.23995035,0
116.23125,174.9,75.2,242.5,40.80306361,0
133.2128655,176.1481481,71.40740741,237.6666667,10.48926553,0
147.8026316,257.4736842,116.9473684,687.6315789,11.61024478,0
122.5668605,206.372093,89.86046512,494.9767442,26.23863941,0
138.6986301,199.1304348,87.47826087,458.9130435,8.872548518,0
139.172956,194.7,80.4,388.9,22.9085137,0
95.70535714,213.4285714,94.57142857,578.8571429,14.70110367,0
102.9166667,208.6666667,89.66666667,501.3333333,26.2974439,0
132.5554705,204.6463415,85.63414634,442.695122,35.47510669,0
131.5701493,206.1428571,89.47619048,453.0952381,20.86833794,0
127.1800198,224.8350515,99.28865979,675.8865979,8.520005778,0
130.4038109,180.6337209,77.04651163,270.4651163,11.85744803,0
132.0,187.3333333,78.64705882,334.372549,20.418422,0
119.8117519,208.8782609,92.66086957,526.9391304,35.35523854,0
131.3645931,178.810089,73.89020772,229.0059347,14.60430788,0
133.5235602,211.5,90.0,464.1944444,42.04945464,0
116.6964618,218.4411765,95.38235294,592.1176471,32.63836662,0
113.5770235,202.8333333,84.85416667,490.125,28.71190108,0
129.9530744,192.8974359,82.01282051,313.5897436,17.50563448,0
110.6022727,185.1818182,80.27272727,361.2727273,49.78764824,0
117.1603604,212.5,96.84285714,404.6285714,17.28111509,0
129.535009,188.8142857,82.48571429,214.2857143,12.00585741,0
142.2727273,205.1818182,91.72727273,457.1818182,15.64851536,0
136.6987952,198.0384615,85.19230769,310.1153846,9.723165165,0
127.872211,208.516129,95.96774194,377.7741935,28.86438923,0
126.895202,185.24,81.24,269.2,24.29012145,0
128.7888889,199.1764706,89.55882353,350.4117647,18.32690461,0
145.93125,199.9,89.9,476.1,10.30970417,0
129.9422096,176.625,74.1875,210.4553571,9.849792646,0
110.4375,204.0,87.59090909,509.6363636,28.00959104,0
120.6304348,206.2068966,99.17241379,529.6206897,21.67136447,0
130.6226506,178.1755725,76.13740458,262.5801527,16.40669177,0
139.2668024,210.8387097,93.67741935,548.5806452,33.91496375,0
106.4074074,204.0588235,91.41176471,571.8823529,24.02665763,0
132.3170213,190.8813559,80.55932203,338.4745763,24.59180105,0
120.0991379,211.9655172,91.82758621,557.9655172,21.47824716,0
86.61702128,197.0,78.33333333,324.0,9.533566431,0
107.5818182,214.2857143,97.28571429,565.7142857,23.58452017,0
107.9545455,188.3636364,79.45454545,318.3636364,26.99862255,0
119.4351852,211.3703704,97.92592593,433.7777778,23.00390615,0
107.5666667,197.0,86.11764706,441.7058824,31.65416496,0
132.9176398,187.5436893,80.86407767,231.2524272,17.21801344,0
123.9638158,190.9473684,88.89473684,416.3684211,35.83920693,0
144.5234987,180.0833333,82.64583333,327.6666667,13.92982163,0
125.2430556,180.6666667,91.66666667,338.3333333,21.73635516,0
115.2666667,185.5294118,76.58823529,293.4117647,18.65457262,0
109.3693467,215.4,95.96,637.28,33.61866148,0
127.136036,178.9428571,75.8,239.7428571,22.06090364,0
143.3138173,204.3703704,92.48148148,532.1851852,23.84517965,0
120.9509063,198.0240964,83.1686747,419.9036145,42.24430395,0
134.0620079,184.390625,80.0,323.828125,18.15202726,0
138.8083378,190.4827586,81.76724138,345.6896552,22.14604501,0
125.6265296,240.8682171,117.0852713,511.0077519,19.8476379,0
113.7078652,206.5777778,92.15555556,398.4444444,17.69444357,0
123.5595727,221.3636364,99.09090909,578.7142857,28.0039934,0
117.7826748,233.4216867,113.6506024,522.4457831,21.37951722,0
134.6780962,196.3821138,83.64227642,341.7804878,22.78847721,0
128.9598071,200.974359,86.17948718,369.4615385,23.2272879,0
121.6404199,204.0833333,93.16666667,415.6666667,24.52535536,0
150.671875,240.75,122.25,519.25,20.01210571,0
140.5833333,209.0,96.0,475.3333333,32.87476236,0
118.6013986,234.8888889,115.8333333,675.5,34.05500045,0
122.5929566,201.9220779,89.14285714,392.3376623,24.16320234,0
127.2915531,216.5217391,96.97826087,473.2826087,30.10612138,0
119.3233333,232.0177515,109.6982249,542.0887574,22.35035708,0
126.9768786,242.2236842,113.4736842,602.1578947,21.81312281,0
122.0212592,201.2727273,89.76623377,427.3636364,20.57858494,0
106.4285714,242.5714286,123.8571429,610.8571429,28.30807197,0
152.2847222,234.2222222,111.2222222,554.0,21.91904296,0
138.2625635,203.4054054,93.78378378,403.6666667,21.44280032,0
120.245509,224.0238095,112.1428571,475.9047619,17.40482705,0
139.3925781,206.65625,96.0,423.46875,22.11667834,0
118.1241935,236.2051282,101.9230769,654.0,23.50491996,0
159.3203125,238.5,113.5,522.5,11.73602893,0
109.5389222,240.7142857,114.3333333,632.3809524,19.3471684,0
136.3043478,236.3478261,110.3478261,605.826087,36.13720964,0
125.5883777,211.2307692,100.6153846,471.5384615,27.39501207,0
129.8720721,209.5571429,96.74285714,425.8857143,27.75770163,0
128.2554905,202.1395349,91.40697674,541.4302326,18.07633968,0
121.0884495,215.5409836,98.54098361,468.6229508,13.69773912,0
137.1650485,205.7692308,91.96153846,375.0384615,25.82408055,0
103.0382514,243.1304348,115.9130435,579.3043478,19.45981269,0
112.8046875,192.75,93.75,350.75,49.34809393,0
101.2916667,201.1111111,82.11111111,384.1111111,8.178562764,0
130.2608696,239.5652174,116.9565217,531.6956522,19.74717323,0
126.1157895,222.6111111,108.75,452.0555556,19.23608604,0
132.1321928,185.6422764,82.19512195,274.6178862,13.88297501,0
127.4038023,194.4457831,85.04819277,348.686747,17.53058833,0
136.720339,195.8269231,89.13461538,416.0192308,19.97365128,0
114.5357143,213.3333333,97.61904762,563.7619048,15.45383,0
128.6058651,214.6635514,99.28971963,597.5794393,41.04431372,0
119.0845182,208.2,94.175,424.975,24.96945321,0
138.7614679,214.2195122,94.04878049,482.3414634,29.17146585,0
115.2883275,218.7222222,95.63888889,620.8333333,21.98013975,0
121.8291457,214.04,92.68,516.56,32.0153963,0
134.3685504,221.8921569,102.4215686,516.9313725,33.69089796,0
107.8035714,198.9285714,89.5,578.5,12.71508826,0
125.3344191,207.2413793,88.96551724,405.2931034,23.10474134,0
115.8378192,207.3736264,92.91208791,460.3296703,23.80346105,0
127.1979167,219.2222222,101.0,517.0,19.90362583,0
136.2666052,206.8823529,88.75,579.8970588,23.00806144,0
137.1272727,208.2884615,92.90384615,476.5192308,21.43553705,0
135.2186589,194.8953488,84.37209302,393.5930233,22.91934798,0
134.6144578,208.1416667,92.79166667,448.6,29.44840002,0
100.5,212.5454545,88.27272727,546.6363636,13.22719463,0
126.6111111,219.4074074,98.88888889,503.5925926,17.94581083,0
122.0931135,229.1923077,109.9846154,557.0307692,20.23180606,0
132.8762102,200.1868132,88.82417582,476.032967,28.95310159,0
125.9242263,228.0847458,106.4576271,599.4576271,27.69007073,0
134.1552347,197.7428571,85.34285714,449.3714286,24.49089793,0
133.6512059,194.8382353,85.89705882,327.1176471,19.47916108,0
121.3892308,203.2926829,91.7398374,416.7560976,16.53205604,0
116.9196078,195.3125,85.1875,415.84375,31.5182084,0
107.277193,241.7777778,114.3888889,673.1111111,15.11488923,0
97.98181818,199.7142857,85.14285714,364.2857143,21.40570208,0
129.2687747,278.4166667,160.4166667,378.5,16.32971899,0
121.6149254,233.4235294,116.0470588,562.4352941,22.97334095,0
138.205314,228.8076923,112.5384615,559.2307692,14.7261491,0
122.9779202,198.9090909,90.625,509.3977273,33.33946827,0
108.5707071,233.64,112.2,590.36,20.75186739,0
134.9063502,195.755102,87.97959184,401.2142857,21.70206423,0
121.1404806,211.1323529,93.01470588,535.8676471,18.01515606,0
143.7086093,220.8947368,100.6842105,560.6315789,20.76781017,0
134.3484456,216.0927835,101.8247423,473.2061856,20.15153561,0
124.7262884,212.6965517,99.50344828,507.862069,26.12470232,0
125.4125,251.5,132.95,506.2,22.03656053,0
109.6439024,230.9615385,112.8076923,635.1153846,15.47688676,0
118.6767614,217.1078431,99.34313725,620.5,18.56810205,0
135.2848325,210.2957746,93.16901408,446.2676056,29.27565669,0
102.7,213.2,100.6,492.0,18.16516813,0
131.9306488,267.7857143,138.0357143,424.8571429,15.47459241,0
125.6642582,314.5496183,198.6030534,265.6030534,16.13709764,0
144.5958084,215.0952381,100.8095238,497.952381,12.14332399,0
157.0723684,204.2105263,87.26315789,578.7368421,10.43911247,0
125.7721612,234.5930233,116.3604651,534.0813953,26.93923816,0
125.1625,209.9,92.6,592.4,20.36565737,0
110.9574899,212.7741935,93.61290323,475.9032258,28.23389746,0
127.6560636,209.3492063,91.57142857,568.984127,31.43358145,0
133.6641975,213.0980392,95.03921569,600.0,24.14307603,0
138.4754768,200.4130435,93.36956522,403.673913,13.37133251,0
111.4469697,225.3636364,103.9090909,579.8787879,25.21995071,0
138.9683794,259.0,130.25,476.0,14.10008865,0
137.9155844,225.1025641,102.6410256,595.8717949,27.69425444,0
120.4330743,222.5517241,100.8551724,577.8275862,26.09609061,0
120.7901786,199.4285714,94.07142857,402.1428571,17.66640996,0
111.1728723,223.6666667,99.45833333,710.0,15.78413409,0
110.281457,212.1052632,95.26315789,591.7894737,30.48100085,0
136.5425532,211.1666667,96.0,515.75,35.27382961,0
117.5552347,212.8850575,93.3908046,623.3678161,20.16439242,0
134.1577947,222.1515152,98.45454545,714.6363636,21.50396636,0
136.0,207.2045455,91.65909091,476.8636364,28.07254291,0
120.1344196,217.5967742,98.12903226,503.1935484,21.83182933,0
127.1295181,309.8650794,188.515873,315.2142857,19.57907393,0
130.5852018,202.2857143,87.14285714,336.7142857,18.58279185,0
128.6200265,203.0736842,87.56842105,511.9789474,22.31431475,0
110.7904412,222.7647059,102.4705882,636.9411765,20.24247479,0
105.1854305,219.5263158,98.68421053,693.4210526,24.13007227,0
135.6609687,215.6363636,91.0,572.4545455,40.39310963,0
127.6273674,212.1654135,96.29323308,477.9323308,21.44673284,0
137.1693002,203.8928571,85.28571429,354.6071429,23.88247158,0
116.921288,215.7142857,97.28571429,532.2285714,30.07465541,0
117.1595214,239.0634921,115.2222222,620.3492063,26.63627331,0
122.6385135,209.7849462,91.94623656,576.516129,26.83134204,0
116.245283,201.275,87.1,407.275,17.42491033,0
129.8431983,223.7704918,102.6065574,647.3442623,23.78721854,0
133.444,279.0,169.5,392.0,8.63495802,0
138.4326923,218.0769231,98.11538462,556.9615385,27.88482759,0
137.458042,249.3333333,132.1111111,575.6111111,16.52429935,0
112.9038462,215.5833333,94.19444444,670.1388889,22.35382904,0
105.40625,340.8333333,228.2777778,253.6111111,11.50469577,0
124.7676508,212.6122449,91.20408163,650.6122449,18.75589037,0
138.7434555,194.8055556,84.04166667,470.625,27.8894941,0
125.7355584,207.1020408,90.14285714,605.7142857,24.33726308,0
135.3033708,206.1428571,87.14285714,402.1428571,24.64099372,0
138.6923077,204.4444444,89.40740741,509.7407407,17.18582374,0
132.6962248,322.4206897,202.6551724,271.6344828,9.695065369,0
132.0252336,208.2164179,89.57462687,577.6716418,35.22145593,0
123.2686962,287.3854167,174.4479167,332.15625,18.32625041,0
111.8092105,205.6842105,89.84210526,564.9473684,23.33936078,0
121.5037037,198.8823529,85.88235294,509.5882353,17.79798208,0
128.0042857,258.2444444,132.6222222,397.4444444,17.99629592,0
109.8951049,201.8888889,96.94444444,486.1666667,14.477846,0
140.6165541,208.0,96.24324324,448.2702703,20.8566361,0
132.2764045,212.1696429,95.08035714,620.8571429,30.85217051,0
125.845912,212.1,98.525,661.65,33.69120805,0
134.9087003,212.3333333,95.8974359,450.7606838,25.45685138,0
118.8655462,229.3333333,103.9333333,518.0666667,31.4320431,0
141.7841727,204.0857143,88.82857143,606.4,31.13150514,0
131.6991979,212.8297872,96.0212766,512.5319149,31.43138711,0
107.3946188,208.1428571,92.57142857,616.75,30.46526962,0
135.5842027,212.1984127,92.61904762,640.6190476,31.72601452,0
104.3080357,206.0714286,81.0,533.0,16.37833935,0
128.510929,215.6086957,95.60869565,776.5434783,33.22260516,0
112.703125,327.75,204.6666667,265.6666667,10.22625977,0
111.3684211,209.8709677,93.25806452,726.3870968,38.42543491,0
118.6466216,222.2150538,97.68817204,682.4946237,28.27173529,0
106.6037736,235.4,120.4,436.6,22.34837802,0
115.8761261,226.4642857,105.5357143,862.2857143,26.58743278,0
119.1554745,257.4418605,118.9883721,914.4418605,29.90323316,0
134.2800908,235.9759036,109.8433735,559.6144578,30.21088121,0
123.2001121,271.5688889,130.5955556,847.7288889,27.90005301,0
118.1503198,241.8813559,118.8813559,728.2372881,36.67725335,0
128.484544,258.3333333,120.5555556,867.5925926,29.79605012,0
123.5194245,308.25,190.2954545,206.6818182,17.09784373,0
125.5806916,295.0526316,173.556391,281.481203,19.02575384,0
129.9409722,244.1481481,121.8888889,561.3888889,20.90757143,0
125.0636008,228.6875,113.40625,451.5625,25.1500963,0
106.84375,262.375,128.0625,837.25,23.92362522,0
135.7969613,245.2173913,110.4347826,788.4130435,21.03845835,0
113.5039164,235.0208333,111.4166667,636.1666667,25.21428132,0
122.132716,263.5901639,142.5081967,585.7868852,26.53739382,0
125.7804348,234.1724138,115.2068966,451.1034483,27.72490992,0
128.7984791,229.4242424,116.0,403.6060606,26.57867715,0
135.0857605,223.3846154,114.5641026,363.7179487,20.56212024,0
107.8181818,276.0,123.0,923.0,20.65297689,0
116.8496622,254.7297297,116.1351351,776.4324324,30.54683025,0
112.0119048,257.6603774,120.8301887,871.3773585,28.03923407,0
112.7365591,261.2571429,126.5428571,803.9142857,21.74839426,0
124.8690037,242.0588235,122.8529412,499.0294118,23.64407722,0
139.7592025,258.4146341,121.7560976,819.1219512,33.45544952,0
133.9594972,259.7111111,125.0666667,758.2222222,34.4141372,0
129.1752988,204.5,98.75,166.5,7.688262157,0
131.3355372,207.0,97.10526316,264.1052632,21.21157109,0
110.3295455,229.0909091,108.7727273,564.8636364,15.59329428,0
101.275,273.0,124.0,924.2,22.67509647,0
121.0135397,256.7692308,115.2307692,708.9692308,22.78598136,0
129.401323,244.9122807,116.1578947,761.877193,34.94933236,0
139.1607143,221.5714286,107.5,510.0714286,20.4281968,0
119.4728435,266.2881356,140.0847458,463.220339,15.71159929,0
131.0958333,264.9666667,127.2,844.9666667,19.01402991,0
135.0708783,247.5365854,133.7073171,208.7804878,19.88997099,0
134.003937,213.90625,99.21875,427.4375,26.20694013,0
135.5,225.028169,106.2535211,551.5070423,33.19952247,0
132.1086957,206.0,97.0,399.0,0.471404521,0
129.4365672,223.0588235,109.2352941,467.4705882,29.28549365,0
130.6539862,193.2371795,88.78205128,234.2179487,16.37784635,0
127.8972458,216.7833333,102.3166667,360.6166667,28.18451111,0
120.3090909,253.516129,121.6774194,692.0645161,34.11543116,0
135.5365854,252.1136364,131.3863636,649.1590909,16.32735878,0
124.275,264.8,130.8,773.8,11.87602627,0
137.5985577,231.4230769,111.6923077,586.7307692,37.2001026,0
136.3321678,237.6111111,119.1666667,515.3333333,37.77536757,0
122.8482143,243.0714286,122.5,539.1428571,28.80874655,0
141.3045977,213.1818182,104.7272727,341.3636364,13.56100389,0
118.4295652,242.5555556,114.1388889,483.9166667,26.23344569,0
120.2293645,239.255814,111.372093,625.4883721,30.13079474,0
115.4551887,237.037037,106.2962963,527.2222222,13.66631536,0
133.1189427,247.6046512,127.6744186,557.5813953,16.90302567,0
125.392136,235.3050847,114.2881356,651.3898305,39.00747209,0
116.6806527,237.5555556,113.2037037,705.7777778,28.12864822,0
139.5927711,253.1538462,122.4230769,757.3461538,28.35040674,0
130.0623679,194.2333333,87.2,252.0666667,15.66865236,0
134.5217391,238.1153846,119.5769231,595.0384615,40.14679057,0
139.7270115,244.3636364,111.5454545,866.3636364,32.32738649,0
115.2122241,243.1081081,112.3783784,876.4324324,28.67003281,0
137.6942257,240.2916667,107.3958333,852.1875,32.38566963,0
116.6073446,240.494382,109.6966292,846.6966292,32.68997963,0
97.075,251.4,122.8,635.1,11.65160933,0
114.5708661,218.3958333,99.52083333,448.7291667,12.35302482,0
131.0349301,197.8253968,88.93650794,332.5873016,24.43548589,0
133.6901141,214.4545455,95.48484848,415.3333333,11.88535687,0
125.2979226,253.7089552,143.8283582,470.2761194,17.94521036,0
134.7567185,245.9333333,127.1111111,562.1777778,14.67447604,0
134.7636054,241.8378378,110.972973,782.3108108,24.10212324,0
132.3725962,229.3076923,109.6923077,584.1538462,24.57403378,0
117.2115385,244.9565217,154.826087,389.8695652,28.67027864,0
130.1451613,188.7741935,89.93548387,414.9354839,36.446988,0
120.0378416,244.7722222,117.5888889,836.4888889,22.97904238,0
136.0052632,289.125,165.0833333,428.1666667,15.36223499,0
129.0405076,238.9069767,117.1782946,643.4031008,24.39011504,0
117.1099476,286.4166667,163.8333333,430.6666667,25.08471757,0
132.142797,228.0733333,112.9666667,425.22,15.20806219,0
123.1150485,242.778626,123.1679389,452.4427481,12.30703396,0
137.4581749,235.4242424,107.3030303,775.4242424,34.95808851,0
107.1458333,243.0,111.1666667,683.75,18.84070652,0
134.7279942,246.7241379,115.8275862,673.1494253,23.45414058,0
134.9479889,268.3406593,131.3296703,747.2307692,23.187209,0
129.2954545,236.0,127.0,339.0,24.4066784,0
129.7168539,265.1785714,147.5,231.9285714,14.86276508,0
115.1619283,224.4313725,121.3137255,421.7058824,17.5611854,0
115.7630992,261.4247788,129.460177,771.0353982,27.34236604,0
127.155898,207.0943396,104.6320755,339.509434,23.44036463,0
136.0542907,201.0555556,93.94444444,188.3333333,13.45026848,0
139.6494465,231.9411765,106.8823529,753.6470588,41.82915491,0
131.7710623,200.4637681,100.3043478,240.1014493,16.00761214,0
127.4454106,227.6615385,110.4923077,445.2615385,18.35688285,0
123.4243542,282.4230769,190.1923077,427.4423077,19.82104666,0
128.3293651,250.375,121.375,914.125,20.65052871,0
168.7604167,228.5,104.6666667,769.8333333,9.441339359,0
129.2100656,252.3478261,114.226087,780.2173913,23.88581216,0
117.6705202,239.5846154,112.3692308,803.4769231,26.72451615,0
122.0871671,284.0,176.0769231,303.7884615,24.54384888,0
130.25,256.4769231,153.1692308,429.7076923,23.3712715,0
118.3402329,238.4452055,114.2739726,762.4520548,19.11052804,0
124.9349548,233.4144144,108.6846847,789.2072072,24.1447156,0
97.81944444,244.1111111,118.3333333,882.3333333,14.30962725,0
136.5413972,268.6804124,130.2886598,738.7628866,14.3337531,0
137.149552,208.0,104.9230769,366.0549451,32.80092953,0
90.34615385,258.0,159.2,425.6,21.77521527,0
147.3206522,234.6086957,107.6521739,768.6521739,28.57623373,0
135.5630952,231.4339623,111.5471698,767.1132075,15.21622955,0
119.8812525,238.0384615,109.8846154,596.8141026,20.014848,0
138.0094502,239.5479452,113.3835616,495.0547945,16.83613473,0
149.6458333,231.25,100.9166667,744.0833333,26.04749935,0
119.3036876,200.4827586,107.5172414,405.2068966,38.79186205,0
129.6479821,228.8928571,108.4642857,534.9821429,19.48256023,0
131.9479927,228.2753623,111.3913043,544.942029,23.77467213,0
114.0383562,232.2173913,108.6304348,704.326087,14.00035444,0
126.9479769,243.2727273,108.9545455,687.0909091,10.92697398,0
152.5361635,243.675,109.125,686.375,19.73702105,0
133.8625592,229.8490566,99.0754717,739.3584906,31.47840524,0
92.1875,232.5,103.5,510.0,22.65256915,0
115.9076087,250.5826087,112.3826087,778.6086957,30.15296855,0
117.7993421,234.9473684,127.4210526,365.6842105,29.34199906,0
114.4306931,248.3333333,121.6470588,529.4705882,16.21285273,0
114.3877953,228.53125,110.90625,526.21875,28.37952538,0
111.3308824,234.7647059,105.3529412,885.9411765,16.23401529,0
130.8685015,230.4146341,102.3414634,727.2926829,27.25845191,0
110.6721854,238.8947368,116.7368421,565.3684211,15.63060426,0
118.9055482,237.2736842,110.3789474,815.7578947,34.2492639,0
145.8181818,251.3333333,118.7777778,442.0,23.86277643,0
121.5273109,269.2333333,144.0,428.5,26.53595046,0
135.0213465,238.2597403,114.5324675,568.8311688,21.21318753,0
137.5666058,241.3333333,111.4927536,775.9565217,29.76387506,0
134.5298165,229.2545455,106.8727273,590.7818182,16.52080081,0
141.286,250.8125,140.59375,395.75,17.47942429,0
150.9962963,218.1176471,99.70588235,735.6470588,25.29534881,0
126.7524917,260.0,136.0657895,507.5657895,17.49928768,0
100.15,243.8,111.0,764.8,30.13702042,0
121.3910926,304.7362637,199.3956044,435.0989011,24.20905808,0
128.2423358,278.2093023,160.1627907,468.255814,17.05369626,0
128.5836492,244.5847458,115.0,705.7711864,12.76059586,0
133.8143236,222.7263158,104.6421053,528.0105263,24.59652476,0
123.8233475,248.2883436,125.0858896,554.9079755,21.77546327,0
168.8375,252.0,122.0,580.0,17.84376642,0
150.5405405,304.7857143,194.8571429,444.0714286,18.90861482,0
144.2291667,246.6666667,116.6666667,823.6666667,33.00505012,0
133.195302,231.657754,120.7860963,452.0374332,29.64815649,0
137.5648352,255.0526316,115.6842105,835.7368421,39.19450593,0
123.7192586,275.1785714,163.6285714,462.05,14.97957793,0
113.9524854,239.7674419,112.9767442,568.6395349,15.59427184,0
114.25,336.8,228.0,443.4666667,12.63838949,0
139.7904762,255.3333333,121.3333333,722.3636364,16.80553715,0
125.3905237,243.4330709,116.2992126,757.1889764,21.07356714,0
132.8197651,253.1987179,139.9230769,454.9871795,14.90186367,0
149.078125,280.5,160.1666667,456.1666667,36.5956699,0
139.0744186,244.6666667,115.2592593,752.7407407,25.36066319,0
108.3945313,254.625,117.6875,895.0,27.95979256,0
118.5299003,252.7631579,121.7894737,626.0,18.5201283,0
103.8303571,273.8571429,158.1428571,474.4285714,11.74560274,0
110.1335079,209.2916667,103.4583333,473.2083333,19.77213949,0
131.5198903,242.4347826,113.7608696,682.173913,26.11560926,0
149.4423592,244.1489362,112.8723404,609.8510638,18.15857418,0
129.9919614,264.2820513,147.974359,472.0,21.0227953,0
144.4507042,248.0,114.0,876.0,26.98147513,0
113.713877,251.9545455,118.8409091,801.6818182,32.62582129,0
140.5546448,247.7826087,129.8695652,503.2608696,25.5299224,0
130.5377095,241.7777778,120.3777778,527.9333333,17.1043854,0
122.808547,266.4864865,147.3783784,486.527027,16.71157815,0
122.0163723,244.369863,113.9109589,708.130137,17.28209102,0
137.3231707,244.0645161,114.8064516,733.6129032,30.66233814,0
124.0294118,244.0625,117.34375,634.84375,25.84552594,0
144.1977077,245.0,119.9545455,595.5909091,14.23656391,0
137.0387454,231.5882353,114.8627451,462.8137255,29.82282199,0
137.6716172,244.5526316,116.0263158,709.4210526,23.74525758,0
123.3968668,244.1041667,107.6875,685.9583333,29.8275134,0
125.0007461,244.5234375,113.40625,728.4375,12.29582704,0
118.945993,226.3888889,112.8055556,461.3055556,36.96581462,0
142.8888889,235.1142857,113.3428571,728.2571429,24.09149227,0
117.2975,237.32,111.52,681.16,29.82482188,0
109.0399306,248.5277778,125.8611111,582.5833333,24.24069123,0
143.98125,244.5,114.1,743.5,31.99203026,0
125.0101695,238.7567568,118.4324324,584.4594595,20.17777093,0
109.8532934,244.5952381,115.1428571,748.9285714,13.62936672,0
151.2362205,252.8125,115.5,884.6875,16.00976265,0
117.8438356,256.1956522,117.1086957,901.1956522,22.05376657,0
125.8375479,242.304878,116.4146341,587.7439024,24.56074854,0
110.8530864,243.7058824,117.4117647,546.9215686,17.23012928,0
134.0139092,242.744186,119.4069767,556.7093023,23.40175429,0
136.0364668,230.8846154,112.0512821,544.525641,23.57697536,0
120.6039216,233.90625,109.46875,595.96875,16.50710074,0
120.5184382,262.3793103,120.1034483,914.7931034,38.86801962,0
131.2303255,179.8945687,73.95527157,179.1693291,6.236749062,0
143.1639676,188.3548387,79.19354839,345.3225806,16.18262065,0
135.0747423,204.7346939,88.0,456.9387755,29.45628348,0
111.9447732,202.125,84.09375,384.71875,26.0265602,0
122.2306362,243.1358696,114.1902174,656.6956522,14.01550987,0
125.2984108,235.5825603,106.9777365,681.9128015,9.44109233,0
125.8165939,196.2222222,85.23611111,353.1527778,23.2325037,0
122.5139057,181.75,77.92307692,266.5192308,15.91233147,0
129.3436033,229.1658986,102.1336406,660.797235,10.3161826,0
129.167916,205.4761905,92.73809524,395.2619048,28.8419829,0
104.253125,193.35,85.45,416.05,31.57257512,0
123.7,233.7375,109.8375,717.825,9.276575001,0
131.4297872,183.9333333,81.4,230.4666667,4.787019486,0
133.2839397,180.4027778,75.01388889,270.4583333,14.02070779,0
110.5679443,206.1111111,86.55555556,535.6111111,33.98728884,0
117.893401,208.1081081,91.10810811,483.8918919,39.76868838,0
134.4807122,187.8352941,81.89411765,361.4,16.48853644,0
132.2508052,185.9299363,77.76433121,285.2738854,20.93173114,0
126.8329621,191.5204678,81.02339181,237.8888889,19.90432641,0
134.7765957,196.3333333,87.83333333,351.3333333,9.30883027,0
131.6824458,196.78125,87.4375,358.140625,30.60273425,0
110.3010471,191.0833333,81.91666667,368.25,20.50673162,0
124.2246005,197.5181818,86.47727273,392.4909091,27.87998593,0
146.5893417,182.9,77.9,343.5,12.16511406,0
133.2242424,197.25,88.84615385,374.8173077,17.65740705,0
119.0408618,206.0,93.22352941,421.3882353,18.53491982,0
121.9114114,218.1190476,96.04761905,583.0238095,27.47623174,0
135.4643206,188.0,83.10769231,332.1384615,18.9091506,0
108.8860294,192.7647059,83.0,316.8823529,17.17908924,0
115.7030568,205.2068966,85.24137931,476.3448276,27.14413021,0
131.66313,229.1845238,103.9107143,665.75,10.3139064,0
132.2232143,214.0,97.85714286,570.2857143,23.26686354,0
138.0415512,196.2173913,77.2173913,344.7826087,10.83594801,0
127.8425656,210.255814,86.97674419,473.5348837,41.47374338,0
123.3188875,205.742268,87.44329897,420.7731959,34.53481149,0
117.1561462,206.3684211,93.84210526,555.6842105,33.50304902,0
138.1125265,194.9666667,83.36666667,358.7333333,14.90547998,0
110.1281337,260.3555556,117.4,723.9777778,16.91731526,0
115.67,216.9473684,88.21052632,532.2105263,38.16976222,0
135.5141537,193.7,83.9,323.2727273,10.84595366,0
128.7814371,194.4761905,89.33333333,336.952381,10.89300676,0
135.5729167,202.0416667,84.29166667,338.75,26.42862505,0
120.8193658,207.1801802,93.23423423,445.3063063,28.28407325,0
122.5722433,228.6363636,100.1515152,609.4545455,16.42972066,0
120.0034052,201.6936937,90.78378378,443.2522523,23.99413869,0
133.4896789,192.5181818,83.15454545,326.3454545,22.41936147,0
132.9631579,205.875,86.0,384.5,15.74007624,0
138.3054299,203.8571429,89.85714286,421.3571429,26.36098985,0
141.6151079,204.6571429,91.28571429,448.8857143,24.37954981,0
123.3299195,201.2790698,89.81395349,374.0465116,26.16784447,0
110.5552764,200.96,91.2,522.96,32.16069651,0
129.9640758,251.3505155,124.2371134,640.4329897,18.17334255,0
135.9456522,192.0243902,84.35365854,203.1219512,7.112422627,0
129.4940653,192.4651163,82.44186047,242.4651163,13.94763443,0
119.3591772,195.65,84.925,292.925,17.22236918,0
130.8595989,175.0,81.36363636,241.8636364,13.45945856,0
142.5104167,188.3333333,86.83333333,450.0,20.08782799,0
114.0326087,253.5576923,118.6346154,689.0961538,19.43966352,0
115.4341085,262.0877193,144.8947368,562.4035088,14.81472735,0
128.9930314,222.0,101.7777778,479.9444444,49.53175811,0
134.6040609,206.6,97.76,332.56,15.45802057,0
123.4180258,200.6575342,90.10958904,321.4383562,22.2439603,0
134.4959128,191.673913,88.19565217,322.4130435,24.40652861,0
129.8576438,275.8,146.8555556,645.7888889,33.40604107,0
143.4976852,267.7037037,149.3703704,568.9259259,15.14946114,0
134.8294798,258.7272727,133.5909091,602.2272727,14.79725237,0
123.8826367,267.5897436,132.1538462,612.7948718,28.8012528,0
115.8419118,200.4411765,87.32352941,366.1176471,36.64305757,0
141.1168478,204.0,93.13043478,509.7391304,26.60375771,0
116.4616352,278.72,141.8666667,718.2666667,24.15316036,0
131.6163955,274.8910891,157.3762376,516.9504951,23.10984837,0
131.7466667,183.8742857,78.20571429,237.24,13.88947157,0
121.7813212,196.5727273,86.16363636,363.9636364,33.01545343,0
146.6868687,197.8,86.8,320.8,9.255139113,0
120.588453,283.4,140.4117647,776.7882353,17.90665531,0
112.8503937,290.125,145.4375,807.5,16.97136835,0
113.50625,251.6,128.5,490.8,17.90781952,0
125.0417124,292.3103448,187.3448276,429.7413793,9.577644402,0
129.3395985,283.2297297,179.0135135,397.6554054,11.54683669,0
125.8823529,260.1176471,148.8235294,357.4117647,24.56627221,0
107.7521008,194.4,82.26666667,307.6,15.8697476,0
100.8828125,199.875,88.20833333,466.5833333,21.88888448,0
133.9336779,210.1780822,94.52054795,408.0273973,24.77832666,0
130.1519757,186.9227053,82.08695652,282.5410628,18.71777143,0
115.6875,208.0833333,95.77777778,425.5277778,42.71091456,0
114.1793893,225.7575758,98.42424242,455.4848485,15.48701284,0
132.4224638,202.8850575,101.2298851,242.7931034,21.76309224,0
124.6788321,308.7428571,204.6285714,387.4857143,7.588605852,0
130.8035336,195.2134831,84.4494382,329.8764045,19.98008098,0
110.0865385,211.0,93.0,420.6153846,31.14330306,0
112.5627962,196.4150943,88.20754717,334.1698113,17.05455823,0
130.4734918,289.0434783,169.5942029,491.4202899,16.23967204,0
121.022022,297.2539683,192.4285714,414.6984127,9.437972973,0
130.5573048,201.9207921,87.32673267,183.0049505,8.402709615,0
130.3614035,190.5333333,87.11111111,308.3,21.22221059,0
131.5508021,185.0,76.16666667,217.0,11.70008235,0
123.0068702,252.5,143.7926829,313.5487805,32.35442158,0
132.0981098,271.1142857,134.0714286,657.2571429,23.10824572,0
119.725844,205.6851852,92.38888889,421.4166667,28.54101295,0
114.7840909,291.6363636,165.6363636,648.7272727,21.98684806,0
134.8917526,181.6229508,77.55737705,242.2295082,10.1386783,0
129.2222222,187.2537313,81.47761194,300.7014925,16.17958638,0
128.273727,248.6271451,113.9079563,691.0639626,9.934654501,0
125.4336199,289.3432836,181.2238806,361.0895522,12.03990173,0
124.9685039,269.75,137.25,544.0,17.4480255,0
128.1830508,194.1081081,85.02702703,372.1081081,26.94289608,0
118.2571288,202.0859375,90.2109375,360.375,21.28498814,0
137.1977077,202.6363636,92.36363636,388.4545455,27.93779986,0
146.7659574,210.0,92.66666667,550.3333333,34.37739891,0
103.1319444,198.8888889,87.11111111,412.6666667,21.8993207,0
118.5835821,195.3095238,88.28571429,334.0,24.00846648,0
117.1241218,253.537037,116.8518519,715.037037,19.08618817,0
129.4695373,258.615942,129.9927536,597.5869565,21.27599044,0
126.705186,275.8928571,161.1785714,455.2142857,15.35306217,0
130.4067696,187.3831776,80.73831776,220.3084112,13.67903798,0
120.190675,214.2888889,95.27777778,570.0666667,31.15391698,0
134.3012821,250.0,134.1,284.2,19.51275224,0
131.7580866,194.2826087,84.56521739,315.6014493,14.16796391,0
135.1188854,184.4466019,81.3592233,266.3883495,10.91920991,0
144.9213198,197.8,85.92,353.96,14.99631955,0
134.3469971,198.5454545,86.27272727,402.0454545,28.51416931,0
120.6580645,197.6271186,85.25423729,340.8135593,14.19721965,0
129.2869996,250.7638669,115.9397781,718.9080824,9.627592886,0
123.4019312,199.2285714,87.62857143,309.8285714,16.52099606,0
118.7297297,275.4285714,159.7142857,453.5714286,6.123307763,0
134.7278481,245.9,129.0,280.3,18.62927803,0
124.1211668,204.9285714,88.89285714,435.1547619,25.55032604,0
134.7116345,204.0677966,92.78531073,370.3333333,19.20685431,0
130.7132472,238.2405063,109.4177215,690.7088608,8.728708616,0
120.8848168,259.3333333,138.3333333,425.3333333,15.25045537,0
115.0050542,212.045977,95.8045977,377.5057471,18.750759,0
118.3367347,206.9459459,92.10810811,457.8648649,23.28710506,0
117.0073529,210.9705882,90.02941176,538.5,31.77075106,0
123.1378446,248.68,115.64,544.36,39.48205162,0
128.131068,232.5384615,111.2307692,341.9230769,24.66893214,0
131.5027739,198.6813187,89.03296703,262.7252747,15.63703443,0
112.5952381,190.2857143,83.28571429,355.1428571,31.16673033,0
115.8883792,208.2439024,92.73170732,531.4390244,35.46747385,0
117.6875,187.68,82.4,332.4,48.23004872,0
134.5764706,193.78125,86.21875,401.96875,28.30441041,0
135.1929612,202.0384615,90.38461538,477.3461538,36.94299843,0
107.5397727,219.9090909,89.63636364,562.2727273,32.01239429,0
133.2939824,195.9668874,84.73509934,330.0827815,20.08743006,0
117.6655629,182.8421053,85.47368421,350.1578947,20.45249885,0
120.8852596,205.8266667,94.77333333,513.1333333,35.09345998,0
134.5375303,184.6538462,80.48076923,337.7307692,19.80190356,0
135.6306818,201.0909091,79.54545455,464.8181818,28.8673226,0
130.5578313,195.9230769,87.25,437.8653846,30.52605832,0
136.4134615,216.7692308,101.8461538,628.0769231,37.17637476,0
136.4333333,203.4705882,83.47058824,433.4705882,20.0183307,0
113.3988212,229.4375,102.09375,655.625,35.88387303,0
116.7587302,214.2268908,95.62184874,549.0084034,34.47345411,0
113.6666667,207.5555556,88.16666667,479.2777778,43.43851196,0
135.328125,212.5,87.21153846,485.2692308,33.50688241,0
137.6171875,218.3125,100.3125,604.6875,33.51771919,0
137.0473815,185.8947368,79.19736842,256.4342105,11.65908275,0
137.3945666,214.1958763,93.04123711,535.6804124,24.40022598,0
112.1030534,215.773913,95.66956522,581.8,29.36057565,0
124.9905523,195.2093023,84.05813953,399.8488372,31.95470911,0
116.0498576,208.7272727,93.88636364,495.7954545,40.32391447,0
155.0681818,203.5714286,86.85714286,477.8571429,6.726432781,0
114.7695313,202.0625,88.6875,492.75,18.68561863,0
142.2235772,195.0967742,86.19354839,413.5806452,22.53077442,0
133.8228571,225.0909091,98.18181818,643.3636364,25.24229692,0
146.2395833,211.6666667,96.5,582.5833333,14.87634214,0
140.1531532,203.8214286,94.0,414.1785714,13.27048859,0
140.8341176,184.4814815,75.87037037,316.7037037,11.61459573,0
137.9801136,216.4090909,97.86363636,597.6363636,38.66405425,0
132.2666667,194.7666667,84.5,318.2,19.10031995,0
140.2243736,193.8727273,84.52727273,462.3272727,29.36020807,0
136.005988,218.9047619,96.52380952,582.3333333,21.49524021,0
118.7942511,202.2168675,90.78313253,442.6987952,31.43089709,0
140.6163142,205.7619048,92.11904762,487.8333333,21.15395462,0
142.9490291,200.5769231,86.96153846,431.0384615,19.28718648,0
121.2526998,204.6551724,89.31034483,493.3448276,31.49304889,0
132.5157579,204.5952381,91.80952381,431.8253968,20.49491115,0
130.3046875,196.25,78.0,313.75,32.36842356,0
125.8869048,211.7142857,91.76190476,523.6190476,36.72796361,0
107.6302521,204.0666667,94.53333333,413.2,16.30460058,0
115.465368,214.9655172,94.86206897,533.3448276,31.11101674,0
108.5625,207.7272727,93.18181818,504.4545455,38.86913837,0
142.4880295,203.0882353,91.04411765,414.9117647,19.8673967,0
143.3742515,206.1904762,91.95238095,455.5238095,21.57957378,0
116.473913,206.4827586,91.62068966,408.3103448,16.61396344,0
112.9937304,203.525,94.0,410.5,22.57707632,0
136.0496141,216.1403509,96.84210526,503.4210526,34.2874798,0
126.5932755,204.6034483,91.4137931,401.2931034,24.38711893,0
134.8614719,207.7586207,90.34482759,533.8965517,36.45749076,0
104.7368421,214.1052632,95.26315789,558.6315789,31.78023567,0
125.0428322,214.75,95.30555556,444.9027778,23.27459124,0
123.0496516,222.1527778,100.4027778,617.9166667,29.38977826,0
117.5686275,216.5490196,97.19607843,644.8431373,39.39784165,0
130.6622137,213.969697,96.04545455,649.030303,32.69997459,0
113.2583643,210.5882353,90.85294118,435.4117647,33.88405071,0
123.5225225,228.2142857,105.0,590.8571429,32.72488911,0
133.7816092,223.3098592,99.11267606,552.056338,30.48748934,0
131.366112,186.0,82.73809524,273.6428571,17.18005224,0
122.7229064,230.7058824,105.3529412,736.0,26.37811006,0
116.8346008,227.4242424,104.5151515,736.3484848,21.86218206,0
139.1565762,217.3666667,98.73333333,590.3,22.59569772,0
115.7506964,221.8666667,103.6,624.0888889,17.86984494,0
116.3153409,208.5454545,93.81818182,511.9545455,21.13440851,0
116.9648438,222.6875,96.4375,498.6875,29.65471874,0
130.4561404,214.7352941,95.95588235,494.7941176,33.33886452,0
122.2041985,219.040404,97.6969697,583.3838384,25.6607966,0
127.8724428,194.8076923,88.34615385,340.6923077,24.31708527,0
137.4925926,231.5294118,106.9411765,676.6470588,36.43195297,0
116.3907767,200.8461538,91.38461538,357.4230769,19.2589025,0
133.3791391,191.0263158,90.0,319.9736842,18.0968654,0
134.2133946,181.642487,79.29015544,262.9222798,16.53728225,0
144.7767857,186.952381,88.57142857,303.0952381,13.39374071,0
128.0493671,192.3758389,83.63758389,315.2885906,23.8357233,0
123.5266272,203.34375,90.984375,419.28125,20.88472827,0
116.980057,195.0454545,85.78787879,376.7272727,39.67243343,0
112.6293103,216.4482759,96.44827586,531.0344828,33.53015219,0
147.5346821,190.2272727,86.36363636,327.5,8.421734966,0
140.7721519,207.52,93.88,448.28,22.85908135,0
122.2457002,203.3137255,89.70588235,412.7058824,35.81392812,0
131.3412541,180.6145833,80.33333333,270.125,22.70536821,0
134.2371795,182.2,74.9,291.7,23.61244375,0
133.1147132,171.6710526,70.5,218.2894737,13.56340272,0
127.5519713,175.875,71.14772727,234.2840909,16.46979454,0
127.6211824,169.1310044,67.44541485,174.489083,9.037029016,0
132.6731537,179.8740157,77.76377953,261.503937,19.7186642,0
116.3887755,186.5645161,79.70967742,299.9516129,22.05468089,0
139.8080357,175.2857143,78.71428571,270.2857143,9.641534301,0
130.9715324,168.0857143,69.62857143,207.5047619,12.19562391,0
130.2059471,203.7982456,88.63157895,380.8859649,22.95064257,0
89.8125,190.8,83.2,354.8,8.704022059,0
145.5905512,191.5,91.4375,398.0625,14.49137675,0
132.2539326,206.1964286,96.14285714,421.4464286,25.97648441,0
116.0510441,200.3518519,87.83333333,440.7222222,34.84679382,0
127.326087,177.4197531,77.82716049,276.4444444,21.62024149,0
112.673913,196.6521739,89.82608696,399.3913043,22.25101684,0
131.5039578,199.4615385,88.3986014,389.7482517,24.94301197,0
112.6846758,205.734375,91.40625,419.6875,23.89852816,0
136.4859515,202.030303,87.76767677,366.8686869,19.64467547,0
117.9669291,197.65,82.925,308.025,18.6128316,0
137.9292365,195.5294118,81.67647059,296.5294118,13.53724198,0
134.1420233,210.0,95.35384615,460.1692308,16.31400458,0
120.4567281,209.6725664,92.57522124,402.5575221,25.38908596,0
142.0546875,204.75,90.625,375.125,18.26187542,0
114.3885768,211.1044776,92.65671642,638.5074627,24.05890174,0
118.0619555,218.0923077,100.7230769,513.1230769,18.90340441,0
126.2077626,234.8,117.6727273,454.7636364,22.49645702,0
123.3075581,269.8256881,148.5137615,385.5963303,15.62877898,0
123.0342342,209.6571429,92.54285714,702.0285714,23.16764105,0
136.9814815,217.5882353,101.8823529,671.0,44.55415429,0
117.4341317,209.952381,91.38095238,608.8809524,30.49612443,0
156.6679688,216.5,91.0625,589.125,11.47943133,0
124.1187845,207.1648352,89.83516484,560.0549451,28.75738303,0
183.28125,270.0,146.0,430.0,29.5,0
138.3960245,202.804878,91.87804878,547.195122,36.26360952,0
118.6460177,262.6976744,143.8139535,500.6976744,21.93650802,0
104.3020833,270.0,146.0,430.0,154.5732476,0
119.1261261,203.4285714,92.14285714,498.1428571,27.22094032,0
144.387589,200.2580645,88.69354839,530.2580645,19.281231,0
109.2194093,213.4,95.2,562.2,12.80867761,0
130.6868327,217.1320755,100.7358491,535.2075472,14.51952688,0
135.8781362,203.6857143,92.62857143,460.3714286,28.60403853,0
115.8304214,241.4590164,122.3606557,535.3114754,15.8701903,0
121.1696429,197.7857143,91.60714286,525.75,22.50087867,0
112.1980198,214.8157895,96.23684211,686.7894737,37.23586571,0
120.0465753,223.1086957,107.3043478,659.326087,20.21510038,0
129.9263914,218.9428571,97.34285714,640.4,29.92665865,0
121.5916084,199.2444444,87.88888889,449.4666667,21.2525554,0
116.0710456,206.212766,89.34042553,560.7234043,28.63154737,0
119.3933865,196.6181818,87.29090909,458.6545455,28.69448071,0
131.9205607,208.0740741,92.74074074,626.0,21.62899542,0
136.9642857,215.0,100.2857143,676.4285714,24.67420367,0
134.6957164,202.5176471,92.48235294,509.1529412,26.12118683,0
115.6967593,228.3333333,106.6666667,757.4074074,21.88058375,0
118.1173469,205.7027027,90.48648649,524.7297297,30.80763379,0
139.9035874,201.8928571,88.42857143,471.9285714,21.07372869,0
121.7733072,269.9375,140.96875,547.21875,36.65494456,0
124.8222997,292.967033,177.4835165,313.6703297,19.4890288,0
97.91071429,211.0,91.0,501.0,17.57781533,0
133.7643979,290.5833333,157.6666667,517.75,22.52864689,0
137.8586279,186.4918033,83.50819672,387.0819672,16.86164195,0
124.6218969,210.6464646,96.17171717,627.4949495,18.50443297,0
132.6595625,209.3982301,104.5486726,225.9911504,14.27735622,0
127.6019108,191.8,82.95,421.375,23.18938335,0
124.4415584,268.5876289,150.0,421.6597938,15.87498991,0
128.3605769,184.6515152,77.43939394,335.6060606,15.90768392,0
108.2619926,199.3529412,89.35294118,504.7647059,23.15804359,0
130.3632813,199.8125,83.0,434.375,51.05389309,0
127.6080292,176.0,73.68965517,275.6321839,12.68663549,0
125.4818267,198.2518519,86.27407407,488.9925926,25.24718512,0
124.0108696,234.6086957,112.3043478,315.3478261,43.03812,0
130.2620385,202.9044586,91.29936306,391.3694268,20.70000783,0
133.8467742,178.1269841,71.28571429,263.1111111,11.39439334,0
127.48125,259.6,152.4,244.8,17.93432463,0
130.1471429,197.5,81.11363636,257.9318182,20.41403817,0
123.0802005,231.0,117.8,299.96,26.15969419,0
132.9563636,193.2115385,84.85576923,331.8557692,15.41538989,0
104.20625,202.9,93.4,611.4,18.42715388,0
135.1378327,211.969697,94.81818182,597.6060606,26.17011874,0
120.9621212,238.12,112.64,667.6,18.70196781,0
136.3907285,184.4035088,79.71929825,356.8421053,15.52416478,0
115.6722689,182.0,77.13333333,309.6,23.03871138,0
137.3802521,193.7,84.83333333,300.8333333,12.87098373,0
128.8198362,188.6376812,83.50724638,387.3043478,23.7962188,0
136.5526316,272.0588235,142.4705882,465.8235294,15.34651657,0
96.72321429,269.8571429,140.0,452.7142857,20.6634845,0
130.696562,213.7142857,95.5952381,437.7142857,31.95582268,0
128.1954596,200.4690265,83.80530973,497.539823,24.75445711,0
130.2415902,212.9756098,94.73170732,400.7317073,24.41030882,0
125.5167598,225.9646018,109.2477876,625.0530973,22.2911167,0
97.26785714,198.0,81.42857143,507.8571429,15.04143936,0
111.2085714,210.8484848,91.31818182,562.8333333,29.88982294,0
135.1096904,203.5591398,91.92473118,544.1827957,28.63944936,0
127.5379538,271.8947368,146.3684211,538.7894737,15.1095721,0
141.3368146,267.125,144.4583333,553.0416667,22.57764381,0
131.458498,295.75,172.375,388.75,27.1431391,0
123.5244161,255.0338983,138.3728814,588.3050847,28.84446,0
144.2718447,229.8461538,105.9230769,641.3076923,18.39796747,0
127.3901193,252.1441441,125.3423423,698.7387387,24.79701213,0
127.0226469,232.4269663,111.7752809,560.4606742,20.08284194,0
134.4549839,192.1538462,83.23076923,435.025641,19.79991964,0
139.3251366,195.7826087,80.60869565,441.4347826,21.78447445,0
130.4505495,237.3333333,113.9649123,775.1403509,24.88096623,0
108.6394231,193.3846154,79.23076923,406.3076923,22.60413116,0
103.1517857,257.7142857,136.2857143,575.1428571,27.44047361,0
112.2805281,249.4736842,127.1578947,635.4736842,14.22474922,0
125.3586689,248.0720721,121.3243243,691.2162162,26.39368057,0
126.5110212,248.1637555,112.5349345,758.1943231,8.155691443,0
129.9818402,235.9038462,111.0384615,787.1538462,20.78845264,0
127.3643505,247.6666667,137.1428571,436.7428571,14.96682954,0
120.0560472,237.3488372,118.9302326,613.0232558,22.67159195,0
137.8494152,241.8372093,112.4418605,677.0697674,26.64255716,0
129.9861551,251.202454,118.6196319,704.5766871,6.753996618,0
120.9479167,252.3333333,109.9583333,822.375,25.61896948,0
154.725,250.4,112.9,689.5,20.51243525,0
128.2791878,236.8,113.28,712.04,25.70447432,0
117.475,246.0517241,115.4827586,622.2931034,20.7390789,0
122.2703827,246.2894737,117.9868421,768.3026316,24.17157908,0
127.397019,233.2580645,110.9462366,706.7096774,22.73644154,0
137.6982249,237.4418605,126.1162791,441.627907,16.13393777,0
127.841639,236.1052632,123.1403509,521.8245614,21.82247409,0
111.3289474,251.5789474,126.1578947,726.1578947,28.09491235,0
95.36781609,251.7272727,123.6363636,621.8181818,15.42992692,0
143.75,251.8461538,117.6153846,894.4615385,22.93597985,0
130.3057185,248.8604651,123.9186047,589.7906977,24.4750317,0
105.7962085,247.125,116.925,688.2,12.58729518,0
101.7,249.5172414,114.9655172,765.4137931,8.123599303,0
141.5,227.8636364,102.9090909,664.4090909,25.83054282,0
124.8854167,240.25,118.3888889,485.25,17.84734652,0
125.1666667,247.5,113.25,797.0,21.82852205,0
133.7863741,239.8282209,113.1411043,569.1411043,30.33195966,0
128.0634038,244.1052632,111.3508772,751.4912281,8.174610304,0
116.4780822,301.4347826,183.7608696,527.8695652,14.53405167,0
135.1243358,251.9663866,133.487395,441.0672269,22.36496802,0
112.9027848,248.75,120.1532258,816.3709677,25.05455416,0
139.4602649,255.1052632,135.7368421,517.1578947,9.660439934,0
129.0050125,246.06,116.68,719.14,23.56931055,0
141.5313725,232.8125,113.5,684.0625,26.9112401,0
124.5508982,244.5714286,115.0952381,656.1904762,39.11347524,0
121.4790807,273.2897196,167.6728972,459.1401869,16.0461656,0
143.1273148,241.7777778,112.1111111,620.1851852,31.65793685,0
112.9021526,244.875,114.0,612.0,27.76954196,0
141.8716323,248.8734177,113.556962,654.6075949,35.17288999,0
118.6697039,234.75,109.6071429,658.8928571,15.75870346,0
151.70625,230.0,109.2,584.2,18.54292318,0
118.9654255,235.1276596,110.2553191,574.1489362,31.67684269,0
141.2414773,247.6818182,115.5454545,640.4545455,48.8687101,0
126.2493017,243.1888889,115.9333333,657.7666667,20.39729164,0
117.4703704,227.0588235,111.8235294,467.7647059,22.6423983,0
125.8231132,245.6296296,120.2592593,768.4444444,22.95931871,0
125.8164557,244.9,112.5,686.0,47.28453764,0
130.8101695,255.3392857,143.5892857,482.9107143,20.72141965,0
161.4,239.8,122.2,405.8,22.65038631,0
129.3262705,248.75,114.7451923,730.5649038,7.177123008,0
116.8306528,255.0895522,122.9850746,768.1940299,17.38417098,0
135.5948158,251.4347826,123.6304348,748.326087,28.14068928,0
133.5191919,240.6451613,112.8387097,537.9677419,27.5614723,0
139.5629921,247.25,113.0,853.5625,37.5014583,0
126.023399,234.4313725,114.6078431,457.627451,27.14093821,0
137.4369369,246.8809524,120.547619,599.4047619,19.74956586,0
115.9406675,248.254902,116.9738562,618.3006536,19.66329631,0
138.326087,237.5652174,106.4347826,620.9565217,20.24182721,0
118.2934211,252.40625,115.8125,732.3229167,12.11919964,0
110.3070652,241.7826087,112.3913043,581.4782609,27.14011812,0
127.7,242.85,112.6,755.5,28.68727941,0
134.8560071,236.7323944,110.7042254,603.9577465,21.90166659,0
132.8467875,234.3684211,109.5263158,743.1578947,29.1537737,0
120.5393258,236.9166667,112.1785714,769.0714286,21.56822219,0
139.0763158,243.0833333,115.7083333,747.0,20.89951986,0
163.5875,252.6,116.0,642.6,20.6726873,0
131.5273438,248.8125,122.875,796.6875,23.8916009,0
127.8075511,254.397541,118.3852459,718.0860656,7.973375138,0
120.9382353,251.0465116,120.9069767,859.4186047,22.89652695,0
133.2052154,247.3153153,117.4774775,851.4054054,20.00569678,0
140.4880597,242.6190476,109.9761905,619.6071429,39.1477013,0
112.6386913,243.1704545,113.2159091,586.4659091,28.25349892,0
149.8404255,243.0,126.0,858.0,13.6961065,0
135.6965924,245.3645833,115.53125,619.0833333,17.68630983,0
114.424594,249.7407407,118.8888889,803.3703704,44.0465834,0
139.5643836,227.3478261,103.3695652,602.6086957,33.8378207,0
110.1822917,233.375,107.2916667,609.9166667,45.1677237,0
128.2217529,255.6115702,117.4077135,762.0,7.970711513,0
125.9956317,254.3315508,131.3850267,587.3101604,19.0819464,0
128.8125,236.4545455,110.4545455,663.2727273,35.97427915,0
161.3214286,241.7142857,114.5714286,596.9285714,32.62472144,0
156.4,251.1428571,114.8571429,621.4285714,17.80392069,0
147.0429688,233.5,115.75,528.5,18.98313396,0
97.31640625,258.3125,117.8125,856.5,17.56016444,0
122.172394,251.4545455,119.1090909,663.6727273,23.47160232,0
121.9814264,253.6823529,119.3882353,808.2823529,19.47033588,0
135.1635514,232.4814815,109.7037037,720.2222222,32.95967524,0
110.5526316,264.3333333,135.6666667,919.3333333,15.83486835,0
137.8979058,238.125,112.5,696.0416667,34.39830018,0
116.785473,228.9189189,106.7297297,684.972973,26.36480599,0
154.8359375,241.375,115.75,598.25,33.52214753,0
110.5192308,255.3076923,118.6153846,764.4615385,27.74460873,0
125.1293998,260.9615385,123.599359,742.875,11.46520146,0
124.724036,252.9046693,116.7937743,757.4571984,13.79738994,0
121.0932785,209.7065217,94.02173913,418.673913,18.97264472,0
129.4270115,247.6576577,114.5045045,702.8558559,10.16129956,0
145.8541667,216.3333333,93.66666667,366.6666667,11.30879697,0
143.5583333,202.2,88.0,410.4,20.14944168,0
128.621546,233.4450549,103.1868132,706.3516484,11.73960215,0
119.5270907,210.2149533,94.03738318,394.7009346,22.19821929,0
136.6340694,213.575,93.425,475.525,34.00790349,0
123.7762238,203.5555556,90.08080808,378.6161616,18.24182578,0
131.7048561,243.8363636,112.5727273,682.15,9.257067883,0
133.2065868,189.7882353,81.21176471,261.1294118,15.82910464,0
128.7284031,198.1875,85.41666667,329.7916667,23.2583407,0
118.8706625,218.6,93.8,533.2,36.54842678,0
135.5800365,197.6153846,88.33653846,354.3846154,18.10573604,0
122.5549896,249.6261128,115.235905,734.9614243,10.36556462,0
135.5104167,199.6666667,81.0,409.3333333,14.0857986,0
125.3088972,207.42,91.34,410.02,20.46775757,0
126.0089286,203.0,84.0,480.0,60.07784066,0
117.7658103,214.6875,95.984375,449.1875,12.93961335,0
121.8147448,253.7425743,119.1683168,698.980198,15.89847458,0
134.6625,206.8,91.6,373.6,17.8742832,0
138.4848485,222.0,99.44827586,486.8965517,20.28360162,0
127.4791667,220.0,98.0,466.0,22.24609828,0
113.7933333,246.2553191,111.893617,676.787234,33.26988832,0
126.821755,222.4347826,102.9130435,547.6666667,21.16491888,0
122.1967033,251.0136519,113.4709898,749.5802048,7.996848498,0
140.4734513,245.9014085,114.8309859,656.7183099,31.28015863,0
119.7648903,243.65,118.85,526.4,34.50778898,0
136.3721805,217.8235294,98.17647059,437.3529412,23.10095191,0
103.8907767,259.5384615,119.3461538,701.6923077,7.265566842,0
116.3172205,250.6666667,132.6666667,597.0,14.15383573,0
140.1740506,228.55,106.55,643.25,27.02480342,0
122.1213018,241.5283019,110.0943396,735.0471698,27.79822917,0
104.9310345,239.0909091,116.1818182,731.6363636,17.5607564,0
130.4335021,249.2382671,114.6173285,726.6787004,9.280770485,0
120.3330671,265.0126582,154.4303797,548.6835443,13.55319713,0
126.3517964,248.2619048,119.952381,602.2619048,22.95870294,0
124.1361868,256.2040816,134.3469388,559.8163265,20.23656428,0
129.0670742,251.9445161,116.5935484,706.0503226,8.781240055,0
125.5173522,249.0641892,116.0608108,732.6418919,12.07929303,0
135.3428571,247.2627737,121.5182482,485.9927007,29.12693581,0
142.0351759,253.88,126.12,650.36,27.80601374,0
115.0985577,245.8461538,109.3076923,615.6538462,33.32378808,0
130.7521781,247.5692308,114.8615385,768.3230769,10.32290496,0
123.114643,265.7438017,147.8264463,488.2644628,13.18521421,0
100.3579235,245.4782609,114.173913,779.0,18.93377175,0
125.9181655,253.260521,117.1723447,775.1723447,7.016564099,0
130.197644,231.1041667,101.2708333,639.6666667,51.03640704,0
112.3446866,247.7391304,112.2608696,801.7173913,22.14060798,0
133.2854839,278.3333333,127.0,790.3333333,16.44539507,0
116.4265306,220.0869565,96.66304348,566.3152174,27.01266069,0
137.5132179,193.2608696,84.68115942,376.7101449,16.83641346,0
115.1496933,214.5686275,91.50980392,522.3529412,23.07793992,0
140.572093,216.8148148,92.59259259,556.1481481,17.94122396,0
133.1943574,206.3,90.5,513.8,24.47468079,0
114.4601329,202.0526316,85.15789474,411.0789474,25.04280269,0
135.166113,207.9473684,87.15789474,507.8947368,31.03558854,0
110.4752604,211.5416667,91.33333333,485.8333333,23.06000626,0
138.6998525,208.3882353,91.36470588,421.7411765,21.83522439,0
113.9007937,209.1875,94.625,444.4375,16.39252402,0
119.4282946,215.4615385,98.56923077,508.0615385,19.52237981,0
143.5246305,210.7692308,90.65384615,447.1153846,27.11055603,0
126.8651072,220.4161491,100.4285714,478.3664596,21.84837149,0
131.2834043,217.4864865,99.59459459,542.5675676,23.34324809,0
127.5833333,216.3636364,92.90909091,578.4090909,28.28898247,0
113.2735426,218.0,97.21428571,603.1785714,24.36989088,0
113.4483696,221.3913043,101.5217391,606.1304348,19.57796686,0
144.0165563,220.4210526,102.5789474,491.9473684,16.16552194,0
133.0930736,236.5517241,107.4137931,658.9655172,16.7954753,0
128.971831,245.0555556,128.8333333,572.7222222,18.11979077,0
98.73636364,243.0,129.0,577.0,18.54283513,0
113.9699074,250.2962963,128.7777778,656.962963,24.15235137,0
132.2047244,249.775,113.7,664.625,13.41817797,0
130.7801783,261.0869565,115.7445652,750.6684783,12.76808921,0
142.7148438,248.65625,120.375,669.125,27.5053972,0
119.8308181,246.8734177,115.2025316,655.3291139,35.32659443,0
127.4378194,256.5675676,129.3783784,633.3513514,15.99771715,0
125.4758676,258.9622642,115.7358491,791.1509434,18.82156569,0
133.1409991,254.495283,124.2169811,558.5566038,36.7842985,0
120.0036145,250.3653846,115.75,912.8076923,23.20588166,0
130.0008905,249.8531469,109.034965,895.3776224,14.5845561,0
135.7886565,216.520202,99.33838384,561.0151515,31.95066534,0
116.0477707,224.6949153,104.8305085,671.3050847,38.90016243,0
136.818854,214.7058824,93.14705882,447.7352941,34.45412174,0
111.0286944,229.0909091,100.6590909,599.8636364,33.02199993,0
138.4699647,196.4444444,86.22222222,387.5555556,15.5046787,0
163.7125,232.0,111.2,754.8,22.8035085,0
102.454955,216.4285714,97.42857143,445.7142857,11.29136387,0
118.5287206,209.0833333,93.85416667,463.9791667,23.87976247,0
129.5603933,198.0888889,81.84444444,367.5555556,37.56512699,0
135.4918794,204.6296296,84.85185185,483.3148148,28.55164022,0
139.3999154,187.1275168,78.58389262,332.3691275,22.83681681,0
133.8033141,193.6091954,85.29885057,396.6781609,22.6678965,0
111.9296703,198.4385965,87.43859649,366.6140351,31.25022868,0
115.7430493,195.15,85.45,401.6,26.55965465,0
116.2506667,212.5957447,94.21276596,549.212766,41.76452128,0
134.732746,181.0930233,78.25581395,281.627907,19.5388977,0
115.2515625,194.0,82.125,417.425,21.91915544,0
134.2026549,198.7746479,88.30985915,395.3098592,29.16884066,0
133.9686469,209.0789474,92.28947368,485.6052632,33.47749068,0
113.8059211,197.4210526,84.78947368,385.8947368,45.53455964,0
119.3193175,208.1456311,90.23300971,476.7961165,32.7985163,0
115.1452206,191.9117647,79.11764706,301.1764706,19.90437781,0
132.0491998,180.2735849,74.81132075,299.5471698,26.49246251,0
123.2463823,193.6727273,83.99393939,361.4363636,25.53989731,0
120.1996779,190.1794872,84.46153846,385.1794872,34.64126288,0
108.8779762,204.5714286,91.0,545.1904762,24.99015679,0
85.41666667,207.0,94.0,506.3333333,15.69146973,0
133.076659,194.5090909,83.50909091,394.1636364,40.89047657,0
97.93103448,198.1818182,89.90909091,453.0,30.87886222,0
140.7647059,195.8235294,80.58823529,395.4117647,24.78125757,0
121.4135963,199.1652893,86.21487603,391.2809917,31.50928734,0
133.6803385,193.015544,82.12435233,325.0103627,21.84389224,0
95.75625,193.4,83.5,417.5,13.87804021,0
132.5828157,178.6065574,75.42622951,262.3442623,16.20683961,0
124.2670025,186.9,80.08,303.4,17.40877939,0
87.3125,195.0,83.0,353.5,7.822243924,0
137.4525,195.24,84.96,387.56,25.09100237,0
111.2719665,196.9333333,87.46666667,361.6,28.37802358,0
113.8003145,204.9,91.625,385.825,30.43598816,0
127.1591928,206.3928571,92.83333333,356.6666667,20.12283706,0
128.125,212.0,93.13888889,470.25,32.36252977,0
150.3606557,206.6956522,88.56521739,428.6521739,20.37660544,0
118.8855981,202.7037037,90.71296296,402.4537037,25.50996168,0
115.0791667,216.9666667,93.93333333,519.1666667,29.32130435,0
148.1981982,196.9285714,78.0,270.4285714,14.10167163,0
109.7250804,209.8461538,95.43589744,395.8461538,24.77570654,0
114.5094044,206.975,89.875,446.9,32.65745512,0
127.4939173,210.0,92.84615385,459.0,27.43696379,0
138.5844156,205.5862069,91.31034483,395.2758621,14.18377764,0
132.1212775,202.0205479,90.85616438,391.109589,24.95287734,0
141.18716,200.2586207,90.29310345,367.4482759,21.07678054,0
103.4930556,198.2222222,87.11111111,410.7777778,40.25229079,0
131.3283884,193.7419355,86.58064516,300.9892473,25.92331514,0
128.1002445,200.2727273,85.68831169,358.9480519,21.81692173,0
120.3583227,201.5757576,92.48484848,337.5656566,23.80152089,0
102.1964286,210.1428571,93.57142857,450.4285714,40.98332165,0
138.1462715,193.8181818,87.33333333,305.3636364,19.47827897,0
116.7305389,204.1428571,94.80952381,419.6190476,33.42456902,0
115.0800971,200.9615385,87.23076923,432.2307692,17.54558728,0
137.0086207,211.5068493,94.30136986,462.3013699,24.01538257,0
120.8641869,203.890411,84.83561644,391.4246575,29.37686484,0
118.4808743,216.2608696,96.2173913,498.5217391,21.64221877,0
95.4296875,215.5,95.875,516.75,29.04925774,0
140.1534527,198.4081633,86.2244898,384.4897959,21.95248741,0
119.0078534,190.875,84.33333333,339.4583333,21.06104718,0
121.925,205.5333333,92.2,426.6,24.55144259,0
116.7534722,198.1111111,83.44444444,432.8888889,49.0459598,0
122.1910615,206.4107143,95.125,507.3035714,23.19443519,0
157.875,190.0,89.0,441.5,10.29563014,0
113.7252358,218.1509434,97.98113208,586.1698113,31.81318959,0
135.3217391,213.7692308,96.86153846,555.8923077,29.87199516,0
115.0401786,204.4285714,93.46428571,468.5714286,44.46863146,0
141.2426778,188.0666667,83.33333333,382.8,18.09186435,0
135.8871233,190.373913,82.84347826,295.9391304,21.30340726,0
132.4705882,204.619469,91.33628319,445.0,34.39362514,0
124.3669565,202.8981481,92.17592593,459.9351852,25.99731408,0
120.2951807,190.0952381,82.04761905,325.4285714,13.22198403,0
142.8445946,215.9642857,95.07142857,499.7142857,37.0842257,0
118.3625344,198.9210526,85.0,391.8859649,28.20339004,0
136.7741935,190.6170213,81.37588652,329.4255319,21.69462625,0
129.4372247,195.30131,84.1790393,370.2052402,22.07228556,0
139.6270125,191.5571429,82.32857143,329.3571429,17.25303286,0
137.8041978,187.9543379,81.16894977,301.2511416,20.95872007,0
112.2716346,190.7692308,80.38461538,343.6153846,39.38756374,0
105.0238095,188.75,83.5,307.625,44.3931301,0
118.5231884,200.5862069,85.03448276,392.091954,28.96049947,0
89.29090909,192.0,86.57142857,385.4285714,16.96936014,0
104.7142857,182.7857143,81.78571429,281.7142857,21.16552839,0
140.1159639,185.5952381,78.85714286,299.0714286,13.86166266,0
130.8632726,191.4063604,82.84452297,322.5689046,24.59657338,0
89.47321429,204.8571429,82.57142857,453.1428571,10.99907232,0
111.3308824,197.0,84.0,392.1176471,22.98321939,0
109.4375,202.0909091,83.54545455,415.2727273,29.76047631,0
94.39583333,211.0,98.0,513.0,10.31180553,0
134.1422764,186.9032258,79.0,300.5806452,17.57167572,0
130.6841808,182.4910714,75.09821429,237.5982143,20.15817553,0
120.285489,190.675,84.8,347.375,33.17981314,0
138.1032483,205.8333333,91.2037037,441.6296296,27.22380948,0
133.1493506,186.4137931,77.51724138,281.6896552,28.96145292,0
112.0659722,201.9444444,91.22222222,501.7222222,17.53488586,0
148.1932773,214.8666667,97.86666667,603.2666667,12.61991372,0
145.1022727,202.0,92.63636364,514.7272727,28.34323275,0
132.5658343,183.0892857,77.66964286,226.2678571,16.8060572,0
131.8637874,196.9473684,82.84210526,304.1052632,14.03853028,0
118.454219,189.2571429,80.45714286,289.0571429,51.72970567,0
109.9495968,216.3548387,99.09677419,614.0322581,23.61158114,0
132.8408759,221.4186047,97.09302326,617.0,28.60958551,0
128.0457064,204.9926471,92.43382353,446.0294118,24.9071459,0
123.6488372,187.0,77.0,277.5555556,31.13971348,0
122.1835938,190.0,81.5,324.5,39.19263324,0
135.9749373,199.08,90.6,458.48,37.97367509,0
102.7112676,203.4444444,91.0,467.8888889,18.018509,0
155.2430556,186.6666667,77.33333333,292.0,11.06323017,0
110.6811024,209.6875,89.5625,541.8125,32.56891731,0
122.5212528,201.3928571,95.53571429,485.8928571,20.63738805,0
103.4767442,221.0909091,96.45454545,545.2727273,15.51698616,0
105.1534091,200.1818182,95.81818182,503.1818182,26.88789091,0
107.26875,207.4,92.6,447.7,30.77726434,0
117.7163324,208.0454545,88.36363636,415.2727273,22.49908171,0
138.9210111,200.6554622,85.97478992,391.5630252,24.97725821,0
112.8560209,197.2083333,87.29166667,367.7083333,27.88191245,0
125.7692308,198.3414634,88.75609756,346.1707317,24.51303238,0
131.4754346,208.1445783,94.01204819,415.746988,19.10588111,0
122.6377953,209.1875,92.70833333,471.3333333,23.29050198,0
117.7680127,215.8,94.925,456.05,16.84680515,0
121.3228942,211.6724138,95.37931034,499.4482759,45.68244901,0
120.3305955,224.9508197,101.9836066,553.0655738,28.61072354,0
138.9137931,219.3181818,98.90909091,496.0227273,18.05322423,0
148.7875,217.0,100.4,635.0,21.3316666,0
137.6092896,220.7826087,102.1304348,549.2608696,26.43006251,0
113.7023121,218.3636364,99.36363636,627.4545455,30.94640128,0
117.9481216,209.8,88.02857143,391.5142857,15.98943529,0
132.7420043,193.6101695,81.79661017,297.2033898,23.53996278,0
120.5731132,219.962963,98.40740741,634.5555556,21.6002464,0
117.7261307,209.24,91.24,486.48,25.28791015,0
137.2786458,209.6666667,91.16666667,495.6666667,35.702766,0
140.9593114,223.05,103.35,643.95,27.9197063,0
119.5241327,214.746988,93.98795181,519.8192771,38.66799476,0
140.0763889,222.3333333,86.77777778,505.1111111,23.8534621,0
103.5972222,222.0,102.3333333,625.6666667,28.30783166,0
145.0842105,197.6111111,85.16666667,351.6111111,20.97154156,0
112.226601,217.0196078,99.78431373,587.6666667,28.44222916,0
107.6538462,207.9230769,89.76923077,536.6153846,19.71152908,0
121.2609255,225.5306122,108.2040816,641.1020408,26.19042495,0
140.5909091,203.75,90.71052632,455.0657895,19.95373805,0
122.885,209.16,91.68,532.68,34.47141424,0
143.4444444,220.5555556,102.1111111,616.5555556,30.87934505,0
98.96875,213.6666667,97.66666667,454.3333333,32.44696527,0
128.0130208,201.625,89.41666667,421.9583333,30.72048606,0
152.3085938,211.25,97.5,575.5,19.51441775,0
123.2929293,209.9285714,94.73214286,492.9464286,16.68369453,0
147.2279412,190.3529412,83.58823529,343.4117647,12.49442782,0
113.0344403,212.2352941,96.43137255,543.4117647,34.52137729,0
108.0865385,231.1538462,107.3846154,666.9230769,23.95598158,0
134.013089,199.1666667,91.79166667,444.5833333,21.55512152,0
115.3085881,216.8604651,97.25581395,522.8139535,44.18135838,0
116.9752809,225.7857143,103.1428571,632.0,34.65684548,0
117.814951,214.9803922,103.1568627,548.5294118,40.31491758,0
135.6111111,209.24,93.3,553.6,28.45114409,0
129.3030303,212.1304348,96.69565217,455.5434783,47.58844616,0
142.605,216.24,95.12,531.24,30.9597416,0
131.3267108,195.4035088,84.75438596,337.1929825,19.56163166,0
145.0728155,208.3076923,93.92307692,493.0769231,24.70943571,0
122.4344023,202.4461538,88.76923077,477.2461538,24.62674738,0
142.1761134,215.483871,96.69354839,496.6774194,28.10316212,0
153.75,199.75,81.75,467.25,25.13183986,0
138.5037313,200.6764706,81.08823529,336.2352941,15.13663262,0
124.8570736,211.4538462,94.4,433.3846154,25.82727791,0
138.1294643,222.25,96.03571429,606.3571429,53.71547301,0
122.9344602,218.3021978,98.12637363,578.7912088,35.17247685,0
155.8705357,214.2857143,96.35714286,582.0,21.07469708,0
126.7183771,202.556962,89.49367089,424.5063291,24.26050997,0
119.7309665,214.83125,100.85,535.84375,29.33020787,0
134.9147982,206.0,85.98214286,373.8214286,17.99106035,0
133.8330781,209.804878,94.48780488,444.7560976,26.16700642,0
133.6107143,225.0,108.4857143,621.8857143,22.56101025,0
122.8686869,220.1612903,96.22580645,510.7741935,22.63652073,0
123.624498,235.5396825,109.2857143,708.1269841,22.59463456,0
135.3781513,229.7333333,102.4666667,620.0666667,23.55098488,0
111.390625,203.0,90.25,403.5,24.94799278,0
116.0435835,214.1538462,94.19230769,571.1923077,26.54116176,0
132.4507722,215.0153846,98.07692308,579.5692308,26.23419332,0
125.6776504,219.7045455,95.88636364,481.0909091,53.13719962,0
108.4882813,236.375,111.25,735.5625,24.14506937,0
134.0288066,235.3278689,109.7868852,720.295082,30.93946027,0
134.2546677,213.8333333,96.64285714,488.452381,18.87862533,0
117.96875,226.0,100.0,517.0,16.18641406,0
110.0859375,217.0,100.0,470.0,14.57523585,0
115.6522248,233.537037,110.0740741,733.2407407,23.13713071,0
127.5914862,222.0238095,101.1547619,621.8095238,37.39131643,0
142.8495146,212.2307692,98.38461538,595.6923077,34.98757176,0
126.9903148,225.2307692,103.6153846,668.9615385,13.9063329,0
117.5231481,212.037037,98.07407407,512.8148148,33.5949405,0
120.5661861,231.3958333,103.8333333,690.7083333,22.5504065,0
144.4584718,217.8947368,100.0526316,550.5789474,12.26281906,0
100.2678571,226.7142857,95.71428571,638.0,31.4181801,0
117.4514107,225.95,103.8,535.25,27.5628373,0
133.5050847,214.0540541,95.89189189,559.2972973,16.47908562,0
147.8385827,216.75,92.3125,562.875,19.99960937,0
140.7913043,208.7241379,91.13793103,391.4482759,18.47162557,0
120.5619919,214.2741935,97.35483871,560.1451613,26.31504873,0
125.6939219,227.3636364,109.5,750.5454545,21.57659813,0
131.5682068,173.7565217,74.60869565,255.426087,13.1658147,0
132.0311174,180.0222222,74.35555556,274.1555556,14.95028799,0
134.5354059,193.7247706,83.39449541,395.146789,25.82752776,0
129.0888889,208.6451613,95.41935484,490.1935484,34.69723365,0
97.64285714,193.1428571,82.42857143,373.7142857,19.92024916,0
129.8218152,180.0,77.68421053,266.3947368,16.68414308,0
131.1582278,171.2411348,69.14184397,211.5460993,7.802817412,0
104.7219731,227.7142857,102.1428571,708.2857143,17.92842914,0
98.8984375,220.75,100.75,572.5,27.95979256,0
126.1643917,226.745283,101.1320755,748.0943396,34.48036161,0
112.6589404,199.4210526,90.42105263,433.6315789,34.69878298,0
120.372211,183.9193548,75.0,315.1612903,25.09204699,0
123.5139949,203.7297297,87.89189189,521.5675676,39.08470695,0
122.2494266,234.5909091,107.15,848.8272727,21.44101268,0
125.1780105,196.1458333,85.58333333,470.3958333,28.15907658,0
133.3509174,184.2363636,76.34545455,283.2909091,19.75188243,0
128.7527174,175.7659574,73.32978723,229.8510638,10.86738968,0
133.4361055,212.8709677,95.58064516,644.8064516,35.84273082,0
135.4228571,194.0227273,85.30681818,379.3977273,22.06817012,0
122.5296209,200.0849057,92.53773585,321.990566,26.6354505,0
114.75,232.9166667,125.8333333,351.9166667,22.88543326,0
123.9311682,220.3846154,104.6076923,665.4846154,21.51848524,0
127.330819,206.3275862,91.43103448,496.0172414,26.8334195,0
127.1672316,270.5357143,171.7321429,300.0178571,11.41578526,0
135.5486842,223.4583333,107.4791667,236.4791667,20.98941532,0
116.4775281,256.3555556,116.8222222,918.0444444,15.05863437,0
118.2818312,261.2045455,144.2272727,294.7954545,21.63918049,0
104.7126437,224.4545455,112.6363636,495.4545455,16.65944747,0
129.998,233.2222222,135.2063492,293.7460317,24.19386095,0
128.9589286,230.2,115.4285714,438.9714286,28.71313431,0
123.3122924,257.8421053,154.2368421,261.7105263,22.17259482,0
114.4217172,234.08,125.68,392.44,22.73309482,0
116.8739726,228.6521739,106.9130435,683.3478261,38.76149747,0
120.2035176,235.84,107.64,823.12,33.78719284,0
126.3490196,222.0,106.0,559.0625,47.07507302,0
138.5486111,218.3333333,107.2222222,506.8888889,42.80965623,0
132.525,226.8,102.2,788.4,39.66134418,0
130.2807018,223.4836066,115.647541,371.3934426,30.15594156,0
136.1607774,243.75,133.2222222,255.8333333,7.671646933,0
121.2720588,233.7352941,122.6176471,391.6764706,35.38796347,0
135.2687627,204.6129032,88.5,208.9032258,16.70024799,0
128.4058524,216.56,98.98,306.18,22.94658144,0
125.3299419,217.4186047,95.79069767,630.3488372,61.35960905,0
136.3012048,235.3809524,125.8571429,313.2857143,16.39077778,0
134.7638889,208.8333333,84.33333333,406.7222222,29.20214773,0
119.64753,228.3829787,119.8297872,440.8723404,21.95509636,0
130.9762151,238.0163934,143.1803279,247.704918,15.66261114,0
106.3557692,238.0769231,147.4615385,254.3846154,15.15755519,0
126.5782665,252.9494949,136.969697,212.7070707,12.12836489,0
123.0686695,252.2,136.0,141.6,4.682829154,0
134.356301,218.2714286,105.4142857,249.2428571,15.26297374,0
130.5422177,211.7096774,113.7580645,260.7903226,29.2376071,0
128.8090323,245.1020408,144.4693878,295.1020408,19.32964438,0
108.7447917,239.875,146.125,289.0416667,37.31249418,0
121.9688331,254.3053892,139.6526946,458.8562874,14.77318689,0
119.7396746,232.9,120.42,503.36,26.7568608,0
136.0363985,232.3030303,121.2424242,413.6666667,28.13998198,0
124.5513185,265.3021807,145.0342679,178.7570093,6.245941996,0
148.203125,229.75,137.5,314.5,15.47376813,0
129.9671513,256.1864407,147.5677966,431.8898305,10.82736818,0
129.0358306,229.5517241,114.4827586,375.0517241,37.05265479,0
114.8044872,233.5128205,116.6923077,462.2307692,30.51958555,0
142.7070064,235.5,125.35,259.9,12.22896153,0
114.5026486,260.6759259,154.7685185,440.4259259,8.67453742,0
129.6716542,253.5502183,146.1135371,438.4323144,11.09682514,0
154.6778846,236.3076923,121.8461538,415.0769231,15.60647719,0
113.89375,237.8,114.2,536.4,26.12828927,0
158.875,239.2,119.6,346.4,14.65605677,0
122.4603774,256.06,143.46,268.16,30.16836091,0
132.98659,234.969697,140.530303,345.8939394,10.63835991,0
129.6401557,240.8281938,139.0572687,381.030837,13.36475884,0
127.6575107,238.3287671,126.4383562,463.9452055,27.25776129,0
150.312,261.5,147.5,343.0,7.615773106,0
135.0380623,238.2636364,141.0545455,412.1181818,15.10379789,0
115.6480687,243.4318182,128.2727273,535.3409091,20.84357324,0
131.4528891,232.1818182,137.7107438,365.6033058,16.73643707,0
118.0663415,260.0923077,150.6538462,449.8538462,16.11747737,0
117.7737617,235.4893617,132.212766,396.5744681,31.2082478,0
142.1188341,249.8571429,143.25,418.9285714,15.18894603,0
117.2032345,236.5555556,139.5897436,384.7435897,10.07746314,0
121.6978723,245.8151261,136.4621849,422.697479,14.48412391,0
123.4800111,248.4475983,140.4039301,424.6222707,15.02006375,0
132.6562935,204.9777778,90.4962963,521.2666667,34.91597596,0
117.9685039,215.8055556,98.73611111,679.5972222,23.27263517,0
129.7586207,239.6111111,119.8666667,522.5111111,44.79227226,0
131.0494474,199.5462963,88.37962963,526.537037,35.19894468,0
136.159618,203.673913,90.67391304,427.2608696,28.27906605,0
133.6607595,190.5466667,80.69333333,329.0266667,18.43573342,0
131.7482219,193.4318182,85.93181818,398.5,24.6457861,0
118.1389313,221.9756098,101.6341463,633.9634146,37.79183095,0
140.6034483,214.4482759,100.0,676.7586207,19.09068415,0
134.2971491,182.8421053,76.56140351,336.877193,24.58861901,0
118.9550706,244.5306122,127.3877551,644.6326531,31.44632417,0
136.4435484,170.9583333,80.125,176.7916667,8.100818717,0
123.868932,220.7692308,108.3076923,788.3846154,14.95872032,0
134.796,172.5,70.25,211.0,15.05705296,0
130.9933432,182.6162791,78.3372093,217.4302326,15.60437823,0
112.8930233,192.6296296,85.03703704,433.1851852,30.15670094,0
105.6489362,274.0,156.5,385.5,31.57926535,0
139.84375,256.8333333,132.375,328.5416667,15.80348063,0
136.8958333,212.0666667,90.93333333,534.8666667,42.92142692,0
123.9375,184.8823529,83.29411765,359.7352941,47.13810417,0
131.6428571,192.6603774,80.79245283,386.509434,19.53622116,0
123.9886364,223.7727273,91.95454545,596.3181818,22.55228086,0
130.4200627,204.6,90.4,405.1,33.13004679,0
126.2280285,231.4339623,118.9433962,392.5283019,17.20750579,0
136.4769231,233.3414634,114.8292683,430.5365854,14.70317055,0
133.230663,235.7582418,118.4945055,445.6813187,22.45452677,0
90.625,287.6666667,154.6666667,485.0,80.43838221,0
123.5963791,364.9830508,271.9152542,429.7457627,18.59168295,0
116.993007,356.0,228.3333333,456.8333333,70.78763232,0
113.122807,259.8333333,157.5555556,366.1111111,16.62624728,0
93.203125,364.0,235.0,490.0,101.566173,0
129.30625,261.35,154.55,339.95,31.70583543,0
122.1508772,307.7222222,200.0,360.0,36.22805849,0
109.2261905,321.4375,232.90625,449.8125,10.57409681,0
132.0958409,281.9142857,180.2571429,421.6285714,13.57326303,0
120.7072368,380.9473684,296.4210526,443.9473684,27.75945348,0
130.1727905,179.8125,76.75,251.75,10.69298105,0
133.8167373,182.0,77.50420168,306.1428571,15.79300823,0
137.1074074,221.4117647,96.70588235,519.4705882,30.34872292,0
133.8942436,199.9361702,85.72340426,392.5531915,22.59129659,0
134.2310705,211.7083333,96.14583333,556.875,30.2234445,0
101.9479167,200.0,93.5,482.5,18.81267303,0
140.703125,207.1111111,95.77777778,504.3055556,24.56805866,0
115.8774885,211.7073171,94.92682927,505.3414634,30.22698189,0
114.875,183.0,75.88235294,334.2352941,33.38151074,0
132.3991489,227.4864865,103.6081081,723.3108108,29.47068036,0
114.2564576,227.4117647,102.5882353,755.0882353,22.30375781,0
130.6167665,173.625,69.625,199.25,10.62642454,0
119.6262058,210.6025641,96.97435897,511.0641026,35.0815524,0
135.7814208,201.6521739,91.47826087,475.9130435,33.88811793,0
118.6954887,223.74,101.5,617.16,33.03007115,0
127.8954299,223.2839506,101.7530864,587.8765432,26.94704002,0
133.2692006,219.63125,98.8125,592.31875,32.3780591,0
137.4358006,212.746988,94.81927711,523.060241,28.89328451,0
119.1901198,241.2857143,113.047619,744.8333333,24.78588582,0
133.3075862,225.4835165,106.4835165,687.8901099,23.23982274,0
118.6107011,215.0,97.77941176,458.4852941,26.94568338,0
115.6407767,224.5384615,103.0769231,658.6923077,14.43901683,0
119.4053156,236.3421053,105.7368421,663.8289474,28.21878255,0
133.0723926,212.2745098,94.17647059,502.4705882,33.34763246,0
132.63827,198.4166667,84.41666667,391.5,18.22772613,0
119.4224599,230.0731707,109.7073171,670.5,31.52632442,0
114.3317308,199.3846154,82.30769231,413.8461538,42.00098618,0
118.039627,226.6481481,102.8703704,538.1666667,31.14004387,0
119.7929688,226.0625,105.375,616.75,17.09166464,0
127.2625,211.4,87.8,487.3,28.30565315,0
138.2068345,204.1142857,90.85714286,413.6857143,20.54172459,0
126.0561497,195.0,89.4893617,379.7446809,28.28689597,0
119.5015167,229.3870968,105.4677419,708.3709677,30.6111866,0
120.2963132,242.1304348,110.8405797,774.0797101,23.20591391,0
118.481822,233.66,110.2733333,610.08,33.64068701,0
143.9444444,231.7692308,106.0,583.8076923,24.9750171,0
102.4943182,215.6363636,94.18181818,454.9090909,21.7768548,0
123.9339286,222.4285714,98.11428571,540.6,27.27821887,0
145.5528169,211.0,95.11111111,425.6666667,9.212344107,0
115.8052764,237.04,112.88,627.32,23.55919353,0
116.9416058,253.5384615,117.3076923,857.4615385,14.37396768,0
132.2882206,252.68,111.72,799.16,29.09806866,0
162.075,244.2,118.2,698.0,19.95394698,0
123.7088773,223.8541667,108.2916667,521.9583333,27.17707335,0
144.6470588,219.8823529,98.70588235,509.7647059,18.27718149,0
139.7701729,218.6551724,100.1954023,475.183908,25.09363098,0
135.4444444,215.877551,94.73469388,479.0,31.30418002,0
136.3040174,231.9827586,103.5862069,594.4655172,28.22251591,0
127.1147309,231.2359551,111.4606742,569.6741573,25.3819404,0
114.4157088,215.2121212,95.60606061,497.8787879,35.85669365,0
138.0351967,211.7252747,98.69230769,407.2857143,27.34772532,0
130.0031032,216.9506173,103.3580247,414.7037037,14.14838515,0
112.8289474,225.5789474,99.73684211,548.2105263,24.43295989,0
165.65625,230.0,108.0,555.0,9.027735043,0
129.5352423,218.5789474,94.78947368,473.8245614,29.20647461,0
120.5212766,228.060241,110.3493976,482.6385542,22.22844222,0
112.3272059,224.1764706,102.4705882,426.2352941,24.48995275,0
116.0425139,219.1764706,103.7352941,472.3529412,31.62120363,0
133.1965241,219.0425532,103.4468085,461.1276596,12.87028294,0
130.0488281,205.375,97.0,343.25,29.07042903,0
108.59375,209.1,99.3,415.6,25.72255819,0
108.5986842,240.7894737,116.7105263,612.1842105,27.70296543,0
114.6778025,246.4705882,122.9764706,573.4588235,20.07775887,0
128.3419118,234.7764706,112.0705882,576.8,34.97607685,0
116.8237347,232.4583333,109.5277778,648.0416667,18.59459777,0
141.4055556,213.6323529,99.97058824,451.2352941,22.17658761,0
139.5996785,223.8974359,101.9102564,435.9102564,27.30200976,0
119.3470959,231.0333333,112.4444444,461.2777778,22.53825281,0
97.15178571,217.0,107.0,448.0,11.64614327,0
139.4076087,228.0869565,113.5652174,471.6086957,27.24758708,0
116.3269639,238.9491525,121.0338983,545.2881356,26.86209154,0
115.0731707,214.1666667,103.8055556,469.5,31.61148945,0
141.7987988,249.952381,118.7142857,576.4761905,17.84475761,0
141.0653409,233.0,115.5454545,641.6363636,42.39603229,0
132.7086093,219.0890688,101.6761134,476.2105263,22.63552869,0
136.8626227,238.1943128,111.5876777,637.7962085,27.99161586,0
135.5678015,236.2110092,114.3119266,608.1743119,28.38921117,0
132.4376757,218.0298507,105.6268657,439.0,16.4323139,0
128.7816313,219.377551,102.1632653,405.9183673,22.05265413,0
133.4654882,212.0933333,97.57333333,415.0666667,28.96751897,0
110.9102902,229.3333333,109.3333333,502.6666667,14.94619981,0
120.9231415,240.9666667,117.0666667,668.7466667,26.28730154,0
124.3739237,219.8823529,101.2352941,458.7843137,25.33655052,0
128.9372197,233.8809524,115.3571429,529.547619,30.34660882,0
107.8768844,235.6,109.84,574.2,19.17064422,0
119.2956465,224.6804124,105.2783505,468.7319588,18.62636409,0
101.84375,222.5,103.1666667,405.0,22.16165357,0
128.3970252,244.4545455,117.7454545,523.7636364,17.62376307,0
152.7386364,234.6363636,119.2727273,505.0909091,13.37630815,0
135.8518129,225.8235294,108.3781513,598.6890756,29.07448388,0
120.7069767,227.9074074,107.287037,656.25,28.35536997,0
123.2169935,239.625,112.7430556,579.3819444,33.67996205,0
134.3635037,193.8294574,81.8372093,371.3255814,20.96291448,0
117.1715391,237.2945205,109.0684932,746.8424658,27.93467099,0
127.9108352,223.8214286,102.0535714,520.8035714,31.72650485,0
131.1271073,180.0691114,76.99858956,283.7023977,20.2579555,0
126.7226361,196.5818182,87.86363636,386.2909091,33.06006148,0
119.1024735,201.8591549,89.81690141,438.5774648,38.0947409,0
133.7663745,227.3699634,105.5128205,658.6336996,35.94787105,0
130.8776782,196.8111455,84.50154799,465.3560372,34.69556357,0
136.4813885,189.7880795,79.29801325,368.8278146,18.62708016,0
125.9048051,207.0,94.69565217,605.7681159,33.61136724,0
136.4344262,193.4565217,93.54347826,467.5434783,25.16690035,0
125.7730449,235.5608466,107.957672,765.8465608,36.7743382,0
134.5498576,226.2045455,99.70454545,676.7727273,50.39592725,0
135.8468028,265.4859155,125.2605634,885.0211268,18.14133851,0
120.7212331,253.7521008,118.5420168,893.2689076,24.56268633,0
123.6620209,203.9166667,98.36111111,604.4444444,42.01671478,0
116.4235905,203.9176471,88.68235294,531.4470588,31.05805258,0
137.8435583,210.4878049,99.73170732,614.6585366,48.00760895,0
126.2727273,224.3658537,106.2357724,721.1788618,31.65370911,0
122.9713446,223.3488372,98.8372093,794.9302326,34.24111211,0
136.7146739,208.9130435,91.73913043,601.0869565,32.93425886,0
130.1507469,245.057554,112.4676259,825.0935252,34.04515857,0
122.239759,231.7307692,105.9038462,647.1153846,36.19520445,0
126.5950311,265.5686275,160.0784314,511.1176471,37.90330481,0
131.7835616,221.173913,105.2608696,584.5652174,59.06070057,0
125.1119741,240.8659794,116.4123711,639.4948454,41.13869958,0
129.7386935,208.24,101.64,317.12,23.68101349,0
121.5401687,267.2394366,162.0915493,339.584507,27.97525616,0
132.2571528,192.7252747,92.63186813,155.9450549,13.24091466,0
128.7336207,214.7671233,107.4383562,233.8082192,26.40283653,0
128.729336,231.9304813,122.5882353,230.5508021,23.43741373,0
123.0555556,232.6470588,124.4117647,373.5882353,41.85797374,0
129.7667625,188.6641221,79.1221374,368.1374046,41.62891556,0
125.027451,215.1875,107.8,310.1125,26.58701516,0
130.4537122,188.173913,87.76811594,253.9855072,21.4957194,0
127.3701376,204.8238095,91.53809524,621.7761905,48.49793436,0
124.7524171,201.4615385,89.87362637,494.3956044,24.10281245,0
126.3121819,221.7752525,101.9090909,621.9368687,32.62053965,0
115.6405308,212.8846154,99.84615385,668.125,32.91363429,0
127.6412411,196.4742268,83.13402062,490.0309278,50.38872171,0
127.5409731,197.4795918,85.91836735,512.3265306,35.07802483,0
123.8604794,214.5294118,94.23529412,677.6960784,24.19062766,0
128.5648749,203.4649446,89.99261993,604.3763838,37.25016677,0
107.9789474,217.9583333,93.58333333,677.5,25.55763503,0
132.2022839,199.8701299,83.0,472.3376623,30.97568946,0
124.4567449,246.0,136.5057471,591.7241379,32.54544472,0
127.8012885,194.4746835,85.00949367,199.5886076,19.19589369,0
116.8022923,171.0454545,79.27272727,334.1363636,37.85018314,0
132.1858238,174.4646465,72.83838384,340.9090909,26.20705854,0
121.5816555,222.7142857,103.1785714,811.2321429,31.32633025,0
130.5031012,174.4430177,72.14285714,282.8170144,20.10001991,0
128.6247712,187.440678,80.78934625,347.1041162,29.99797358,0
127.7615708,200.6518519,87.38518519,506.5851852,27.7393057,0
118.3515864,209.9805068,90.57309942,568.5204678,32.58566642,0
133.7344078,182.0666667,73.48888889,340.1888889,16.95155042,0
137.0078431,199.9182692,86.86538462,526.0721154,29.09236591,0
136.5516817,201.025974,88.38311688,514.2727273,27.3698957,0
128.4166084,204.7511111,90.68,555.8555556,35.92876278,0
119.9717702,228.4263158,103.4473684,727.4315789,22.62987815,0
134.6661654,192.952381,80.19047619,396.5595238,24.3667503,0
127.214311,202.5367232,92.25988701,592.7740113,49.22383686,0
121.5034054,288.995283,177.240566,480.7028302,24.9907579,0
122.2428952,377.6866197,270.806338,399.056338,27.16024065,0
132.7773393,296.5381166,189.8609865,409.8071749,36.12955255,0
125.104021,451.5555556,331.3888889,538.2361111,47.55902562,0
135.8708333,283.2,186.8,276.6,23.09593519,0
121.5371094,334.53125,221.515625,385.359375,46.6508364,0
119.1734919,274.6363636,155.2307692,519.3146853,30.01594112,0
103.0486111,337.7777778,198.2222222,441.1111111,71.03902596,0
131.7506614,277.0105263,159.3684211,463.4736842,42.12267272,0
129.9556776,231.3956386,109.8161994,611.2461059,26.39969647,0
116.9786982,252.5283019,131.5660377,582.490566,18.25631362,0
124.7945039,319.2586873,207.4826255,508.8069498,27.29588611,0
124.7732176,249.1087866,117.2803347,647.6548117,30.45033835,0
128.4167333,187.2236287,83.85232068,271.8185654,34.04354597,0
127.7631064,218.2056075,101.0529595,524.6137072,37.32384102,0
125.631746,230.0825688,105.5137615,667.0825688,30.67162242,0
137.6814972,203.8876404,92.37078652,372.5955056,23.5270811,0
119.5970149,212.0714286,95.76190476,587.9047619,37.18453858,0
135.4375,234.9473684,108.5263158,570.6842105,19.24171945,0
122.7248908,201.4482759,87.65517241,359.3448276,22.80100546,0
142.1925373,227.0238095,102.2857143,661.4047619,24.12417094,0
109.5,227.0952381,99.61904762,704.3809524,28.24150786,0
132.5742972,204.4468085,91.08510638,413.3191489,38.31096703,0
132.4198623,185.859375,79.796875,355.46875,20.7054303,0
127.753155,207.5483871,92.39516129,531.1612903,29.96178628,0
119.460686,237.8823529,110.3781513,690.5168067,26.42272851,0
124.2330955,222.5081081,100.2432432,653.5945946,29.5985805,0
119.3308977,250.1166667,119.7166667,665.3833333,33.61332408,0
140.6388889,248.2777778,117.8888889,662.1111111,42.36612903,0
139.7043011,247.6382979,119.6170213,623.1914894,20.95957436,0
135.4935275,214.974359,101.2564103,457.0769231,24.41052575,0
127.0803076,242.0884354,112.4013605,608.6258503,37.40474443,0
120.5962358,242.9069111,116.1636107,635.7150917,28.08773835,0
126.6666667,246.1132075,143.8490566,440.5849057,35.59827001,0
127.8081761,245.35,141.65,516.15,42.70795447,0
128.4372224,264.1139241,178.9113924,357.1392405,11.74051827,0
127.4644316,296.97114,215.5786436,304.5295815,8.742672629,0
124.7498949,277.5133333,157.3066667,550.9733333,36.42325265,0
123.4726302,278.2340426,134.0212766,736.4468085,20.66688084,0
130.3682394,267.6545455,175.7909091,356.2181818,18.80499318,0
123.982684,257.8181818,125.0909091,678.75,23.38431776,0
126.7504446,251.0250784,124.9968652,575.799373,43.97418463,0
129.8095515,215.7222222,113.4027778,296.2175926,41.77596672,0
128.549606,187.2331768,83.6228482,152.5649452,10.31184294,0
124.1470138,279.902439,168.9756098,430.0487805,35.11878373,0
130.1713232,178.3738602,76.18237082,189.5136778,10.48726484,0
126.4634146,195.0,85.25,86.5,7.327175445,0
130.531856,204.5652174,84.95652174,263.826087,18.42411504,0
129.1651713,187.9038462,84.6025641,242.7307692,19.26933206,0
128.5480346,222.3641457,100.4677871,653.1204482,26.95758619,0
125.0682788,229.4180791,105.7231638,698.7853107,36.43265536,0
133.2071931,234.3875,105.0125,794.55,36.52009507,0
121.4205041,239.4807692,110.5384615,727.6230769,26.83899398,0
125.3813104,222.0474383,102.1593928,595.4800759,32.53586974,0
141.41258,225.3050847,105.2372881,654.4915254,34.75575714,0
123.2920925,230.982906,110.7435897,648.1282051,31.52993422,0
126.0137795,233.59375,112.71875,667.84375,27.5220792,0
114.5965251,239.4923077,109.0307692,720.4307692,25.95254659,0
128.5079942,215.7325581,97.24418605,498.9186047,50.79432461,0
120.6338346,216.5865672,101.1641791,583.7776119,36.54154741,0
132.8267461,200.1896552,91.12931034,365.2758621,26.97831846,0
135.8820513,215.0816327,108.5918367,553.4285714,29.08030788,0
140.1356383,210.5319149,93.9787234,422.5957447,26.34728196,0
131.4057971,212.2891986,96.77700348,505.0069686,30.53665335,0
139.7648903,209.975,91.2,512.05,42.51937794,0
134.0295008,198.1927711,98.78313253,430.0,40.84520023,0
121.2991182,215.8707865,99.29213483,556.2191011,20.87527134,0
131.5546407,215.4055666,101.1988072,483.9224652,39.67716528,0
134.8260518,203.5419355,94.49032258,484.2580645,34.12642468,0
118.0267988,218.0350877,101.4678363,540.0818713,34.35145462,0
119.013913,229.7638889,109.1944444,603.0694444,39.39202062,0
126.2555479,208.6740331,91.98895028,521.7624309,35.92781954,0
127.7783133,222.5384615,106.3846154,648.0769231,32.66865094,0
131.0490012,191.9502488,85.33830846,333.3233831,31.30249893,0
135.5818987,212.8242188,97.6328125,509.7226563,32.46378598,0
126.820698,204.6878981,93.27388535,567.3821656,27.60850343,0
130.6371022,202.5376344,91.45698925,418.2258065,30.38061251,0
116.3866279,201.5348837,94.65116279,456.1860465,42.58723113,0
134.312,202.4363636,91.76363636,467.0363636,40.69441044,0
146.625,208.5882353,88.70588235,454.0,15.85771509,0
115.4855072,219.8076923,101.2307692,551.6153846,32.84732479,0
118.5929334,220.6315789,102.9064327,670.0526316,30.68245787,0
134.8065327,193.32,86.54666667,357.6666667,23.80138558,0
128.8448582,212.9295775,96.21126761,614.943662,31.11665759,0
123.5365206,212.265861,96.08761329,511.9969789,28.60146551,0
119.188946,212.2244898,102.4693878,566.5306122,22.85860054,0
134.4516794,202.7840376,91.78873239,480.1455399,35.49934053,0
125.0465723,227.1775148,108.3343195,572.2337278,30.76390728,0
121.2097272,237.5714286,109.1918367,722.5673469,30.97752299,0
134.1197893,217.419708,98.60218978,546.4160584,30.87202893,0
126.3534627,225.4580153,106.3053435,667.110687,34.28211469,0
122.0264448,227.0724234,106.0668524,550.9665738,36.81162253,0
126.8053463,223.8547009,106.962963,521.5156695,29.90213201,0
122.1675676,223.4666667,103.3809524,641.8428571,24.73227348,0
132.8510949,208.5116279,99.30232558,497.4883721,37.14731756,0
145.2777778,207.9411765,95.82352941,437.8823529,20.93820204,0
134.4619883,211.877451,101.627451,436.7303922,33.91547888,0
134.6672326,234.2567568,114.7297297,504.2837838,44.5578821,0
101.3698885,214.4705882,111.1176471,503.1470588,19.51800251,0
126.9868299,216.3272059,100.6654412,585.6029412,34.32356072,0
122.0803605,226.875,113.2857143,460.4583333,24.73845544,0
141.0,192.5,86.67647059,401.7647059,20.61764706,0
115.6436782,239.9,121.9,610.3333333,25.95514828,0
133.617801,218.9375,115.375,417.4583333,27.50148355,0
123.7828645,203.3414634,90.3902439,438.5650407,30.53982364,0
125.7826087,220.1464174,109.0436137,536.2398754,24.86326462,0
148.46875,222.1,105.3,550.2,34.2147629,0
124.0263562,218.9105691,105.4878049,594.9390244,28.08985475,0
153.8571429,237.6,117.7333333,536.5333333,19.0118092,0
134.6654275,205.4516129,96.54301075,365.0806452,30.57178208,0
117.0836763,248.4456522,137.423913,510.0869565,27.05353336,0
137.6831198,228.6385542,113.1686747,443.5361446,34.98307089,0
120.5954969,217.5679012,104.4320988,480.1234568,33.60008945,0
118.3646865,221.6315789,112.6842105,617.0,34.0360022,0
136.9400141,219.1910112,107.7640449,496.3595506,34.94220524,0
146.2307692,214.1538462,99.15384615,509.1538462,20.54091025,0
141.3713235,254.1470588,147.7352941,462.7058824,26.50104457,0
117.3646659,236.9189189,120.981982,485.3333333,27.01744275,0
136.2480159,229.2,119.9789474,480.7052632,34.13896321,0
122.4523211,226.0346084,110.7832423,506.9508197,33.62811428,0
130.3236904,237.3695652,128.8975155,448.4099379,30.51313103,0
123.5237543,243.0185185,128.6666667,396.0,21.40670254,0
139.4005682,230.8636364,128.4090909,420.9545455,39.05939533,0
118.7010676,237.3049645,123.0283688,485.5673759,33.55244418,0
136.7291667,217.6,97.53333333,512.5333333,28.84024965,0
104.375,236.9230769,123.0769231,603.4615385,18.08788538,0
142.3758278,223.8947368,112.7105263,474.6052632,23.82077587,0
124.1782041,211.8396226,98.81446541,481.6698113,36.52649196,0
133.3870519,226.8444444,116.4722222,432.1666667,34.913708,0
118.0619565,228.7283237,111.5953757,451.5953757,29.67180792,0
115.4672978,240.4794521,131.1917808,463.1780822,25.07605994,0
126.5893254,224.704142,114.4852071,415.1183432,32.77804442,0
113.1458333,222.4761905,109.3333333,602.4761905,34.32418477,0
135.627566,243.0,117.9767442,642.0465116,54.44584887,0
132.4140955,238.5025907,130.373057,391.6373057,40.86198466,0
117.0018149,252.9428571,147.7142857,421.0857143,12.68732294,0
119.2817408,250.71875,120.9583333,640.5833333,33.74342625,0
120.9511401,230.6653386,116.7051793,486.0,38.46983194,0
110.0,239.5714286,131.7755102,449.0612245,23.22113602,0
126.1252955,249.5677233,150.5273775,386.9971182,27.30622325,0
142.1434978,237.2142857,109.7142857,502.9285714,28.58863321,0
137.7833787,228.5,106.9130435,514.8043478,31.80214115,0
131.197615,188.2792793,81.41441441,253.8108108,19.45666063,0
138.6338798,221.5652174,97.7826087,436.4347826,20.2239821,0
142.7242152,217.3214286,100.7857143,472.3571429,16.55614289,0
127.8168224,241.4029851,119.1940299,587.9701493,28.72868761,0
133.4235915,206.8938547,103.1675978,295.1005587,27.73327845,0
101.0933333,239.5789474,117.8421053,584.5263158,13.49853793,0
133.8441971,194.175,87.85,311.3,21.6665641,0
127.7011086,340.2505593,212.7561521,274.5615213,12.50329907,0
125.7271766,306.988764,196.4775281,418.494382,32.29896795,0
126.6166966,315.3428571,144.9857143,260.3285714,35.38666877,0
118.1988449,313.9078947,204.6184211,508.0263158,29.0925873,0
126.3982948,412.721519,196.9303797,364.9240506,10.98177687,0
111.6875,392.5384615,208.2307692,377.0769231,54.77009507,0
125.3701657,298.4875,180.4375,557.0375,24.80059223,0
133.9427083,298.0833333,167.75,370.0833333,64.23178514,0
123.2378151,237.3933333,110.92,481.8333333,22.73786465,0
124.9753479,237.2018927,112.0788644,570.637224,30.35179989,0
129.0156647,236.5518395,130.8695652,375.8528428,29.51551422,0
121.4179466,232.4487179,112.4102564,496.7307692,19.69018752,0
126.6366412,262.3253012,152.1054217,423.5722892,25.08287089,0
122.9911126,250.4816754,134.0680628,468.4136126,35.31004405,0
121.7359455,291.7297297,217.1351351,406.8918919,26.12810493,0
119.3297872,329.7659574,264.5319149,592.893617,47.29060252,0
134.8220758,235.5789474,112.7894737,553.2105263,25.77584226,0
117.4248088,271.4864865,170.7567568,379.5675676,24.11165287,0
131.1393728,321.2777778,251.2777778,581.0185185,56.12939746,0
129.3821984,234.1996672,107.1530782,655.5923461,26.57222538,0
117.973916,233.4408602,106.0107527,695.1451613,20.77560159,0
118.1492201,239.1761194,113.9283582,643.4358209,23.1270968,0
132.949574,228.992674,107.8278388,567.6849817,37.1330528,0
127.8979314,235.8877953,108.476378,687.2145669,28.94716538,0
142.2675277,236.8823529,107.4117647,583.8235294,21.73646817,0
118.0910005,250.048,120.416,645.6,22.86244641,0
132.4273472,236.5857988,113.6952663,570.1804734,30.11061967,0
131.7363083,250.8516129,117.7548387,679.2129032,26.74638587,0
120.918854,241.7493188,113.5449591,749.4904632,22.24409447,0
129.5427204,240.5652174,113.8586957,632.2391304,23.40480659,0
116.0102302,254.5365854,122.9430894,657.7073171,25.39912088,0
125.9938063,245.7946429,113.9166667,690.1011905,32.37174663,0
128.3949087,237.2372881,115.5677966,519.1779661,31.18601896,0
116.9922929,240.5102041,114.1530612,635.4183673,21.34170927,0
133.257948,237.816092,114.1724138,682.862069,33.35827842,0
130.8409259,237.7960784,111.8431373,608.7098039,37.56008131,0
115.356974,245.1875,109.4,737.3125,30.57327264,0
136.2552083,244.75,110.5833333,697.9166667,40.63542364,0
134.8437107,234.305,110.745,636.345,24.50295849,0
123.7209814,241.8216912,114.4889706,693.4852941,19.79032575,0
134.2448113,230.4736842,108.6691729,470.8496241,23.32460015,0
119.2863683,242.0404858,117.9149798,575.7692308,26.81530651,0
115.60037,245.1911765,119.1617647,724.5441176,37.46586393,0
131.9643164,228.9178082,112.6506849,484.6917808,27.70906474,0
130.6863517,211.9027778,99.71527778,386.5347222,42.95454942,0
127.2595061,240.25,118.51875,515.04375,30.83897126,0
134.1604152,494.082397,346.0599251,384.8876404,48.08496247,0
135.4830723,277.6071429,161.2460317,198.2380952,14.82280651,0
129.5846995,287.4486486,167.1081081,169.1243243,26.5759515,0
121.0883628,426.6878307,304.2169312,360.1798942,24.99033603,0
127.078125,592.3333333,429.0,470.3333333,33.28371307,0
129.3652038,709.45,540.0,597.65,31.79574461,0
123.4466859,846.8742857,653.8457143,714.4685714,30.95878814,0
126.890625,312.5,187.0,181.6666667,17.60898603,0
128.3756303,724.6666667,544.2266667,590.4266667,43.19556767,0
123.8244786,226.9125,104.825,498.88125,38.87951692,0
133.9649243,259.9456522,168.8913043,393.5,11.2525307,0
136.7391304,231.2653061,111.4897959,592.5510204,29.56573092,0
138.3139963,206.9558824,100.6617647,387.0294118,22.64102288,0
136.6750765,237.1463415,113.6341463,600.4878049,27.87159572,0
124.4289836,256.9343434,166.020202,435.6868687,13.40857515,0
115.7025,202.12,95.0,436.28,51.29138719,0
117.4130435,238.0204082,113.5102041,667.7959184,28.39770802,0
117.3097792,243.2512563,116.5628141,553.3819095,27.89581167,0
133.4840547,224.0909091,110.1636364,446.2363636,29.03475262,0
136.8918478,236.6206897,115.5258621,608.5603448,23.47495155,0
122.9495968,943.4516129,736.9354839,778.3870968,16.66440498,0
96.1015625,843.0,662.0,742.0,9.218697034,0
127.9211075,243.6433121,140.766879,185.0853503,8.571700488,0
126.3611785,245.7756522,156.0469565,395.7113043,14.55847205,0
119.9556034,212.1780822,98.80821918,603.4246575,25.34947423,0
134.7271307,213.2411348,94.4751773,513.0141844,34.4643615,0
129.2307417,214.3257143,100.0571429,595.5428571,32.93000319,0
125.5538182,249.4456763,122.3059867,762.3658537,26.45527906,0
130.4103627,217.8347107,97.57024793,580.5123967,33.73281398,0
126.1371211,241.5865385,112.1153846,782.1057692,32.56024798,0
119.0134529,243.755102,117.4795918,755.0510204,27.66118753,0
118.2858974,225.6122449,108.3265306,657.9387755,24.81637688,0
121.018016,260.5095986,125.8499127,837.4834206,21.34339299,0
128.7553435,213.7804878,96.40853659,577.7378049,45.68290079,0
133.5738636,211.1704545,96.78409091,559.6022727,39.01410928,0
124.8466363,211.9045455,94.69090909,516.0909091,48.02140083,0
136.0215232,208.4868421,93.52631579,455.4078947,29.2406998,0
136.9550914,198.65,86.93333333,421.9416667,29.00773843,0
128.2622699,182.9512195,75.65853659,285.6341463,23.56062213,0
132.3506192,265.7777778,125.2345679,821.5432099,23.41961967,0
120.020202,217.0,100.52,593.36,18.45860233,0
122.3125,227.1428571,104.7619048,635.6904762,27.92150684,0
137.0951195,208.015873,90.97619048,423.968254,27.9906672,0
132.3780952,223.7878788,100.6515152,602.1818182,59.90491586,0
129.2804336,250.2389381,118.0088496,791.1858407,32.83688539,0
129.8996687,217.5338346,96.86466165,572.5639098,44.23593715,0
131.7921282,211.5236593,97.44794953,508.1892744,38.75266686,0
129.9060298,215.4375,98.4125,570.875,33.5347744,0
134.4394993,195.8888889,89.44444444,394.3555556,25.55788395,0
115.1571165,214.6764706,97.35294118,536.9313725,30.13904245,0
129.5624093,214.9195402,97.81609195,516.4712644,25.67906645,0
140.2172471,199.3421053,98.76315789,408.9736842,22.0378829,0
107.9280303,234.1515152,117.3636364,630.6363636,20.11048454,0
141.2173913,217.9375,97.5625,501.21875,22.61634417,0
127.3015222,226.635514,108.8785047,632.0186916,37.16207982,0
115.7617978,228.6357143,107.5785714,623.7928571,37.00718077,0
127.8516285,226.7596154,107.2596154,590.9423077,32.22805547,0
126.6155351,214.7196262,101.9844237,559.2866044,32.80400044,0
120.7760779,229.2872928,107.4696133,682.2596685,36.64106892,0
140.1368421,223.6666667,105.0833333,590.8333333,26.62389147,0
130.3857781,215.8797814,98.9726776,553.5136612,33.39837514,0
131.6028422,203.3214286,95.46428571,435.6904762,24.32959097,0
124.8878964,220.9039146,100.3879004,577.8327402,35.43427182,0
114.4748915,223.955665,103.6748768,614.635468,27.43327684,0
132.752052,193.923913,88.82065217,373.0652174,24.26227144,0
126.6424825,196.3611111,87.33333333,394.1805556,33.93242877,0
122.1411869,232.3370787,119.6741573,506.3988764,28.58915447,0
134.0693604,222.4758621,117.1034483,428.7689655,31.05032239,0
110.5302419,230.2580645,116.7419355,583.7096774,20.15646394,0
129.6706161,219.1132075,101.0754717,507.3207547,53.19050309,0
139.6409524,201.2424242,91.95454545,391.6818182,23.77558069,0
121.890625,253.4029126,148.0582524,427.7815534,19.06160049,0
140.4202586,230.7931034,119.4827586,508.8275862,30.39670331,0
123.8948897,245.2592593,119.0648148,798.2685185,38.72662798,0
124.89349,245.2721893,118.7130178,642.2189349,35.45374597,0
121.2125,195.1666667,88.03333333,347.5333333,39.1137941,0
129.5350026,201.5691057,91.75609756,495.4227642,32.66562459,0
122.0250522,226.3666667,112.5666667,643.0333333,40.12198068,0
123.6859366,218.7964602,104.5221239,483.3539823,37.17195514,0
130.0091842,213.0,97.07296137,507.9957082,32.62096892,0
133.8465608,241.9879518,123.4216867,575.8433735,29.51140323,0
129.6321839,232.1666667,123.5333333,434.6,34.5707447,0
133.3570646,181.4224138,89.68103448,243.5344828,15.00753873,0
128.1267606,187.8723404,87.20212766,272.4680851,18.52049444,0
116.5981675,259.6458333,137.0208333,563.8125,20.57540333,0
131.116672,200.2878788,88.47474747,416.0252525,39.35435722,0
119.9153272,250.7061503,139.6150342,475.7927107,27.98991662,0
123.0179362,225.6725352,106.8169014,579.6408451,30.83529332,0
129.8303571,194.6190476,89.61904762,389.1904762,24.61494854,0
139.3245614,249.1627907,142.9767442,441.4651163,26.5916174,0
134.442345,221.969112,107.4440154,524.0926641,27.1569574,0
128.4693573,191.4047619,92.64285714,295.1428571,27.06853861,0
125.5187777,226.6522727,107.7386364,547.6136364,33.77019567,0
131.5021746,216.3138298,97.79255319,567.1170213,27.51825601,0
119.3538798,228.3854167,107.6597222,605.0486111,30.80197804,0
129.6552995,186.9428571,76.68571429,287.2,13.273735,0
131.3106181,197.95,84.35,383.05,18.7233811,0
87.140625,370.0,196.0,529.0,54.05726131,0
133.5391485,252.8190955,135.9095477,205.0879397,25.28475353,0
134.9737903,257.7096774,164.1935484,313.2580645,37.74626388,0
126.1847051,325.122449,204.8061224,334.3571429,16.21623779,0
131.3505039,373.1964286,242.8928571,482.625,27.36961204,0
125.4453925,482.8918919,278.6756757,425.4594595,18.62081746,0
141.6139241,352.5,208.7,416.1,54.15523982,0
120.770235,492.5833333,329.1666667,435.625,48.34661725,0
114.452381,428.047619,278.0,518.0,118.8571047,0
122.1590429,283.6629213,134.9438202,212.9550562,39.29208182,0
126.9681904,263.5518395,151.8093645,426.0401338,27.34759193,0
129.0539773,340.8202247,215.1797753,337.2696629,25.54959827,0
130.8207127,345.0701754,232.4561404,358.4385965,24.04632853,0
117.7257053,404.3,282.8,451.75,34.15698135,0
112.7734899,519.9342105,384.7105263,491.2894737,28.14563186,0
132.1166667,450.6,306.8,374.0,82.21878672,0
130.8153846,336.8693467,211.0351759,272.7939698,10.44024725,0
133.7062706,467.4736842,341.3157895,508.2631579,61.43365676,0
122.156406,245.1504425,123.6106195,552.6637168,21.00196337,0
118.7100313,258.925,148.575,645.65,23.73030763,0
131.4418262,269.2235294,168.4941176,573.1764706,47.75895938,0
135.564055,246.0591716,129.147929,532.7159763,36.4803769,0
124.2463199,415.9948187,295.3471503,449.0259067,55.77349463,0
126.4123373,444.827451,229.2078431,378.8196078,7.115902125,0
143.8619792,225.75,109.5833333,580.2083333,27.09807291,0
123.3133159,330.125,267.5416667,723.8958333,59.42204277,0
119.0035141,360.976,323.688,784.584,60.3408102,0
135.140625,360.5,207.3333333,292.3333333,38.2676067,0
126.2281421,462.8043478,261.673913,397.6521739,18.98497068,0
125.5132212,271.8846154,154.9423077,405.4423077,30.61173635,0
121.4993301,507.7902098,302.5454545,441.4475524,10.35334937,0
122.3311258,314.4736842,253.7894737,737.8947368,30.33643303,0
113.1822917,222.4166667,112.25,565.25,37.9403772,0
147.68,220.2272727,110.8636364,520.3636364,20.66597795,0
134.9350649,246.0,131.1413043,556.7608696,29.28034714,0
128.2287051,333.877451,215.754902,323.9803922,20.70635351,0
116.5859375,258.4722222,129.6111111,650.6944444,36.71812204,0
122.7331787,231.4161074,111.7516779,615.1644295,31.45153003,0
129.2823779,302.6440678,214.5084746,632.9322034,62.2350956,0
126.7313077,242.9433962,128.5141509,506.0566038,27.79976271,0
130.4820183,248.6239316,127.0769231,554.1538462,41.11666363,0
153.735119,259.2380952,133.3809524,432.1904762,21.09142178,0
106.3526316,253.0833333,113.5833333,426.8333333,36.8732815,0
131.2843063,237.8433735,130.2409639,453.0361446,28.25931288,0
117.1157518,243.4190476,120.1333333,584.5428571,35.18049346,0
133.4198473,241.7727273,120.8181818,586.6818182,22.64356808,0
134.5829556,264.5714286,151.4857143,418.4428571,22.97720698,0
120.5231959,238.0204082,111.1428571,580.4693878,20.44702423,0
131.7596967,238.7685185,121.3148148,491.1712963,31.89137802,0
111.6363636,249.4137931,137.5862069,601.862069,26.90260763,0
120.5392457,236.5806452,127.6451613,606.8709677,26.66045117,0
133.4444444,230.6315789,115.9802632,591.6381579,18.65696563,0
121.9121299,241.6142132,123.2893401,548.2081218,29.33594898,0
123.3483174,249.6796875,154.546875,426.9492188,24.24818272,0
142.1651786,242.5714286,148.2857143,376.1428571,25.47828207,0
145.2019231,235.7692308,129.0769231,433.1538462,25.18593578,0
117.4557439,261.0601504,151.1729323,500.6015038,24.32159643,0
122.1189964,247.3181818,115.4659091,603.8295455,16.92142756,0
121.7565066,245.6232687,128.0277008,517.5789474,21.89388695,0
133.2240056,244.8555556,139.1777778,430.8666667,38.19537817,0
125.6269221,231.712,113.824,602.104,23.80528513,0
135.4613971,248.6470588,134.3823529,454.1470588,44.95753475,0
118.6142384,234.8157895,113.25,612.4605263,27.58556005,0
133.0968447,228.880597,115.7661692,563.1542289,25.20846576,0
140.9943182,231.0606061,127.3636364,420.3636364,30.19225206,0
125.41959,237.4710145,114.0144928,575.0362319,21.22615048,0
122.5180563,226.4599156,109.6202532,599.021097,26.06337618,0
129.6870839,237.9674797,122.9300813,495.1853659,33.48188078,0
112.2359307,241.7241379,122.4482759,565.9310345,29.10426539,0
129.1020408,228.8303571,105.9761905,672.5386905,30.66179531,0
134.8688047,220.7286822,103.4651163,617.4031008,24.57568524,0
127.5039063,258.0,147.0,491.75,44.8133281,0
122.2114073,244.4901961,153.6176471,351.8431373,16.11036105,0
131.2390263,216.3081761,103.8679245,224.8113208,20.76633942,0
102.3833333,230.6,107.1333333,490.9333333,24.16186159,0
125.6690962,222.4651163,130.2790698,268.5813953,29.22435177,0
125.9461062,403.8309859,201.2897384,355.8712274,8.645779962,0
125.7160548,225.5574913,128.1010453,194.2857143,14.36070908,0
125.4014085,226.6666667,117.4814815,416.3703704,46.06886359,0
131.0414634,190.1442308,89.78846154,218.0865385,22.00273778,0
124.4656992,330.9894737,201.4736842,346.0736842,40.38227855,0
131.8882559,188.5684932,89.31506849,128.8013699,10.08408308,0
130.264095,203.9647059,99.55294118,300.4352941,50.29089635,0
134.7378917,348.8181818,238.1590909,348.9772727,41.15523801,0
87.140625,417.0,256.5,369.5,28.44292531,0
100.7731092,326.5333333,250.6,399.2,12.86165706,0
126.9777345,258.4429825,167.3684211,231.127193,19.94549166,0
138.4310345,467.1818182,255.7727273,353.7272727,41.72519306,0
128.6893939,492.52,271.12,405.04,18.13963616,0
119.0275607,523.716129,305.4451613,443.5290323,15.30405807,0
125.7401915,220.4384236,114.4630542,415.8374384,33.05827025,0
139.2265625,439.4166667,279.5833333,426.5833333,80.49581597,0
126.863103,445.1458333,335.4583333,582.3125,20.0467769,0
128.307049,465.5809524,306.1142857,477.7904762,34.74147345,0
139.2536534,219.8,117.3666667,328.3166667,28.89641942,0
123.3888136,433.0967742,403.672043,686.3548387,24.61873689,0
133.3715278,405.7777778,331.9444444,564.1111111,36.83936602,0
121.8770833,405.2666667,348.9333333,688.5333333,36.40666911,0
131.9573171,388.6388889,322.4444444,623.7638889,79.26261242,0
143.558642,371.4098361,287.4754098,466.8196721,45.09822658,0
116.1288265,450.6530612,437.0612245,783.5102041,20.59815643,0
124.5949153,465.8918919,377.8108108,526.0540541,104.3641011,0
122.8177083,465.0,368.9166667,613.3333333,42.42075946,0
125.5453297,486.326087,466.3913043,765.2826087,31.19912873,0
129.4913354,271.4516129,198.6612903,324.1612903,28.9951241,0
133.9696262,216.6481481,104.5925926,323.7407407,24.61484519,0
119.9776453,502.5714286,519.0119048,796.452381,41.84194934,0
125.3937008,427.1875,409.5,704.90625,55.92904964,0
131.6567657,347.8947368,288.9736842,578.8684211,38.98068454,0
121.0288212,245.7406015,130.9360902,551.9962406,38.3183168,0
134.3596838,209.25,99.25,200.75,12.10742928,0
134.8367601,238.029703,128.970297,464.8415842,33.13319553,0
106.0625,449.0,418.7692308,741.6153846,45.80160458,0
121.8145695,458.6578947,392.2894737,605.0789474,16.14067744,0
129.4631579,531.625,512.4166667,728.0833333,85.46161419,0
128.3636364,222.972973,120.3648649,365.972973,47.20135443,0
138.0744275,564.6666667,566.7575758,790.969697,56.3806426,0
106.215,572.68,571.96,796.84,82.96360648,0
137.5220729,227.1818182,133.9494949,246.6262626,14.94549496,0
128.9338555,363.2275862,252.5034483,338.9931034,33.83693568,0
98.9453125,522.125,504.375,772.375,93.97606078,0
106.9038462,354.9230769,295.3846154,586.1538462,77.85337455,0
126.804,273.75,170.25,369.5,21.4005695,0
134.5770887,229.739726,115.0958904,508.4657534,28.98129667,0
93.89285714,612.0,569.0,734.0,98.69495366,0
126.7628834,447.3268293,370.004878,550.5902439,49.09101988,0
162.40625,609.0,599.0,778.0,80.04529967,0
121.2315113,613.6923077,672.4615385,968.2564103,64.56337956,0
121.312212,234.412844,118.3669725,477.266055,38.07802116,0
129.3413333,536.3617021,511.6808511,761.8510638,78.32356771,0
122.9850598,565.3809524,604.7301587,908.6666667,27.64448746,0
134.0104439,331.9791667,272.0208333,487.5833333,46.14796835,0
126.226626,261.5,148.3225806,632.1209677,22.12746867,0
132.5569519,240.6857143,123.1587302,496.4063492,34.60139445,0
129.5285714,262.8181818,147.6363636,722.7272727,23.84752703,0
126.4307359,465.7931034,455.9655172,714.4482759,48.12417055,0
113.5714286,316.0909091,255.4545455,464.8181818,64.52581327,0
114.3183432,227.9056604,117.8679245,554.8867925,28.52117561,0
125.2215909,357.9772727,281.0681818,460.0,38.43995532,0
131.313253,277.3617021,167.1914894,331.2978723,21.8464952,0
126.4122137,260.7679558,141.2872928,442.359116,40.56933728,0
140.8051576,242.9545455,145.5909091,341.0,21.93623366,0
121.8886598,249.8688525,128.9508197,682.4098361,51.08461872,0
132.9134024,237.472067,114.5195531,543.0810056,21.81468749,0
137.0290557,261.3076923,159.4423077,406.4615385,19.44856477,0
123.8612425,325.3084577,207.8059701,298.0895522,22.05116448,0
115.8492679,237.4931507,113.9726027,570.8767123,21.00296202,0
122.4669205,250.969697,150.2575758,466.2272727,30.57712685,0
132.5223238,257.8974359,161.3162393,439.4957265,17.18192779,0
111.7539267,230.8333333,115.375,546.0416667,30.42474208,0
144.2600897,240.4642857,135.0714286,381.8214286,18.58443912,0
127.5540685,243.8205128,127.1538462,549.6837607,30.56530954,0
140.7157258,222.0645161,104.6129032,536.0645161,28.82199848,0
130.4954722,231.9793814,129.6597938,251.0103093,41.60714394,0
119.2141791,293.1309524,203.3809524,368.6190476,34.44436673,0
126.8202247,251.4871795,136.2051282,318.7435897,39.77750414,0
123.8579545,314.0909091,211.0909091,403.8181818,30.40283942,0
126.8442918,277.1450777,179.2694301,453.0673575,16.35006913,0
129.4639556,204.75,90.86764706,455.3970588,41.65476416,0
106.171875,281.125,208.125,372.75,23.94002924,0
135.5176849,297.0,203.6923077,316.6153846,70.49400215,0
130.1407136,206.6282723,100.1727749,174.8638743,23.05961492,0
123.0516055,254.3454545,149.6727273,384.7272727,56.17959984,0
120.1156812,307.877551,207.8979592,502.6326531,22.65789616,0
121.3541667,327.4166667,238.25,330.5,100.2171254,0
88.3125,344.6666667,256.0,359.3333333,73.07986499,0
120.1976987,240.3333333,125.3333333,654.5,52.97750833,0
133.503413,258.4594595,157.3513514,514.6216216,26.77043058,0
128.5909827,275.3663004,193.7912088,359.7326007,19.04443972,0
130.5231116,218.0892857,125.359375,214.5267857,26.44633663,0
121.134542,239.7575758,124.2727273,549.5454545,24.42024274,0
126.7859327,179.6097561,89.7804878,245.0487805,36.97261716,0
121.732762,216.1490683,99.72670807,569.8509317,45.82816376,0
118.0009794,199.78125,87.234375,336.03125,31.07855706,0
124.1597222,227.1111111,118.2222222,418.7777778,50.43529653,0
127.4336134,185.4513274,80.78761062,256.5221239,15.96349799,0
122.8596166,250.2,121.8360656,643.4360656,28.7661993,0
133.574977,227.2205882,115.4264706,450.6176471,37.73260902,0
133.9465441,246.9891892,116.9405405,607.5243243,26.39285159,0
126.4333932,236.7885714,116.0057143,565.3771429,41.13785525,0
125.5416185,242.7706422,114.7798165,628.8440367,41.08204432,0
130.2065015,242.0788177,121.1133005,609.0344828,32.83036848,0
124.221121,255.4673913,136.6141304,739.7336957,28.83657703,0
127.4818721,280.1578947,165.3789474,741.2526316,40.35743349,0
123.1897233,259.75,129.0,854.75,32.90178329,0
118.2865672,367.6190476,299.7142857,818.0,45.96158309,0
126.988764,366.5714286,304.2142857,785.25,33.84891024,0
117.7539683,402.6507937,327.8412698,764.2380952,42.53221327,0
126.3693503,448.1685393,412.8988764,714.0449438,22.66755842,0
130.2315789,321.1666667,213.7916667,741.8333333,17.31564602,0
120.5789797,472.3431373,474.2352941,800.5,42.49571523,0
128.477095,322.920354,241.2654867,594.6548673,26.73302659,0
128.8273956,457.8737864,430.8252427,715.9902913,35.22775097,0
126.120487,418.3557047,348.6845638,671.7583893,36.88893191,0
128.377907,353.0461538,268.3538462,664.8153846,26.81708367,0
121.1553073,492.7079646,487.840708,777.2389381,25.08944607,0
124.2448759,308.8793103,197.1896552,722.3793103,50.26496086,0
127.9153605,381.05,318.35,680.425,43.57877924,0
140.1828704,344.2592593,257.1481481,681.7037037,42.33603893,0
114.2692308,361.2580645,285.8709677,689.1935484,30.0760742,0
127.3540594,366.8553459,280.6603774,546.7735849,24.4765217,0
127.8121311,288.2708333,190.2395833,511.5208333,23.63634171,0
134.2379944,275.5955056,183.4831461,465.6292135,27.282028,0
126.5888939,362.3,273.5714286,610.9071429,37.73429867,0
126.1369119,264.8076923,141.4615385,544.1538462,20.70985101,0
133.2921811,330.0967742,242.483871,546.8064516,21.01315801,0
129.1566558,354.6493506,283.9220779,650.1688312,31.94832119,0
117.2347505,390.6323529,326.0147059,714.75,45.07050177,0
129.7361111,391.3111111,340.3777778,749.2444444,31.35646113,0
125.855615,284.05,185.35,580.1333333,23.49997636,0
110.8511628,365.7407407,283.5555556,638.7037037,83.29502,0
123.2283951,470.7424242,447.9166667,749.6212121,31.11926833,0
133.7028571,381.4545455,258.4025974,563.8051948,61.9580868,0
138.7377049,308.9259259,156.2592593,383.4074074,14.43076275,0
125.4412533,338.3958333,228.0208333,591.3333333,47.87548955,0
132.7126615,248.7459016,140.6639344,476.6721311,29.98350348,0
133.5553064,449.6904762,425.6428571,670.4404762,30.40559858,0
128.9847909,491.5151515,498.3636364,768.7272727,28.16842301,0
118.902439,377.0,300.4166667,775.4444444,57.80466121,0
121.2458588,489.4444444,483.6944444,842.6111111,45.39762385,0
129.5097826,234.25,109.2844828,566.3103448,35.64903048,0
137.5380435,213.0,109.2173913,459.3913043,32.84873966,0
132.7370892,298.875,191.65,756.225,32.78504804,0
122.9416667,241.1764706,113.3235294,706.3235294,30.46918291,0
129.4875,450.8,423.4,843.8,88.99303344,0
133.6580247,274.1764706,184.9215686,630.5490196,37.92489391,0
123.8496468,244.8064516,122.5806452,478.3387097,75.16408689,0
125.4451426,251.1076923,129.0923077,587.3923077,28.72536763,0
127.8749347,419.7016461,301.3600823,340.31893,19.94179238,0
121.1076017,870.7983193,661.8151261,704.184874,16.37396629,0
96.79166667,493.3333333,339.0,378.3333333,103.5364938,0
117.4930556,513.5555556,347.4444444,386.1111111,104.4392434,0
116.6349614,955.7142857,737.4489796,774.1428571,20.89853714,0
93.97916667,543.0,367.0,396.0,156.5084307,0
135.7748344,572.2105263,397.6315789,430.3157895,77.77579824,0
118.8267218,227.7953668,105.046332,679.2702703,28.48019871,0
136.0039526,209.25,89.5,308.0,14.11061214,0
131.4986652,203.8898305,90.80508475,468.2288136,42.64415537,0
132.0771412,192.1531532,81.56756757,338.2432432,24.48469987,0
120.4450549,208.2185792,92.25136612,477.9016393,36.84480925,0
116.8400182,268.6231884,127.5652174,855.5362319,22.49925668,0
120.866107,220.3043478,97.53846154,564.6354515,38.7828501,0
128.9160483,265.2390572,128.2525253,814.4040404,26.62482603,0
135.1164163,201.5897436,88.09401709,422.3846154,34.32622073,0
122.7794136,245.8104449,113.7427466,741.7098646,30.8921869,0
136.3602362,220.6979167,94.41666667,518.2916667,36.83437027,0
128.9626068,229.9491525,104.5762712,591.1186441,46.42526034,0
126.9551986,249.7333333,115.8533333,728.8,37.17481585,0
131.5759577,231.8210526,103.2842105,634.4,36.0698092,0
116.4959538,258.3608563,123.030581,811.911315,17.6632856,0
119.5680757,240.3913894,114.1037182,689.8238748,28.47858262,0
139.0367965,232.7155172,111.2931034,651.2586207,26.10623818,0
127.9323653,249.3373494,152.5722892,385.2228916,32.62843466,0
126.184013,265.3379953,181.2610723,317.1864802,19.61199696,0
119.2764026,240.1168831,116.038961,554.4025974,19.65221308,0
128.9405188,242.212766,113.964539,653.5886525,18.652698,0
153.2784091,231.2727273,107.2727273,649.4545455,22.57293047,0
114.6402091,242.9811321,116.8339623,710.709434,30.23764755,0
122.3645214,240.4655172,115.2241379,736.9568966,29.8832747,0
126.7913066,237.0583333,112.7395833,664.3229167,38.49702708,0
148.1704545,229.5454545,107.3636364,696.2727273,27.73844782,0
132.7789474,239.1666667,117.5,572.75,29.50561976,0
153.5625,245.3333333,121.0,714.6666667,19.75878848,0
115.1986879,251.5820896,124.0447761,707.7910448,25.24141402,0
135.9584245,239.1478261,114.8,675.6695652,33.46906706,0
142.7861635,236.625,106.85,606.1,29.52667226,0
118.6054422,260.0810811,133.4054054,661.5945946,33.45860803,0
129.0906298,233.2764228,117.7723577,528.6910569,34.51366502,0
125.7544757,242.1382114,118.5365854,607.3333333,27.77115342,0
149.4963235,243.1176471,116.8823529,736.7058824,26.32167263,0
123.8472222,227.1111111,110.5555556,526.5555556,33.82671893,0
132.0387761,200.2740385,95.32211538,364.0288462,34.25941669,0
137.4716599,239.6612903,114.2096774,690.8225806,31.44292684,0
138.0864382,211.4285714,103.952381,450.8095238,30.46696289,0
124.4552752,209.8436364,96.41090909,517.9890909,36.92968239,0
111.0163043,236.7391304,117.3043478,706.173913,28.22934697,0
130.186255,212.5555556,95.33333333,523.2063492,41.23623174,0
131.9005236,237.2083333,105.0972222,589.1111111,45.08907508,0
135.4788087,212.2545455,92.12727273,478.2727273,30.45058862,0
125.7656546,222.6363636,102.469697,708.9393939,30.52518944,0
130.8336933,197.3793103,80.48275862,334.6896552,22.96432636,0
135.52,206.9268293,94.75609756,497.3902439,25.93592526,0
119.9624746,239.9516129,113.3225806,739.9677419,30.17398387,0
133.0508475,222.2307692,98.0,660.9230769,61.79739994,0
123.8648889,229.0754717,107.2122642,623.6132075,33.65579888,0
118.522293,236.0869565,109.2173913,843.2898551,33.11403603,0
109.9278846,246.7692308,113.4230769,792.1153846,28.26703288,0
124.1558032,238.015444,109.1660232,744.3127413,37.63523371,0
133.0340909,205.7272727,94.81818182,575.2727273,26.15781728,0
126.2141143,232.2171429,107.9504762,628.3828571,29.25688033,0
134.3933075,234.1923077,112.3307692,598.0307692,30.62835153,0
137.9119497,221.575,104.225,567.25,29.74423263,0
137.5167549,224.943662,105.8028169,562.0,31.09313077,0
135.0650496,220.2807018,103.6491228,549.7017544,48.17299159,0
124.173788,214.757377,99.29508197,530.6885246,43.08854829,0
133.4698732,222.5714286,106.0336134,645.7563025,27.44493817,0
130.1835564,199.0060606,88.12121212,404.1090909,36.67955496,0
128.5976635,178.7207792,77.38311688,243.8766234,25.91863961,0
124.9961644,202.3173913,96.89130435,454.6826087,26.00132467,0
128.2003183,187.2816456,81.21835443,305.1265823,29.42149791,0
132.9513591,182.6561086,77.28959276,250.841629,15.07256188,0
128.3523899,200.3134328,94.64179104,313.5970149,30.0563368,0
130.0966325,206.3218391,94.45977011,395.5402299,48.21346816,0
122.5745297,287.6206897,212.0114943,353.3333333,25.88170902,0
126.5002884,208.1605505,92.5412844,371.5825688,31.42989689,0
129.6037625,198.6448598,88.0,371.7383178,42.90861534,0
99.56793478,196.2608696,85.08695652,336.2173913,20.07048073,0
131.8852041,193.2040816,84.16326531,289.8571429,23.96801284,0
117.8685714,182.1363636,79.45454545,212.7727273,31.75422143,0
127.9383825,206.2857143,98.26530612,553.877551,29.12432956,0
121.1043478,229.137931,109.8793103,727.5862069,32.03823611,0
127.5246691,204.7142857,95.16190476,495.9714286,26.3342547,0
126.8811189,179.6111111,81.83333333,319.1666667,31.21237241,0
115.4884488,213.1578947,95.63157895,563.3684211,34.29729886,0
126.1931143,190.972973,82.52895753,440.6602317,37.65607394,0
112.2524138,208.0769231,91.65934066,385.1098901,31.1396386,0
123.3422153,213.661157,99.03305785,592.9421488,30.96888634,0
118.4084152,198.608,86.572,555.404,28.69181598,0
127.7010309,195.1311475,88.52459016,414.2295082,44.67205595,0
128.3212851,203.0638298,91.70212766,448.9361702,53.8942344,0
129.6169094,177.6882129,73.90747782,196.1647655,10.7290532,0
129.1571177,182.2070175,78.01052632,342.6666667,27.50967909,0
131.5564342,199.68,90.08,346.4914286,27.63303908,0
128.0948157,177.3438114,74.85068762,247.5618861,15.87737306,0
125.1523915,210.7876106,94.69026549,390.9292035,30.81177017,0
138.9804618,200.7464789,85.07042254,533.8169014,25.48289429,0
138.3241563,182.8450704,78.22535211,277.2816901,15.40093027,0
132.9679519,203.87251,91.65737052,398.0916335,25.81012101,0
122.7228916,189.4961832,79.50381679,446.0687023,33.5298355,0
116.2067757,199.2037037,89.33333333,535.3148148,25.14277475,0
129.2817503,186.2288136,80.55508475,324.6059322,26.70409985,0
130.5761773,196.4565217,82.61956522,318.3152174,21.41151782,0
127.6393117,195.4,85.27368421,501.8736842,29.99791313,0
133.8343711,186.9607843,78.79411765,407.8039216,28.75037569,0
116.8295505,204.7659574,89.53191489,469.9148936,40.27874558,0
134.1038961,196.1724138,84.06896552,337.0172414,31.45067671,0
120.1422709,203.7173913,91.7826087,676.076087,27.93644894,0
131.5739437,189.6666667,90.33333333,510.8888889,18.723541,0
130.0157127,194.4196429,83.63392857,522.7232143,45.91870798,0
129.6544732,175.4968553,71.65408805,273.6792453,14.63809963,0
122.3108434,192.3461538,79.73076923,465.9230769,49.16461902,0
141.597723,184.2424242,75.93939394,370.8787879,12.78608346,0
115.7236364,202.1487603,91.92561983,475.3801653,28.35412775,0
124.8280543,191.9156627,81.8313253,429.746988,45.2896358,0
132.4750687,198.30625,89.15,595.3,33.13183656,0
131.0757042,198.2777778,88.0,506.6111111,53.74000051,0
139.8374348,197.4404762,89.07142857,536.3333333,22.4698841,0
122.1999159,209.2608696,93.06688963,646.3244147,29.78572786,0
132.2235166,177.5,78.56896552,377.7586207,20.39755247,0
125.2977728,202.5505952,92.73809524,579.2172619,34.30139564,0
126.6457219,325.4042553,222.2765957,630.3829787,37.16909838,0
108.6711712,208.5714286,96.5,438.4285714,19.9315154,0
140.3386308,202.8846154,90.34615385,310.6923077,15.21595044,0
130.032641,299.3691275,182.4966443,513.7718121,23.46929486,0
134.2754237,200.5333333,95.56666667,220.2166667,25.69013537,0
108.4826389,369.0,258.1666667,472.6666667,33.27202696,0
125.6201717,299.0338983,185.1016949,304.0508475,45.28264201,0
125.5644664,366.8627451,262.9019608,473.9019608,35.7424305,0
119.7150237,216.7959184,99.93877551,452.1768707,29.02023754,0
139.160396,235.0,120.0,253.8125,19.64168777,0
129.4938195,204.9477124,92.36601307,382.6405229,25.4758274,0
131.8519225,328.5477387,206.2311558,310.6482412,15.86386079,0
132.2815075,189.7611111,83.92222222,336.1805556,27.00056455,0
120.812009,224.5892857,107.1517857,578.2321429,42.18898429,0
129.8503937,285.75,168.0,371.75,32.06146441,0
121.1454796,231.4817518,113.9124088,460.3649635,26.10653918,0
142.3070175,206.6551724,102.1724138,524.8965517,23.63893079,0
133.9193038,174.3,81.4,213.3,9.725449861,0
120.0689655,206.648,93.648,441.536,30.64649122,0
120.6934524,216.047619,96.97619048,336.6190476,37.6804878,0
141.3839398,257.44,144.64,343.36,39.74624007,0
124.5970149,349.5,223.0714286,421.952381,70.28323408,0
120.0519677,488.12,323.928,561.936,18.23969473,0
129.8575,333.84,199.88,485.16,34.35578554,0
112.6890488,533.0632911,368.7341772,525.0632911,45.60559059,0
139.7345919,200.6902655,90.5840708,450.8849558,24.66335006,0
111.5687732,203.5882353,93.26470588,403.7352941,26.51277684,0
125.4352403,206.3941606,93.05839416,512.270073,33.46606037,0
132.1238592,465.34375,295.3333333,499.25,38.76296686,0
124.4695364,215.1526316,98.48421053,675.9157895,28.50654248,0
125.171928,559.048,365.968,439.272,15.39232155,0
109.8285714,183.7,82.95,251.75,16.0794123,0
130.2844828,212.637931,96.89655172,482.3965517,21.21029549,0
131.3865546,185.4666667,85.46666667,419.6666667,13.33999833,0
141.345098,180.875,81.5,348.0625,18.21357667,0
121.3834081,218.3571429,112.0178571,426.6071429,19.08319594,1
122.7575758,205.96,86.76,407.68,17.82357989,0
124.0102041,215.5945946,117.027027,477.2972973,24.57462807,1
125.6084071,209.6491228,121.2280702,443.2807018,25.75731376,1
107.7458333,204.1333333,83.46666667,479.8666667,22.95696457,0
140.2039216,188.59375,84.4375,457.25,30.19375906,0
122.7924528,199.7407407,108.4814815,384.7407407,23.01890587,0
117.427907,191.1851852,86.55555556,429.7037037,24.76556749,0
130.9663568,256.3521127,166.6830986,506.9647887,18.46224239,0
132.6788212,259.1269841,170.3412698,519.9126984,23.55045831,0
132.6788212,259.1269841,170.3412698,519.9126984,23.55045831,0
133.7529762,179.7142857,85.23809524,387.8095238,19.73222097,0
116.9489529,214.5625,127.75,390.2083333,23.07050636,1
116.9489529,214.5625,127.75,390.2083333,23.07050636,1
136.4417989,214.0416667,115.25,579.4166667,17.01041348,0
125.0748032,254.8125,147.5,388.25,20.22442444,1
144.1078067,186.9411765,77.35294118,468.4117647,20.46839069,0
121.0942029,219.4230769,122.4230769,536.0,30.7144705,1
136.5666667,196.3888889,86.66666667,364.6666667,24.78437879,0
115.8912281,220.3333333,103.4722222,588.3611111,25.09148385,0
132.5069444,206.3703704,109.2592593,532.962963,28.78142405,1
121.0646688,189.125,92.575,289.975,14.14204724,0
138.3922652,200.2352941,103.2941176,431.4117647,22.16531159,1
124.08,219.1590909,98.25,638.0681818,22.00022305,0
139.5067485,231.1568627,105.8235294,780.7843137,27.49605543,0
99.15972222,241.2222222,116.7777778,644.2222222,34.62818377,0
142.8863636,196.0,86.0,408.0,23.26562392,0
115.4145861,248.3854167,119.71875,695.1666667,16.55538041,0
126.4508929,170.7142857,70.21428571,251.9285714,27.89448047,0
116.1842105,185.28,77.58,414.18,37.86887376,0
127.3010417,202.5666667,112.2333333,390.6,19.31449513,0
131.2553846,188.8433735,95.21686747,246.4578313,12.9995701,1
120.9151786,194.2857143,86.0,364.8571429,28.25440186,0
132.0470325,173.0877193,72.15789474,230.3684211,10.49943937,0
113.4296482,178.52,78.96,209.48,8.50449293,0
139.4305556,200.5555556,111.1111111,484.2222222,24.51303508,1
126.8205128,203.244898,107.1020408,435.4081633,19.46005852,1
128.1207658,196.3023256,111.3953488,345.1860465,17.70196751,1
141.8242188,220.875,101.8125,784.5,36.68696763,0
131.6105442,208.7567568,93.91891892,596.4054054,27.19832204,0
132.0265096,244.0697674,123.2325581,703.9302326,23.60163803,0
138.5376176,204.225,103.675,343.4,27.87372194,0
131.8457944,184.9705882,91.42647059,307.3235294,15.18652768,1
136.7425432,190.6875,81.85,338.6,19.53598843,0
113.2250923,213.2352941,106.2941176,501.3529412,16.60283046,0
119.6692913,200.5,104.0,328.25,14.75211849,1
116.0950783,185.0535714,81.05357143,344.625,19.46463794,0
130.5940594,188.8421053,99.73684211,314.0,15.05403472,1
130.3398414,211.0,110.815534,616.9805825,22.95875313,1
112.8675497,207.3684211,117.8947368,544.1578947,24.35995078,1
129.10625,171.1,66.6,225.2,19.1039263,0
134.9041667,212.4666667,92.4,633.2666667,30.30174179,0
115.4009662,205.8846154,89.57692308,397.5,22.93833385,0
113.96521,216.4797297,100.2567568,507.0945946,25.83007188,0
131.140625,206.6875,107.0625,561.1875,29.75498908,1
139.0142857,183.2727273,78.77272727,365.5909091,15.50159949,0
113.9635417,195.0555556,106.5833333,303.7222222,24.09158195,1
122.7918437,192.2702703,78.75675676,314.2702703,19.13395648,0
136.1621622,189.5714286,99.57142857,331.5714286,15.59042092,1
118.1553229,176.8611111,87.55555556,262.0833333,21.75301526,1
132.325,203.6,120.68,378.32,24.0028665,1
142.8647059,185.3125,77.5625,363.75,16.21908116,0
112.67621,226.6195652,103.2608696,857.9130435,29.83076082,0
128.6824324,222.3928571,131.0714286,448.0714286,24.36143657,1
137.8736842,180.8333333,75.0625,369.75,21.95330232,0
108.1344538,199.3333333,107.0666667,253.0,20.50907658,0
129.24375,189.75,80.3,268.1,25.52307779,0
117.8786765,175.5294118,83.88235294,188.2941176,17.01576716,1
136.9319853,174.6470588,75.79411765,268.2352941,13.46789082,0
144.0801394,200.4444444,87.77777778,441.3888889,23.02387381,0
119.4798206,191.9285714,105.7380952,331.952381,22.49178484,1
132.9343066,218.9534884,96.41860465,677.6046512,22.5968979,0
114.50625,219.6,96.7,910.8,20.97832214,0
136.866242,223.8983051,101.6779661,711.1186441,22.41252266,0
136.3557692,221.1538462,117.0,672.1538462,16.63104675,1
125.828125,211.125,94.6875,508.1875,14.85713213,0
133.4033784,183.3870968,94.92473118,292.6021505,18.9325436,1
121.546875,178.5,82.5,374.5,20.0869205,1
129.58413,168.4242424,72.57575758,184.9090909,11.08984305,0
132.0631579,188.6666667,97.2,262.8,12.13095215,1
118.1464738,176.3714286,79.92857143,219.2571429,14.6531671,0
124.6289474,189.4166667,99.04166667,347.3333333,24.65339592,1
118.1692825,238.625,156.875,529.4107143,19.6485706,1
123.2474645,202.2741935,110.483871,460.2258065,18.71215223,1
121.6354167,186.0,83.83333333,482.3333333,15.12631996,0
135.1648936,203.8055556,114.6388889,391.1111111,12.83402475,1
129.9245283,214.1,124.1,452.6333333,14.29778538,1
113.8019324,202.6923077,91.07692308,577.2307692,37.29016242,0
138.3977273,210.9090909,114.3636364,637.5454545,24.68432935,1
111.8917749,227.0689655,105.5862069,602.3448276,20.10442418,0
109.8671329,208.5555556,94.38888889,716.0555556,26.68292329,0
127.2515723,209.15,92.975,496.425,18.74939999,0
129.8480204,204.122449,110.6938776,418.244898,23.12530378,1
113.6688103,206.6153846,97.76923077,687.3076923,32.38612782,0
122.282967,195.826087,85.0,442.6521739,29.58547899,0
120.9621212,225.7931034,99.98275862,731.0517241,23.09945925,0
131.2760417,192.75,98.41666667,431.8333333,20.13909962,1
133.7542614,198.6931818,86.14772727,549.0681818,29.50805325,0
137.334127,187.2531646,75.55696203,299.4810127,17.52136517,0
118.7304786,171.8,74.2,231.6,13.60505788,0
127.0,179.4,82.6,245.88,13.4339272,1
141.5606695,178.0333333,72.6,227.8,18.80806565,0
118.7477273,199.3928571,121.8928571,425.7857143,22.47614949,1
135.1086538,232.1538462,137.5230769,545.7230769,24.53084521,1
116.628692,232.3333333,149.6,530.6333333,22.20532969,1
126.7958057,204.4561404,110.4912281,370.2982456,16.44017855,1
126.7063037,194.5227273,95.11363636,337.1136364,10.86056918,0
107.0446429,212.4761905,125.3809524,464.7619048,21.26253132,1
131.2481203,209.72,143.64,410.16,15.3123349,1
122.3734043,207.9491525,117.2711864,532.8474576,26.87721985,1
124.0222222,205.4318182,135.1022727,411.2954545,16.42098536,1
128.8066915,183.8823529,96.17647059,369.5882353,16.43883494,1
140.6702586,197.2068966,116.9310345,361.6206897,15.92282219,1
132.186551,205.2413793,114.6551724,491.5172414,17.21266575,1
124.2834646,210.75,124.5,556.25,18.38806933,1
126.4571226,207.5955056,110.4606742,446.1235955,23.71210889,1
132.7681564,201.3777778,110.0222222,483.7555556,22.67411642,1
135.6746231,188.98,101.98,329.99,17.85854137,1
130.3920455,220.6060606,114.7575758,610.1212121,25.92990481,1
118.2348485,159.2,70.88,224.44,16.6997006,0
129.2234043,226.7457627,102.6949153,674.5084746,26.14331922,0
125.9456067,173.5333333,79.13333333,386.3333333,12.33135119,0
123.2146597,176.6666667,82.5,280.3333333,14.86303207,0
126.0198864,186.1818182,79.90909091,359.5909091,16.30165027,0
133.7270115,176.3181818,77.0,276.1363636,13.21031403,0
126.8116279,190.5555556,100.8518519,307.0740741,18.02535937,1
101.0346821,190.0909091,80.81818182,319.3636364,23.77303146,0
128.9846678,208.5945946,96.51351351,715.3243243,18.38739842,0
115.6785714,186.1428571,76.42857143,351.5714286,30.35840334,0
120.9812109,216.5,121.6666667,656.8666667,25.89328527,1
143.4582245,191.9166667,79.77083333,353.9166667,18.09230768,0
115.6571429,203.7272727,84.31818182,551.9545455,21.99929563,0
132.6560748,160.0294118,73.41176471,279.0,12.24296281,1
125.5356522,193.2876712,112.3287671,339.8219178,15.30558189,1
128.393617,211.4666667,119.3666667,530.8333333,12.2122434,1
115.5427975,205.2333333,124.1333333,408.0333333,15.10294305,1
126.3706177,212.5789474,127.9473684,546.3157895,18.98118328,1
127.0167526,207.244898,97.67346939,420.5918367,16.11818595,0
114.7521008,186.8666667,81.86666667,518.3333333,20.55834516,0
123.0756303,204.0,88.0,449.0,10.19716736,0
125.101833,181.2258065,76.64516129,321.7419355,21.77856587,0
141.2159468,178.3421053,78.42105263,309.8157895,18.32229165,0
113.6473214,222.4285714,149.8571429,530.7142857,34.42093869,1
106.359375,198.8333333,89.16666667,609.3333333,16.68498993,0
137.6432039,204.9230769,111.0769231,512.9230769,21.0960399,1
140.2080645,197.7179487,81.41025641,535.8717949,25.72930955,0
122.2115978,210.254902,93.30392157,439.7058824,24.00887515,0
120.3958042,226.6333333,126.6,659.5888889,22.56439072,1
132.9739264,195.5853659,113.6585366,392.8780488,22.42210391,1
110.8072917,188.6666667,77.5,446.5,18.705874,0
135.0933504,211.8571429,91.44897959,527.755102,28.68770799,0
121.1986947,197.4712644,118.0229885,351.5747126,15.52560013,1
133.6180582,160.9821958,66.87833828,156.9139466,8.763332235,0
118.9774011,189.1641791,82.62686567,330.9850746,20.03834595,0
138.5756458,188.3088235,78.92647059,292.8676471,16.81463154,0
119.561939,189.7285714,79.5,392.8428571,30.27374764,0
133.6192661,172.0,68.14285714,239.1428571,8.705206043,0
124.5267309,188.0277778,97.22222222,356.2916667,17.16091238,0
134.7539185,195.425,103.55,450.375,18.68361582,1
120.982699,209.5616438,121.4383562,461.9726027,19.34086493,1
116.5738636,226.7878788,143.9393939,582.0,30.48298085,1
117.0631313,183.84,87.16,410.08,20.41826633,0
137.6919643,213.0,94.07142857,493.6190476,38.11213911,0
113.7688442,181.44,100.12,271.84,13.88028818,1
117.1019523,196.3448276,88.55172414,373.5862069,17.90608344,0
112.9480874,217.9565217,95.13043478,564.8695652,22.70023275,0
123.2102273,184.75,80.20454545,490.3181818,28.38550839,0
134.6104167,208.9666667,97.56666667,756.7666667,24.66162111,0
131.3117831,160.0107527,68.02688172,174.1021505,8.570951487,0
120.8501281,172.7702703,70.0472973,240.6756757,13.77809236,0
129.1451613,194.2571429,80.08571429,382.0857143,15.1000473,0
121.8731778,178.627907,88.90697674,294.7906977,12.32733643,1
146.2617188,206.34375,109.375,536.03125,15.97348878,1
121.2910053,210.8333333,117.0,661.6666667,19.36258563,1
138.3596838,190.4375,101.3125,426.125,20.48770592,0
125.35625,206.4,115.0,439.6,11.67946917,1
129.6364847,200.1702128,104.4468085,419.7234043,25.53952014,0
130.6008065,192.5238095,84.66666667,346.2063492,18.74454653,0
129.4633286,203.5168539,88.95505618,341.4494382,17.43295994,0
125.3576288,169.7076923,69.67692308,223.0153846,21.03398209,0
111.625,186.5,75.0,281.75,19.98015509,0
114.5436047,207.9069767,134.627907,437.5813953,28.37009143,1
119.407767,186.9230769,74.23076923,274.2307692,27.07539331,0
117.828125,202.5,86.5,409.0,11.29988938,0
133.7398374,207.6129032,127.0,495.9354839,13.00212101,1
114.8968254,202.625,97.75,505.125,20.79926381,1
132.7389079,188.3513514,101.5405405,456.3513514,16.81141913,1
146.2931034,204.2727273,119.0909091,433.2727273,10.67243301,1
138.7069182,201.72,105.68,426.8,19.24681792,1
142.2473684,197.25,97.25,433.25,11.71418893,0
124.2546053,222.8795812,122.2356021,567.8586387,21.2399027,1
138.0486486,216.5142857,112.4,533.9428571,28.63740953,1
135.7036424,223.4473684,118.3684211,610.2368421,24.7107365,1
125.6485849,201.3018868,103.1132075,590.1886792,23.6300097,1
125.6485849,201.3018868,103.1132075,590.1886792,23.6300097,1
129.7415094,209.8208955,118.1492537,467.1044776,18.91673139,1
130.1073201,209.1176471,113.8627451,530.5490196,20.01553606,1
115.8205282,221.3714286,146.2,497.6571429,15.18938644,1
114.0,207.7428571,99.14285714,599.1142857,26.90882565,0
123.0129241,191.3333333,105.7948718,439.2307692,15.38376066,1
137.384106,215.9210526,97.21052632,439.3684211,17.36525091,0
124.0708915,200.7288136,119.3559322,389.3898305,17.66383074,1
129.221374,206.8536585,116.8536585,483.6829268,21.8256844,1
124.359322,201.6216216,86.91891892,575.7837838,20.82210995,0
128.7908082,233.0506329,102.443038,734.2911392,25.60757304,0
132.8122218,193.7225806,82.62580645,342.2516129,18.59430501,0
116.3685377,217.0823529,124.6352941,480.2470588,22.01677247,1
141.784375,196.8,115.65,390.35,20.50725481,1
146.4285714,192.5,88.0,593.5714286,28.3283409,0
122.7978339,202.3428571,132.4857143,322.2857143,15.8353776,1
125.4544583,187.2575758,91.87878788,239.7575758,14.63444997,1
87.58730159,186.25,84.0,360.0,14.84082208,0
123.2323944,190.3611111,91.36111111,289.1944444,19.93531205,0
116.7165354,190.875,83.3125,376.875,24.85929152,0
127.5331325,203.4761905,86.95238095,470.6190476,23.62672686,0
106.837963,193.6666667,83.2962963,512.3703704,34.45913665,0
145.6519208,191.9814815,83.42592593,425.7037037,23.55864905,0
150.0958333,224.0,136.4666667,529.4666667,14.09428568,1
116.4904014,229.9166667,153.2777778,525.8611111,27.46389324,1
142.3697917,224.8333333,121.3333333,695.75,24.07396011,1
128.7094499,197.2666667,88.84444444,483.3777778,29.67349901,0
129.681883,197.6818182,120.6136364,420.0227273,18.9515885,1
132.4672657,216.755102,118.4489796,584.4693878,22.55926528,1
130.3378871,210.2898551,130.6956522,488.942029,21.31990953,1
119.3576923,215.5714286,128.3673469,476.6326531,14.33103598,1
130.7209302,211.7777778,115.5555556,499.5925926,28.37713873,1
120.1788909,219.2,96.25714286,492.4285714,20.62940738,0
130.5708661,207.3125,91.75,443.75,10.34936592,0
130.7885375,175.9375,73.3125,285.375,15.62449999,0
136.8984375,188.5,84.0,429.75,39.90452473,0
121.1797753,180.4705882,86.76470588,292.3529412,11.667577,0
137.9975,236.4,127.52,673.0,29.05762551,1
139.8922156,229.8571429,139.0,515.3809524,31.6096515,1
93.94791667,184.1666667,81.0,462.0,25.32730191,0
147.0261194,175.0882353,76.94117647,244.0294118,9.242597337,0
132.9487952,212.5238095,133.7857143,469.2142857,17.37377543,1
119.9807692,215.1538462,145.3846154,493.4615385,14.78709857,1
150.1810345,225.0,145.6818182,540.5,13.90767967,1
128.2911184,232.9736842,129.0,558.7631579,18.24936913,1
120.34375,196.0,84.0,385.0,32.67856926,0
129.6281994,174.7042254,73.33098592,239.5704225,13.46486424,0
131.3755507,187.3684211,76.92982456,364.0175439,24.13099064,0
132.6484594,168.0,76.26666667,220.0666667,16.20510512,0
122.03125,176.25,85.25,335.0,14.43952908,1
119.3797468,195.6857143,109.8571429,411.2285714,14.16503312,1
127.4698355,182.2173913,88.01449275,254.2898551,15.52526381,1
123.5149343,221.7238095,103.7142857,736.4380952,27.49588961,0
136.797066,210.3461538,121.4230769,513.6153846,11.95980695,1
122.2983784,213.5517241,127.1206897,527.2586207,22.9267367,1
104.3125,202.0,93.0,413.0,18.58015668,0
121.05,224.3148148,144.0740741,465.0555556,21.07281289,1
133.5325385,192.8031496,110.2834646,349.8346457,21.06601347,1
119.1328125,196.90625,87.90625,442.875,39.36357721,0
144.1261261,239.0,132.0,567.0,15.77391285,0
128.8403361,170.9333333,71.66666667,287.0,23.55381545,0
109.9663866,194.6,99.53333333,361.4,23.74718697,1
101.575,208.8,95.2,513.2,31.08311439,0
117.5590278,225.2222222,123.0,541.3888889,28.12472222,1
122.537799,221.3787879,136.7121212,456.4393939,17.55835737,1
139.9740854,221.1219512,101.7073171,624.6097561,37.42081864,0
105.4791667,339.6666667,206.0,609.3333333,41.34811564,0
125.0632008,211.2903226,98.64516129,453.4032258,13.29898129,0
112.8823529,194.0,80.0,391.6666667,16.19821664,0
129.3402778,183.6666667,72.33333333,356.6666667,29.20806586,0
122.006993,239.0,139.7777778,542.1666667,23.84673283,1
125.8109339,195.5357143,102.6785714,361.3214286,15.27014394,1
137.2228916,216.8269231,124.4423077,458.8461538,28.77054193,1
127.9921875,199.75,102.75,566.75,36.8593187,1
114.2310231,221.6578947,132.0526316,563.8947368,36.53340596,1
130.5623836,216.3235294,124.6764706,566.6470588,16.8644094,1
138.3340564,166.9310345,67.10344828,317.5172414,14.91473985,0
130.3864307,185.8139535,96.39534884,277.2790698,22.65257147,1
122.25,167.5384615,77.92307692,272.9230769,18.81331519,0
138.6723301,207.7307692,114.9230769,537.2307692,27.57646711,1
131.7955626,211.45,111.45,598.5,31.4721206,1
114.885,216.76,132.72,567.72,29.51869916,1
134.309816,198.7804878,91.65853659,352.0243902,20.94345238,0
117.8881579,177.1578947,74.94736842,340.3684211,35.7076464,0
128.2168675,179.0,87.28571429,257.4285714,14.92353906,1
140.9606414,213.5581395,108.6046512,620.5116279,21.70349382,0
128.6953125,197.1875,86.1875,608.4375,20.65755007,0
117.1502732,179.2608696,85.52173913,303.0434783,24.12099306,0
126.282154,185.4125874,87.00699301,283.041958,11.65932042,0
117.0537975,189.95,102.7,328.6,27.35191949,1
133.1768813,198.691358,92.03703704,244.617284,20.49990985,0
132.70916,172.4379085,69.73856209,144.875817,5.772400124,0
127.5291925,249.019802,157.7227723,609.970297,17.05466166,1
121.4879808,226.6153846,138.8846154,470.9230769,23.96508802,1
123.588685,236.5121951,144.4878049,675.2439024,20.62070715,1
118.622449,229.5405405,131.027027,485.4594595,21.1998732,1
138.1205357,183.5714286,87.57142857,505.5714286,27.49471192,0
150.9195804,191.5555556,91.11111111,622.3888889,14.2210286,0
127.4132492,173.6,74.5,331.05,26.82624648,0
132.834753,189.8648649,96.43243243,367.4594595,21.00645141,1
120.2586771,229.1770833,144.1458333,519.8854167,19.70034854,1
108.2270531,159.7692308,73.53846154,201.7692308,14.89211697,0
129.0821053,219.0,155.5666667,452.4666667,13.44205672,1
132.9057971,203.8461538,110.6923077,451.5384615,23.31711538,1
144.4014337,197.1714286,87.2,570.7428571,21.11890535,0
128.6319544,207.2954545,97.56818182,384.2954545,16.74408971,0
141.5524476,257.7777778,149.25,292.6388889,17.93891814,0
110.2834646,223.21875,131.0625,487.4375,18.24828759,1
118.8860294,168.0,74.35294118,322.4117647,18.52259445,0
111.7074074,198.2352941,89.47058824,632.4705882,32.16781258,0
124.4478022,165.9130435,75.08695652,278.0,12.51751136,0
135.895288,192.3055556,90.69444444,339.2638889,17.43280198,1
126.6640316,229.5625,112.65625,652.75,20.14902971,0
131.4197039,182.036036,76.68468468,276.9369369,18.71026943,0
130.371875,195.15,89.05,494.15,25.51249694,0
127.6601442,197.6393443,108.295082,411.1147541,21.23836134,1
125.3138075,210.3,114.5,517.0,23.19839554,1
135.3374233,196.1612903,112.7741935,487.3548387,13.54792626,1
133.5585586,208.8928571,113.1428571,458.3928571,29.55665176,1
143.0229555,212.2045455,124.4545455,487.7954545,24.12145362,1
108.8609865,233.7857143,107.9285714,806.4285714,19.14418972,0
124.2490842,201.2463768,100.0,273.5072464,14.33736993,0
125.3341986,207.7628866,116.742268,496.4639175,20.83428892,1
130.5566038,203.8510638,120.0425532,436.8723404,14.72312753,1
136.0323194,221.0,124.0909091,514.0909091,17.60013983,1
134.4121951,194.9615385,114.5384615,350.6923077,14.62130447,1
124.3245325,216.3859649,122.3508772,458.8245614,21.00377372,1
132.8688761,177.7954545,73.64772727,190.3863636,14.14739412,0
135.6125,173.4,87.8,269.6,15.50999678,1
126.3321829,202.3972603,119.7123288,370.9589041,23.43401239,1
141.2662037,244.5185185,134.1111111,681.7037037,28.35291021,0
130.5274815,199.6493506,109.987013,360.3116883,17.74840565,1
129.1619348,236.7833333,132.9833333,660.8,21.02712534,1
145.4094488,230.6875,118.625,462.375,23.47039358,0
135.813161,199.6481481,90.03703704,516.537037,18.57812629,0
133.9360614,210.2244898,89.3877551,428.5918367,32.62128556,0
126.0289474,181.125,87.875,371.875,17.42558583,0
136.6301887,171.5373134,71.25373134,322.238806,18.31148039,0
139.3531469,215.1481481,115.0925926,573.2777778,15.59197676,1
111.7477477,175.2142857,77.42857143,244.8571429,18.6984666,0
112.78125,171.2222222,79.22222222,146.7777778,15.18730789,1
123.6730769,193.1538462,88.53846154,554.4615385,21.40286991,0
130.7530454,177.5087719,77.05263158,393.6842105,17.98256739,0
128.7823344,225.675,118.525,560.225,22.56821603,1
140.1569507,225.7142857,137.2857143,622.2857143,19.99706611,1
138.4514286,211.2727273,94.0,623.9545455,26.85548253,0
110.9313433,219.8333333,98.92857143,694.5,18.8092827,0
137.3050542,215.2,98.14285714,491.8,20.13858111,0
136.3711002,169.4956522,68.2173913,183.4173913,10.31971336,0
121.146,191.5638298,108.4680851,437.3085106,19.45046581,1
136.1238318,189.5185185,94.51851852,453.5925926,22.63602383,1
128.4303483,188.0657895,94.23684211,307.1710526,15.85942837,1
129.4390244,209.6774194,110.0967742,482.4516129,25.12772782,1
117.3461538,212.4444444,119.1111111,523.2777778,27.10245764,1
121.3190955,181.64,85.48,286.28,11.94011725,0
132.044711,167.3965517,67.24137931,213.3448276,8.854031643,0
116.8848684,208.2105263,97.36842105,591.6315789,32.46912021,0
122.372549,165.0,74.25,276.25,10.9879195,0
139.6708333,205.4,93.6,459.6,15.48533356,0
119.8088889,216.3521127,121.2112676,485.3380282,22.47102655,1
120.011396,224.7878788,123.6818182,542.5606061,26.67835488,1
131.1706485,214.0810811,113.5675676,573.0540541,25.01876578,1
138.9517045,234.4545455,153.3181818,514.4545455,32.71050707,1
132.480025,198.3366337,104.6336634,362.6237624,17.36100712,1
141.9889381,176.6206897,103.6206897,336.6896552,11.23884042,1
121.5067308,205.5572519,116.9923664,380.0458015,16.2438264,1
134.5968523,243.8846154,112.1153846,769.0192308,20.89406926,0
126.2542662,226.1216216,102.6486486,672.4054054,22.47649937,0
120.2981651,176.9090909,93.67272727,220.8,20.81877728,1
110.2874396,180.4230769,91.69230769,306.7307692,16.13405381,1
150.4622093,188.6744186,83.20930233,417.4883721,23.35571566,0
113.3680556,191.5,81.0,449.8333333,16.81012335,0
99.8125,167.4375,84.4375,196.9375,10.51765629,1
119.1684867,231.1358025,107.2098765,741.2839506,19.67219548,0
139.0828729,195.173913,80.34782609,455.6956522,14.50219982,0
121.9462025,195.8,93.6,346.8,15.82908715,0
137.206422,204.1219512,103.9512195,513.9512195,23.72377227,1
135.9955157,202.7857143,103.6428571,559.9285714,19.22225008,0
125.7291667,196.3333333,87.44444444,473.3333333,62.3965811,0
128.3836478,243.1833333,112.7833333,859.3833333,15.06853786,0
121.4685185,215.7647059,97.79411765,878.0294118,21.56690724,0
113.9976798,214.8571429,135.7857143,452.5,11.77569921,1
144.6740506,210.25,123.55,415.65,17.3795138,1
118.672399,224.2328767,100.3835616,768.6849315,27.55185152,0
106.4891041,199.3846154,111.1538462,412.2307692,24.92640054,1
141.3263889,203.8888889,79.11111111,492.0,20.29230834,0
112.9369104,181.9719626,73.97196262,417.7850467,21.50453277,0
112.8920455,191.1818182,97.18181818,415.6363636,25.01305444,0
130.9252336,224.5740741,126.4074074,567.9259259,14.93393086,1
130.9252336,224.5740741,126.4074074,567.9259259,14.93393086,1
128.045738,224.8241758,135.9010989,507.1978022,18.50717149,1
116.0096774,206.8974359,113.8974359,315.0,20.03182872,1
128.6991342,203.4137931,116.9655172,339.1034483,24.23590952,1
139.9477352,206.6666667,111.2777778,523.8888889,21.20467206,1
132.3698454,213.877551,113.5918367,585.3877551,22.95028399,0
155.88125,206.4,94.2,678.8,12.51439172,0
145.0513834,195.0625,86.9375,351.0,17.51506048,0
114.4959016,217.173913,96.80434783,667.0434783,21.3200142,0
131.9603175,201.75,88.3125,666.1875,10.49404593,0
110.9431818,210.9090909,92.81818182,625.5454545,34.26971291,0
167.9444444,208.25,96.375,711.75,17.20056322,0
135.6559524,199.1698113,89.8490566,441.6603774,22.92865092,0
119.55,169.0,83.0,310.0,12.00999584,0
138.8929664,195.6407767,84.9223301,420.3495146,21.60126322,0
137.1009317,162.1707317,64.97560976,159.2439024,9.854986629,0
134.7401316,181.6315789,77.42105263,406.3684211,25.14985558,0
105.9821429,215.7142857,105.5714286,775.0,18.50096523,0
140.6629921,182.725,76.15,334.8,17.83730291,0
141.197,273.7777778,169.3333333,448.7777778,20.61966469,0
127.8590476,205.2727273,93.81818182,716.1818182,23.71169038,0
136.492126,179.0,86.25,499.75,26.54359621,1
127.375,220.5,96.25,662.75,24.46992733,0
115.7764706,189.75,85.875,250.5,7.206496635,0
132.7505882,190.4814815,80.66666667,306.7777778,16.84433084,0
131.1832461,201.9166667,84.25,377.6666667,15.71159338,0
124.3803922,278.4375,154.0,513.25,34.70269937,0
139.7841307,185.9074074,83.2962963,382.1666667,16.9397079,0
123.4173554,170.6451613,75.48387097,221.8064516,7.750532861,1
118.1569187,227.6136364,103.6363636,589.3181818,28.51032871,0
122.041841,185.8333333,79.35,280.3833333,20.01940031,0
134.6636086,182.0243902,78.56097561,254.6829268,17.66049039,0
132.4734848,188.9090909,89.3030303,442.7272727,22.86756699,0
127.9208333,226.4,123.4666667,597.4666667,16.83118798,0
112.452381,217.7027027,95.32432432,729.3513514,17.79191468,0
120.3128314,219.5932203,99.08474576,594.8305085,29.88680166,0
105.7421875,163.25,74.25,233.75,8.411301921,0
125.2010772,176.0857143,66.05714286,224.9428571,17.63266912,0
116.0628019,187.6153846,80.69230769,407.1153846,27.19154607,0
134.2827298,262.0888889,167.3333333,426.4666667,14.22985906,0
131.6287129,244.1052632,140.0526316,592.2631579,25.11939633,0
146.7479839,224.6451613,110.6451613,546.1290323,19.4187654,0
105.9621849,187.5333333,82.46666667,347.8666667,13.6570698,0
112.6272321,117.2105263,50.57894737,309.877193,22.6178661,0
117.7002725,245.0652174,115.0869565,680.6086957,16.4968491,0
129.2612613,189.0,82.0,456.0,18.8289833,0
127.4291667,241.6666667,135.2666667,559.2666667,25.40341184,0
116.2102138,241.5471698,117.0,789.2830189,19.67518365,0
116.8474843,249.925,111.875,667.55,15.70915338,0
128.1609499,278.2291667,164.8333333,424.4166667,12.7079918,0
118.9467742,210.6666667,89.84615385,529.1538462,36.24006813,0
133.2729469,203.6538462,88.92307692,515.2307692,27.76454254,0
127.0138889,245.1111111,133.2222222,358.8888889,13.80016103,0
146.8085106,216.0,114.6666667,474.3333333,20.04370225,0
81.125,195.0,81.8,356.0,10.90687856,0
125.2554348,208.0571429,103.6857143,328.6857143,14.94004344,0
142.4962406,224.68,99.92,661.4,31.10269442,0
125.7534247,242.5217391,111.7826087,795.4347826,22.63635432,0
163.6696429,257.1428571,163.7857143,300.0,10.38444677,0
118.9278846,240.5384615,117.5384615,510.8461538,41.20794431,0
116.8708861,273.36,158.28,494.2,22.58020372,0
136.1890244,235.7619048,125.0952381,630.1428571,19.44618716,0
132.3554688,192.5625,97.5,487.5,30.72229443,0
126.1730337,171.1428571,79.78571429,325.8571429,13.69045549,0
149.0551181,273.125,138.25,619.3125,20.02615477,0
130.00625,202.5,88.0,510.0,30.18940211,0
129.3477157,208.28,93.36,779.56,17.68416241,0
131.9672365,228.5227273,105.7272727,774.3636364,23.33532066,0
130.75,263.8235294,135.9411765,666.7058824,22.87365629,0
135.2966667,192.6842105,83.52631579,460.1052632,27.92074259,0
136.1504854,178.6153846,85.46153846,343.7692308,16.26954901,0
140.1536797,284.6551724,167.9310345,502.9310345,13.82023194,0
118.2882022,267.3571429,162.7767857,498.7232143,12.70211283,0
104.2940685,372.1266667,244.0,292.6733333,31.27411496,0
121.5386819,186.0909091,80.90909091,297.3636364,30.90240569,0
109.8367347,236.3488372,121.255814,518.3255814,20.97096811,0
127.4961686,227.1818182,125.8484848,281.4242424,12.33984639,0
122.6241935,185.4615385,77.87179487,382.1025641,19.38403879,0
131.83,244.4,146.48,471.8,19.88551231,0
136.637605,235.0666667,108.75,633.9,24.29020722,0
135.6507042,237.1111111,144.2666667,443.6888889,15.65340652,0
127.1433824,214.4117647,128.6470588,261.3529412,16.67312447,0
122.6624294,352.5730337,233.3707865,372.8651685,21.70358438,0
149.7162162,253.0714286,135.4285714,319.1428571,26.84279632,0
135.904943,222.3939394,98.81818182,635.1515152,32.12930144,0
126.9334719,193.5409836,96.2295082,270.557377,17.72873322,0
134.956962,305.0,176.32,289.36,9.795182489,0
122.770206,184.75,90.55,218.0,12.22661032,0
138.525,208.45,90.75,607.15,43.52413124,0
123.5256299,234.7808219,109.3972603,767.3972603,16.73933367,0
122.7985948,262.7777778,129.4074074,737.2962963,26.68199148,0
129.7841141,261.2903226,161.6451613,405.1612903,12.14840594,0
117.1099476,1848.916667,1594.583333,1597.333333,16.61241169,0
141.3060109,190.2608696,92.04347826,576.3043478,20.34215826,0
139.0508096,210.0176991,109.1504425,248.3097345,14.80460884,0
127.2306176,430.28125,293.6458333,341.6354167,12.07636293,0
127.0295809,180.7142857,79.19480519,171.9350649,12.66055932,0
115.2224317,225.7014925,106.5671642,472.641791,13.5561997,0
131.787703,237.7037037,110.3333333,722.1666667,23.79729786,0
127.53125,200.25,82.75,374.5,20.19746271,0
128.1815224,244.6804124,140.2371134,414.6082474,23.70457546,0
125.4286511,279.0701754,189.1666667,334.254386,8.140317793,0
125.1016949,245.0666667,116.9333333,681.8,17.28377531,0
129.424,180.75,86.0,218.5,12.03624085,0
128.0407524,237.85,185.35,275.2,20.48072264,0
119.9715909,204.8181818,98.0,482.4545455,41.87723104,0
133.5453461,234.8113208,133.4716981,548.7169811,22.5446829,0
129.7637162,217.9770115,129.7931034,228.8505747,19.94400273,0
123.5543478,202.826087,106.3913043,364.5652174,17.31406762,0
121.5490279,276.22,175.5933333,402.62,13.39457436,0
119.0766871,247.9512195,113.3658537,808.0243902,24.83005893,0
107.9444444,197.0,90.0,451.0,8.2148874,0
119.7319277,182.2380952,74.28571429,301.6904762,22.94427836,0
125.0529837047033,216.08860505460254,122.57840426543709,458.0192023016882,20.131454264867692,1
142.2349218979969,224.7508175301222,121.23615444771197,695.2208352702304,23.907046159945864,1
138.3199800325563,203.18254069228473,111.78695220201985,527.1556146004249,19.90696266483557,1
129.6042126381298,177.29394166351932,91.38044632390229,276.55464573550194,15.092621888428717,1
133.1889776427249,206.03551113719814,111.75540334682682,454.5120306612619,26.023946739447624,1
122.77312449408392,230.25282095693672,137.34985518231238,669.4959075705093,22.26985353232811,1
131.87701826625116,174.29290313115493,77.5533932801937,244.71167597856538,11.124774221581411,1
115.27955088367338,196.3539827243914,109.42279390195182,305.76296940415864,23.576547120962143,1
110.59747991695907,180.48847668852315,91.6884845680824,306.73929394885,16.120427014059516,1
134.1507875275005,188.91135124001937,104.02327844861142,329.454370793649,18.12879364313417,1
121.35392528469585,198.32665307910926,119.16712606695611,346.51516592054986,15.335028433103293,1
139.18273333034367,196.67318087257448,116.36232617721014,359.02304198014906,15.613454843790505,1
132.54634203278397,216.50033130442253,118.38901938810226,584.873529252189,22.768690269801787,1
131.19602164865026,224.21868261442128,127.49079252982119,569.7648062756548,15.731836452475612,1
141.59326291027236,202.69124585610209,110.78249954624472,429.2627031519598,15.984489110940922,1
126.52310079301188,212.40235783996272,123.0471310708232,461.40049756990254,23.464755186476324,1
129.03691706944258,210.58487774145638,117.300571851081,530.7266059310914,15.141489843014988,1
116.9489529,214.5625,127.75,390.2083333,23.07050636,1
131.3340059392057,199.10711517138682,107.77573971261252,361.2667217048407,17.588385459844254,1
119.17128237309123,195.1436035780518,101.36056058160527,361.35435391532167,18.822445601393056,1
129.66440918312824,197.7287033290318,120.61465414004374,419.9834084472435,19.029020309620897,1
128.50682345068395,188.76062708506913,93.53698618558765,299.18372588258444,16.671450018041952,1
114.94256140203966,215.26504673028666,120.15276308855765,542.9331805874018,26.02508586685135,1
138.6262851598259,203.8381710238982,111.69113758988868,526.5408938786378,20.151160962832115,1
123.32924578215115,220.55838642221732,135.41767040085173,505.59816108361287,23.557680284551825,1
116.5482845022614,207.87205243296683,131.43252166949424,437.2395295146995,26.061736947363766,1
114.79350376585795,225.4473829658806,151.23616543978724,528.757737468874,31.616218874425947,1
135.84822818113824,192.04173708147937,113.98095612345935,332.36338039057347,13.005685054210247,1
128.06520136586937,199.08941118800738,117.68396066031562,403.8847285128497,21.39402091072236,1
124.02904457942732,180.3402548651364,87.17605748057551,372.82064172425777,18.839620792055577,1
128.55016346902906,196.50343889086975,117.34369872241561,396.03124338562577,20.445177923058118,1
127.22235298759276,196.12848939404074,103.09233905220674,361.59704918400087,15.712645647885937,1
118.35393290478815,226.17482986086907,138.91407044108578,608.8218630552744,29.056689293695047,1
132.05492040550322,198.26607823821283,104.53735849771432,362.6006552056154,17.481591556299634,1
139.14001755814033,206.05555404484684,111.20738002122371,520.045469715493,21.16659745797341,1
128.07667386345466,197.60580068414464,103.6361105473038,362.38441168026463,18.610054111031022,1
127.8701821455109,179.11395993548652,85.95075504450834,254.13838527073634,14.499148881336112,1
126.96849559769772,223.56897170926098,123.93286679807258,567.8860139442838,18.674369885927437,1
116.52800311060015,217.00174811499315,124.8343916415368,480.05423749559975,21.60675382287402,1
135.52043244903467,219.43472314034003,120.23816691362713,570.8439463892573,15.292720948917026,1
129.36396086508654,189.39934280811534,100.09945856692543,311.7475940271465,16.020350196887627,1
131.8242151492411,205.21008899613594,113.48472543972265,531.3240276719122,19.237954019632298,1
122.7978339,202.3428571,132.4857143,322.2857143,15.8353776,1
131.9148718398123,188.52695300750267,94.89891512220389,246.09667482390142,12.900393422857311,1
136.2988783830122,181.87206261396184,90.68901030663412,497.6755825907358,24.368679455239285,1
121.69397741170991,210.48977800427969,128.17486466257517,396.6396237346719,23.219654689579823,1
129.01447941347905,208.39445429415687,141.00085168773052,410.5109871798475,15.6550365215903,1
131.2797002682209,207.55753348802452,110.14372252697164,562.6478382445782,31.78028226328299,1
131.1435263148984,204.1945777307726,116.85488278241903,481.63597329125656,22.061457280273487,1
119.9643593639019,224.72550685064246,135.61314457908503,593.1581026225036,26.143868430828356,1
125.29660125772688,223.14427212157284,122.88726549114166,567.8691494026285,20.254868476639135,1
129.70617067329735,185.40542202993672,90.6235748224011,246.2474662257727,13.157702003866497,1
130.2195198984023,225.15923692443528,136.40665631377757,512.1779290222648,25.6031852413439,1
108.16244276831094,220.4608786760461,137.8028888739568,382.7883439477415,19.650682740838377,1
121.13899714507437,195.25980878200016,101.75116381529581,361.3445962301377,17.7696920908609,1
132.03014830643474,184.49173399779116,95.59411514938088,285.62751333828544,20.62579609489261,1
127.27804436243481,224.7462517116666,119.7578082465001,562.7611956056033,22.126897995075154,1
129.654368057386,188.25475398568938,93.60975764320187,298.6610237847667,16.301929276811645,1
118.60707614076895,198.70764268995603,117.88655640426373,428.5666431709731,31.5633234364849,1
142.84523142937644,212.1166391142778,124.50327789039444,487.9512942883534,23.908575464968628,1
118.94391837186592,191.49151009510874,105.06698782803663,331.2118487076841,23.56537601395322,1
127.4749465184981,179.24387897006105,84.42884635238617,250.38743715322886,14.0153265444812,1
125.90177466947101,201.6541921675132,119.70046808383917,426.98185735800587,21.655740516644244,1
134.41164623914023,211.28985315712544,119.0578845669366,461.9628197286658,21.51152905154184,1
131.8066373084279,195.45642900406773,115.22557212170878,350.8663082973373,14.799621685837662,1
120.05371193455646,224.578223129992,123.63262677494137,542.3042185775541,26.836085685407877,1
125.12798168777073,178.4888394037225,90.76208616922206,286.04583778324644,13.747626889707009,1
132.75881547465832,188.40400573570238,100.5670104615314,273.889837463067,18.39550481335107,1
136.25937172854444,202.7687267397986,115.38450602610018,448.1812014798151,21.383909207250852,1
130.61815039489602,217.59156421897575,124.9425000818894,566.8436092182582,16.567712139999042,1
128.32787900980455,200.3517955326275,121.789557662694,322.7289049688781,17.451470916893122,1
122.495762742334,191.3971837173133,106.53538536429478,438.69827949280665,16.510288919290957,1
135.7869376375569,197.76069405123098,112.57930744841126,532.2391522586129,17.887523267507333,1
118.41127668951515,207.70709831223496,117.5310879407167,537.5617517909255,25.82799895351516,1
125.50040542208058,223.16066981053532,135.17287085892497,508.88061545275934,20.33314617276598,1
118.21050398365394,218.93199028211933,128.99882863084287,567.769206293582,26.580350133964707,1
126.60097502380926,203.25288313386034,129.35594250856448,390.7431733390992,20.481274834313083,1
117.08220402089036,226.64834203536148,143.5940036260981,581.9116153991824,30.144899323490247,1
128.13947964760257,196.58866898346787,117.68581390503859,396.32397290624726,20.261648305476086,1
129.44749838623184,210.80251220606687,129.89360163028138,488.63725530968526,21.417254176030465,1
135.76137817724043,190.28745230866053,97.5430494731651,333.6360576550175,17.691160632675018,1
131.06390631996896,210.24210058737546,110.45769664611916,597.5107284660114,30.538697710132517,1
116.74834872536607,232.81956205066996,150.28592402932497,531.910537517614,21.772874494653323,1
126.48361569170012,197.52713658200082,107.43460141732061,458.9047932504184,18.064088555441412,1
123.00337363525226,232.42854858606344,152.7382530330424,590.1670236950138,24.68488778123425,1
130.18457413153968,207.90289680818987,115.04234632619605,482.25793874975267,23.13248755375666,1
121.31602628116751,174.17421004412944,91.66607566988468,214.4193953522253,14.392645801042793,1
126.9268764223017,218.78252426150362,151.3717758062427,450.6269916848164,14.412340432528872,1
130.94898734868372,185.78330732066868,92.16440084044501,307.28349296979485,15.363213848060912,1
134.87690092153096,198.3905057448629,115.68729807961974,480.578418416463,19.93270978936403,1
120.00388926421107,218.52976091389107,131.09639227458993,476.0553097007773,16.342299475861317,1
133.5079458901644,192.79379579525548,110.25241362885387,349.82773682477887,21.07592217941096,1
139.14639139439126,215.19639850636548,115.19337149394951,573.6138171415045,15.801176602232937,1
131.32911707980819,185.54379649368488,92.39383644034217,307.2979267712606,15.477888712668415,1
132.99046615948137,206.95216350112807,112.36868780320376,514.4615831948063,21.889404726052653,1
130.86819523590222,224.6033778639516,126.19759836033617,567.7209474225363,15.137135535774249,1
129.00866431720377,208.186820607335,136.64584713651664,406.8592108514947,19.058569606558734,1
125.24553585590287,205.09616359376918,129.575568323973,390.72444169821796,21.007352695754093,1
131.01918878977247,188.42995151208225,94.76748200764982,246.94650313024056,13.157158406599978,1
125.81469500492,203.37263787793069,125.9313563049774,401.65081456044527,21.795140445897182,1
124.35943866433132,215.00880732587342,117.01540844337488,477.725240080452,24.390403382763495,1
124.67690416468272,197.37142991198579,120.58698889010218,398.96411324360076,18.742956870390845,1
116.26475749414118,224.95251532488442,141.88595207170482,579.3863873958418,30.30649213998999,1
128.70930012109997,232.94576103143507,131.29852549320958,559.5122139625473,17.320299069510707,1
132.50203046938393,197.81108948314645,104.12490193481888,362.92374375045426,17.587151412850783,1
131.87855212924876,222.4336384071495,132.1377296278137,578.2491619572116,19.95241433382001,1
137.58082534280757,201.79615198812988,115.78518253594684,445.41431242345806,18.723271540382257,1
124.74588566133552,222.25458072164284,121.6198692310629,568.2276944564766,21.508333819600274,1
121.58638666001829,197.46411977436776,110.03352080258753,412.707564645502,16.05379636314912,1
119.39436361597733,229.34671842122515,146.24038884610738,521.2560364893957,21.481040002682203,1
113.13801627096164,220.34012187053855,128.04745136542246,484.0644121824664,20.01611102193177,1
132.06952640711572,222.62542913211027,119.57819680755497,668.7793740335495,18.2245184668312,1
132.2646348811121,206.64778520007056,109.72411058084644,532.7192075655028,27.89626127619325,1
128.78156683337218,210.78793865036067,117.96129072780651,468.8116840724929,19.864378666915137,1
145.2036365986438,218.66468008781064,124.74923803314107,480.6063386916584,23.039963193390992,1
118.04753682747197,238.18894027970316,156.6860568150741,529.445810616238,20.046290051400987,1
126.92872232798605,186.49121081585085,92.25167789411958,296.17663605925105,15.823998582398792,1
119.93233524261248,224.80188139478582,123.65983738027946,542.5228316543535,26.72498364372356,1
137.91833471191262,196.21952173672153,115.8789232849743,356.81503768257573,15.350492154608537,1
130.78274042411456,218.05730191276672,113.83685094656985,606.8862329326433,27.4726830045091,1
127.39704640094101,185.8949662459776,103.07253685197405,321.5572800334722,22.865777752892342,1
107.89689069188118,171.34575007074304,85.95322132647865,200.57387178395848,13.726345757208215,1
131.57762103408072,222.79431353417294,119.87408038757134,668.3921068930623,18.407391285092885,1
144.48411852134845,203.7547152956534,118.96219478248952,436.2145432657832,12.860897012516027,1
124.02105123589291,249.59292112647452,144.93884018007134,388.5039546613665,20.59350143532807,1
132.134731283921,216.0693144147632,117.19707773639603,581.5417763767701,23.190036306802266,1
127.61068314940881,205.84258690437494,106.82784810118746,584.1004085192736,24.12346216103718,1
123.34059607290457,209.07646179833358,128.32230122062708,398.8714104871238,23.271412150930352,1
119.20414787955677,198.71167946382477,117.20865213254781,429.59944859588313,32.83364936808543,1
120.88476647026827,227.23115021655303,137.23053851276612,473.9830863149306,23.382991110724547,1
136.66930097180503,224.06550115227722,119.00907130413157,672.3154415724773,19.004229525213574,1
140.42926795783282,226.58905028682605,123.04497370975093,690.6150787707472,23.626313284749685,1
125.85797254165348,205.31891961291652,112.2938026126871,438.16368749973003,14.345450347862322,1
124.79483280748146,197.87555117232384,108.68199022898135,411.26579678685664,21.737504541557442,1
126.76055647124234,180.6173373756482,84.037519099343,244.93148152586286,13.619918563677038,1
128.15506043621448,179.2661967751075,87.3460111136471,257.1688839454348,14.973323861728145,1
145.47045739800154,216.28007965620742,124.07706066353238,483.34764224058284,23.717116522342117,1
129.82879654138998,202.7316972121224,120.27957606302435,381.66773272974626,22.085818403483636,1
126.12099360714375,198.14372385751327,119.66331727924475,400.80944704751244,19.867643787801054,1
117.9228990060721,201.0632857273588,124.3914116098289,428.099969225617,23.63251207440234,1
119.09632846511073,211.98817917991437,118.39130563782774,524.275017619863,26.13049705964595,1
126.67261586543216,215.42745772475322,123.08428599126697,456.2285737899368,18.19194667006971,1
119.20246982578873,233.9530879592837,150.58053857931293,524.7005380821205,19.67417433773506,1
124.799246580004,190.298291649765,99.56566748834406,349.3487210894609,23.30146836586565,1
129.78050074952225,188.55020938349222,97.6688337804094,311.4323054353571,15.356863952145341,1
130.82594317437923,222.31639160071302,125.93375313075741,567.5759761723676,15.462187814356852,1
129.4347576759251,207.68971955026808,121.7463417000271,496.2061294548482,17.013488624902866,1
116.9273393112681,232.0736612765005,149.15127302859645,529.749077220182,21.999239068519273,1
115.01751179640542,226.9806420597369,149.73896412273433,530.6770812675668,28.80683954444475,1
128.74369802345834,192.31584341005723,100.67781700207112,434.10037716053847,18.68176195059926,1
126.74040363394464,203.10438237533793,104.59397848644902,591.6649259339459,25.02291593980813,1
126.90386052775668,190.4136918971008,100.47493706309068,307.07959981147616,17.901947378855862,1
125.6485849,201.3018868,103.1132075,590.1886792,23.6300097,1
132.67213453778072,193.74858993589626,100.19213442320796,365.2426239917787,19.33526519254348,1
121.48471075654597,215.96554813957977,126.04537576841116,457.0853454449269,18.466109302291013,1
118.92973895646207,228.56946560071356,145.09313720673444,601.2861977759208,27.50327601568854,1
134.0708725669123,205.6221242294243,107.49280914087772,526.6360893147712,27.098299934848107,1
130.1812567575596,207.82700837644558,110.08015277834392,482.74232785643414,24.580693405637007,1
126.77043871103825,203.8443987900601,107.56485049509229,436.8847179931273,20.0459784168416,1
120.31887610210204,236.90749667805434,142.86073267194348,538.5466359502091,23.331536604110678,1
117.97863277106535,203.45547012968984,108.57239066091618,322.1288008460717,17.191224738517924,1
133.20129678192365,202.49967933715897,109.55031039746851,451.352433405103,22.57625623180048,1
135.34530155448232,184.5638792629582,95.20308057804442,309.1681505514218,13.107692548735924,1
128.39076178755244,200.83383601968427,104.3504355346246,566.6681624571261,36.81322654324987,1
135.46071992016343,204.95716532545612,105.92298251440724,521.0134598156618,25.602524332023908,1
144.9900354961691,209.0834365046749,122.67973475908562,419.089366311035,16.070516201511587,1
115.86033541678289,230.35498268947865,153.29162979332585,530.0763275848633,27.191451986930776,1
121.04439646010141,192.27970645113794,107.44085162350899,333.98554310237085,20.63516787902645,1
137.2893725366903,204.0593023697155,122.1036381101542,417.80387022281855,18.15386917413377,1
129.26634357997446,201.8697694805704,122.46408179458719,372.3343516293231,23.33074822733104,1
117.47690483068916,191.65666905758698,102.91030045259366,328.5433806473786,25.313654987776893,1
126.44143538891407,182.23975758842687,85.9533890049948,243.6673327570676,13.867800665934206,1
131.4869986990839,208.77400659598771,113.50031891910224,529.6152338094095,20.18225925957318,1
128.80254284594537,201.95314958681843,122.02911411627741,372.1169355968364,23.34707112156503,1
131.75621553945373,193.9516950057951,110.64842180412067,348.30882154753016,19.96182221690453,1
138.80851353812469,210.11998621996221,125.61015616241787,491.49094572446893,19.073388795786183,1
128.58595685264936,191.5669614080311,110.94714224420258,385.6467365123859,20.321067184686154,1
128.94902766972425,188.47830197454672,93.0744194707428,297.96517041781334,16.712499297416386,1
120.04554755251507,204.30043978036363,119.88590742191985,418.3893004206159,21.02983977122084,1
130.34237617917663,211.4664239471239,111.00694052684238,616.6475245743866,23.103017917803797,1
116.94810347158553,234.01913058106896,154.47537128143117,539.641551988032,21.303737582590873,1
139.31790770774535,218.13348440030336,130.20904999598113,534.2481923206254,17.126252366471398,1
134.48394664056627,205.42449296968047,107.02624374575734,524.964997546016,26.6537431134925,1
128.03116524735628,206.8102512811894,120.64761207662359,440.1430112969014,20.35470626297403,1
133.91928984440764,221.22546910193668,122.38776568082666,569.8271967163882,15.167704792629543,1
135.84457330853454,191.54125404499405,93.28816672316191,337.1325013787021,17.530648270046775,1
125.22956809569904,178.48449893404992,90.81998640214752,285.7729000157462,13.79195589108205,1
128.70143575544654,215.27992380332165,130.07222871047094,501.77156095548355,26.660509893420528,1
135.9547896187342,195.99631638360083,114.33231386947018,392.02272712170486,21.774247766600418,1
137.389132342098,202.29986644934533,118.74988869818229,444.646871743833,19.327724830728044,1
131.41565572877596,211.50020372680783,115.66185623684325,569.0323398424118,31.540101984686245,1
137.83156824125928,165.74035742351595,69.38653943425484,238.66609893378998,6.938197274187411,1
120.10915088148799,221.03896850984117,122.58383251976582,537.5015765098826,29.992855106563905,1
144.59145813124232,203.78545253791734,118.96983229499301,436.039984936483,12.731040276249669,1
130.242029625629,211.76564054688964,137.99239041341875,413.0748235463195,23.646885917736704,1
128.04573845843262,199.81209555654533,118.80484315065905,405.5068945502781,22.426019799350243,1
116.76511677543192,217.75632619631506,129.13737253667472,479.71967962674734,15.450224409408806,1
127.28735553485006,224.14933668552564,135.55887431490865,506.97036433393373,18.775870339645287,1
129.59659725418743,207.54955813541784,123.96051658202855,464.54770781129156,26.704470158231768,1
132.8525062811891,206.25814534241894,119.94788798393155,493.41151661315394,15.407438776863573,1
135.25699127881902,198.11998045332788,104.68383481189474,453.7649132765255,16.27464143972702,1
126.0875399826669,181.866402076056,91.05397255488299,371.4279281402788,17.805218978196415,1
131.7931790800033,186.24771427789747,109.22894989601316,329.5318635819211,17.434471918568388,1
127.1143744947672,236.6837196391244,137.20996950439874,666.1065558279654,20.877811065020158,1
119.44126314457975,231.3942918843367,152.6818957105062,590.2306780938918,25.829513427389635,1
127.32266155746571,208.94943870064577,116.77143688431028,558.438374502292,23.42605967946839,1
128.90440814665658,176.06185145296462,85.13692879266266,260.7695358935821,14.508373692900047,1
125.18441764586096,199.43290881142246,108.65877323389529,459.4351324498927,18.32426275920707,1
131.9733136681313,192.21009808055427,108.3147656457875,349.396608018065,21.694247149492522,1
121.95480433662689,211.7038265752362,118.95706727427225,533.879081027845,28.13290404604876,1
119.96467177349534,179.25530997844186,93.03965118625898,225.56994121907496,12.681824655761934,1
122.38422144787275,194.11272689285778,108.17000394120795,436.8938405008741,19.452559011598776,1
130.82517679785587,235.27849099099697,131.5162694590054,665.2011915229838,21.410807839618204,1
127.59440009582025,220.89312261520254,128.89417766464464,450.7561520048526,23.523132402585723,1
115.98631931431323,196.65944019960756,110.19849660294615,411.4923973115362,16.997934538220377,1
129.84659086190405,204.11821299928448,110.6923102491167,418.240239229849,23.1240708692426,1
131.88968542082992,195.81038075140654,114.56175041375008,393.6508801741899,21.937569769885442,1
134.07688777487078,211.56916935499305,117.22847180346064,592.6958062479946,26.822172710666663,1
133.72416392690795,222.38849519643884,117.02276353682618,610.1937501447645,25.1650852523914,1
130.9446995870137,188.90913194704245,107.88400922800169,328.67956860185035,18.152559372074165,1
124.16103086392461,178.59307028804906,89.62817403095143,209.55735969820122,19.395128143515343,1
132.60650223439603,186.7539106106955,102.62278935247862,324.45828018743106,19.95683942050684,1
134.64519240097704,195.74657362210397,103.92013335986174,454.39331976808955,16.405058085705452,1
141.48945843040525,199.05337024523337,126.35784185344848,363.93798296064887,15.28526118905653,1
126.47050235879277,218.00549749183276,121.59537035084084,558.1823686787293,20.420166073540564,1
123.5119671077705,222.39454105433134,123.06659914350094,567.847650148162,21.896083002161753,1
119.23794940001767,215.63195489641026,128.21784415258134,476.77744300823383,14.638919813045176,1
119.89205080092114,203.72000655152885,120.12327485057632,419.2640945238283,21.200898778198976,1
137.4335865481561,228.8125961961735,138.3568511644971,513.6826137463801,28.890350532108084,1
122.9202925218736,223.72305023614734,136.92871579372041,512.3818826375408,21.137865521776853,1
131.66226883598333,211.40879554834572,111.3919048363927,600.1921828181427,30.692590292593902,1
126.0189180395395,220.11343700257697,146.74143741979762,454.3261773632349,15.368769672189494,1
129.43928551570136,188.4277851017959,96.801488881169,310.3553867636169,15.483873783819542,1
132.30644361682172,215.4849313619408,116.77325340580141,587.8286581119442,24.69321993888002,1
126.23392641546606,201.58901880685724,115.21053180371665,353.7708232302176,16.384903828627948,1
137.36888674565867,204.1259604448292,122.1192117506795,417.78067851621745,18.14553133536723,1
132.741825690905,196.9772283895778,112.58140594216653,354.828499127003,15.965911740460518,1
121.89853714627081,191.4709191249836,107.3905413968815,438.08335249166475,17.811220439336143,1
128.9684624418335,202.62320541083793,118.75851107025983,427.4960956625969,21.308892393378493,1
132.86829833189563,222.4009164363992,123.79876433460318,569.1598012742542,15.085644069989774,1
121.57330303186386,217.08706699056467,124.29209591917567,532.5221049794635,27.61599831675042,1
121.0386141655151,177.34151469290146,92.88130029313501,218.60704964233673,20.738386720675685,1
131.7668938051255,205.41924140834195,115.09085935591003,482.15976631840886,22.834094088793528,1
130.41380089902205,199.7957831366203,110.00237325063864,360.6159156488937,17.708552230004717,1
126.53141713495947,206.7060309569493,109.77400706766585,443.93284282645874,22.84278411221739,1
110.21860443791365,214.044181410299,125.12712169776748,470.033230169809,21.51928372355691,1
135.74770048949028,190.57202045059142,108.39916914481144,331.18156822949544,15.385579482472732,1
121.60326424383042,226.4218307269141,140.49991085203567,516.0948031685476,20.426549191247524,1
117.7538424223298,217.62262942485555,134.37389280179528,443.95101926126574,17.785998991531585,1
127.09875579624226,201.86763940345548,118.07932004405168,371.5570502421799,23.686440360643036,1
130.91051953087936,185.73241149919818,94.57990914300476,299.9051862916666,17.392065782072603,1
146.8952283665065,219.61766163831797,124.07258831198989,479.6578103240621,23.235690197773764,1
124.35757340817844,179.2809565958705,88.90175902925053,207.39246105406409,20.236107605949915,1
139.67930203180066,229.2904020424371,145.07907909048362,553.3658026652766,12.827893193679058,1
129.84865493816838,208.78418723896334,124.63038659594169,486.6376028910727,21.541529261152462,1
131.62570167410155,195.8651658634665,114.78165887619637,393.83904399170586,21.819598635993085,1
123.65888322358957,201.50464506085078,118.97615542881688,387.88843580074456,17.435665032359783,1
129.43358930775156,209.60690539690586,110.2655048317036,482.4823608546708,25.045270307419933,1
116.55044483633256,192.2724824011968,99.31255593876128,355.0835213161483,24.154109920395253,1
134.32123293295993,190.35251338728978,102.8053106847516,268.78812756013684,13.807721111010483,1
130.06985365129282,209.84495424888618,118.16278674469802,466.8794431603939,19.05033513672121,1
119.18682599343971,225.64741895438294,133.18918383475932,389.66900495425665,22.28669052346001,1
123.23217120217585,171.01953781490568,77.40135068981549,221.35687980480884,8.454117005868556,1
121.87723776493554,191.47354881563354,107.42103957807012,438.0614218095623,17.85761670352703,1
115.30413375027193,172.00291595670913,83.00077997380512,166.73231006184912,14.869198321140136,1
132.54156890695035,196.8668152736791,103.21078221865572,363.4627367475632,17.993477306104268,1
119.75171477198855,221.6253111593054,122.64216432583233,538.046438766618,29.731009646692318,1
135.85147405206564,191.64525248921458,92.93523916410852,337.42251908806594,17.517334334112764,1
118.78116040202441,229.46706920072523,147.72641008309904,522.2284480917846,22.744384550881538,1
128.38666728978794,208.95990756962183,113.64686534343546,515.9839070256475,22.674424706359684,1
113.45626591328332,209.6088284838276,118.53537737315298,543.8104224163427,24.832378006300804,1
126.65209776553563,190.1861724016955,101.59612445404595,347.90170296562616,23.83824009876809,1
113.09255060675068,191.5886337699833,103.05515309095266,304.4350472438479,22.20617834975158,1
112.97367825718952,225.25820304670324,131.05105616649655,486.79937054534196,19.200489385507144,1
122.48578092846499,203.92613258810476,125.96843563205904,437.0015010597895,25.91656637064514,1
116.89949884193418,226.73205342482308,144.10058200180183,582.9616074112944,29.93920632071006,1
125.49879164855464,205.76765929881267,119.92788486302724,432.7597090887296,19.45381243848878,1
127.08051426792399,179.37353392446622,82.91003117082208,246.64411340744903,13.53248765000692,1
131.8218168082935,185.0447489898705,91.5856597915769,307.4514204361117,15.183989713019077,1
120.68109307775488,226.0259712158541,144.93922267649424,597.8791566323735,23.89314411510008,1
127.10895270670044,205.70617373638498,120.33917210460439,436.4994379532311,16.415700015362162,1
122.13086836307113,173.2459800470407,88.80473113032014,218.6832461997667,12.638379083287196,1
127.72313581795342,203.39067384546325,106.3473157437339,591.2810569237171,24.639839024660674,1
125.7124274243423,196.43221787282516,123.64217690813274,323.6591453653574,25.397055216660508,1
130.02092348367398,210.4723525281025,130.41013549799862,488.8335346204673,21.354562609670353,1
131.95414536914853,190.0472039455285,96.55184091538504,367.2261238003177,21.11199076537267,1
131.312070870584,211.30054055801537,111.23927347929283,604.6379945511133,28.6445580411637,1
129.5152141382743,216.35268341542266,125.21373744037844,566.7187258132934,17.709651573987507,1
122.51726245850725,191.39452929267497,106.50460032744161,438.72041644755035,16.463456267398307,1
126.06272566090566,171.4017148383551,82.88652301457111,288.6554370394147,12.294554208377383,1
126.58062147483179,214.70252254707702,119.31874222699017,650.6548963650753,25.504605903387198,1
131.8599953968351,198.75348655811806,106.33361796085408,361.88956396257163,17.48402540708173,1
118.36206491627229,217.39509149236721,122.70757882527481,485.6569185777651,21.8296314990363,1
135.20742966658116,173.66252410261956,88.0413886851377,270.0688724918132,15.481857948365155,1
116.76467653400842,216.99826947811735,124.24103497165173,480.83325787237624,22.06907750257771,1
114.95277855556375,174.43764004379787,91.26295149055173,214.57348571335328,18.130874628864895,1
127.72708511313026,177.82206610997713,84.63710894972809,354.9221459048133,13.880455305875252,1
120.77843907255505,178.36952553033277,87.68479963502288,259.88856481507946,19.999180545433394,1
138.30728780242944,202.11077800168366,118.24987490505299,446.13103486028405,20.20336473342023,1
132.0236007420137,188.56724990561216,97.09803656891022,262.74475756439443,12.159672498725962,1
135.2880559792911,213.07860100399574,128.715546564906,486.16631461334725,21.892672855253497,1
124.46021408903877,220.6800098259079,142.25071629390143,455.2723900398789,16.34917825798623,1
127.98708285242024,200.52509791917933,119.2764265820848,408.0387775058167,23.6143201543471,1
119.66741721614427,200.41521868046195,104.01719176713888,328.28662082031605,14.828672721104157,1
129.19724371402134,201.80039839018968,119.54712524825334,436.65497082070806,21.129832969405356,1
131.93764358421583,170.68853457621108,81.64579132385751,255.4100726938244,14.429532500293663,1
128.5702081836834,184.80226229123645,96.6897425458397,368.9356585148274,16.346579170230985,1
132.6920511569139,197.03729296234718,112.52308858562522,354.951751504385,16.005979045287724,1
130.78543652225122,196.03954788915826,115.48163158239765,394.43797290553965,21.444094333313373,1
115.03552337302322,223.41946302232276,136.13438770576656,570.1118434223063,34.45577043470429,1
122.30499670211022,205.03450014680476,117.442324910404,378.5425723309872,17.433285996054767,1
119.74987558592737,223.85548770468392,131.46322703452927,592.75612389584,27.571086060255478,1
123.55041807058596,221.32159635838215,135.02819939340748,507.9185412620756,22.527483005402253,1
136.9012464534948,214.39775037558326,122.19969612796335,460.23287547782877,26.10301777884073,1
127.47401217843533,198.94918740502507,117.7903010908445,403.89681200516213,20.889116185517672,1
128.43659466303725,188.12254267759369,94.17967904280033,306.5186610463002,15.925752946838564,1
127.32652094284053,225.22621263551997,136.66258692332204,508.3696369756936,18.617373952468377,1
137.68551182479635,191.75323748315753,91.49958794314895,566.0114774236043,23.80379746273967,1
131.1944266221649,181.35560128696068,93.88996964738453,286.88312866828903,17.33157370549392,1
120.28635633316088,199.8792049823789,121.4213375226146,426.04297013600626,22.29970320717867,1
123.15702576267005,207.48745574090773,120.70581113459836,435.7588420220874,18.418269985327147,1
137.44808708002643,204.56520241164986,107.89376778494166,513.3823631355133,22.269886123426463,1
129.69124868220214,205.71513833262878,110.57684256046878,448.83924805188946,23.514012550513247,1
146.39911634970284,226.01121641718217,136.7272393776547,533.476450337897,16.668553007440522,1
119.22395475749698,222.49105526560632,122.72829215118857,538.8509364233132,29.344390723691216,1
123.81446779291998,173.61068769699085,80.08166379738209,217.16685238506045,12.011120529274097,1
135.0978300901288,218.21185473340483,126.0917845418158,456.16515582720257,27.673455710853524,1
132.8189524038685,214.36755662418167,122.23379028984405,536.9176445273783,21.699870288877904,1
127.45495530817918,212.5920696395201,119.92279632046338,463.6094513858318,19.797690505676638,1
130.86999771349284,211.9433304652083,116.57459939518186,499.97888215852873,28.21357418596901,1
127.50272808339183,208.58800169964232,117.64932372616748,483.9851353275527,21.943518812392604,1
133.5311779724856,224.8091855424676,144.89434828637428,439.9697078164304,16.594443277823423,1
115.77673300253028,203.13394498439433,98.74008720794845,504.81736760037415,21.22063549815588,1
135.0885894726915,203.78439388476437,114.67133254560585,391.0992721970638,12.867243973127456,1
123.90469515419947,176.05525665548925,84.85756266898602,336.54614407764365,15.869755887578664,1
136.18399588718927,213.10109753620966,111.34321485681426,533.6131458548865,28.68586701811388,1
125.11497728069307,191.93280370747277,100.53715276228105,353.08520296160975,20.795026268271826,1
130.64862143813264,204.6501298311437,114.10464577287547,483.7121530837254,22.16709875543796,1
120.92628377808052,215.21969339617812,128.99269754234922,475.77647623411,14.682208008231013,1
119.86652256445723,231.22411658425028,152.75266986967634,591.4909961034462,25.116806190481967,1
117.2870532828746,235.20933876869125,154.9496066609344,540.5582726796837,19.956762004205807,1
126.04008605468402,178.44986803517477,91.28194956801332,283.59523701184975,14.145639542773894,1
119.19208700158194,216.39936839900236,132.86770701852504,502.3953198691565,23.57071388091564,1
122.89990622434622,178.5754536675014,83.20926441747015,370.50095594838587,17.640481495723925,1
126.25149814194666,246.21742610209037,146.76424604433262,392.4262614426612,19.28813187273385,1
122.49163805653735,220.24496167037472,123.7560906633389,657.5928876927452,24.9948342042788,1
120.51665657114233,238.1399794493056,145.14221533592453,541.9528494369602,22.02161868237323,1
135.9525410490144,189.31713936687427,100.60701220911248,330.8914813232923,16.56561659005594,1
122.03478995056531,226.07634213640185,138.5855562057083,611.162866098435,27.538536804146744,1
136.12400570610353,219.7226987293919,123.7710597803403,514.0338979477219,16.923914153466708,1
121.98459585452909,215.9889608706537,119.04378195432581,478.0792028299997,23.896606664343775,1
128.0009595704585,181.15720180676962,92.10514190952252,293.62758353562475,15.837706239734935,1
145.7803447631259,226.34786203818635,136.7708550970454,534.1476243057206,17.099444390224246,1
130.20702776008437,206.76650446525198,115.77519726651249,483.3596133340372,22.37235352758916,1
133.91443645879465,232.34294992687714,139.64221513379852,551.1580453208607,20.75688954639371,1
132.45085466491653,228.71405589955626,142.93617297042033,510.1289317650735,24.244155026567803,1
125.61277745142836,227.9835324125476,128.07366626861108,659.0935472512308,23.138279253272202,1
121.85881490998545,181.18939817645898,93.5472557510525,229.23865625163958,13.232087694105788,1
129.15767440489762,202.76793828740543,118.90886964842056,428.58856639261654,20.53636900130841,1
121.2377626698296,203.96406884515133,121.2225041029217,431.4177759501855,20.184568736579315,1
133.74326837260148,209.65057324878148,125.05186378155241,436.2261906291779,21.326807849269322,1
114.6727867343471,225.8353903890287,149.76869662300126,530.6864414997747,30.21928607846676,1
134.85065211074098,201.78440072911383,119.3369905393298,381.5320087101118,23.069538553578653,1
128.47458483519108,190.40275612285555,96.19243714399514,344.57892008211513,22.18872816799027,1
133.19688315614968,183.5532032147901,95.02538773175668,291.5533609284457,19.187161226333266,1
127.50039795366393,190.8031298339695,109.46029827853101,327.8124016012383,18.243978110846367,1
137.12440691033567,195.93466489241402,115.57539005588478,355.4286109874722,15.185375405289353,1
115.77034076099804,225.02845070915603,139.8625969563594,575.7904469009557,32.55809213544855,1
127.13667677993111,189.97786384370383,101.08706841103157,308.3649423204265,18.402029903321914,1
135.807128227351,190.9769336686117,95.20323588071952,335.55879607827774,17.602892863643582,1
130.93437627212774,186.7462050710906,96.65830457915033,272.54738644361476,19.21416197917309,1
120.46531949537417,205.48510718092726,119.30127646710754,416.59937956681705,20.702794536305106,1
128.95321504395767,214.496498156341,123.79661652923278,453.7071951633806,15.460931854057566,1
139.04024404539518,197.43173608637034,114.4836203167981,361.8203205261985,16.209048747459036,1
137.46532945199996,201.8792824857419,105.82853858648276,427.6991615492289,19.26909186411239,1
137.65536243671318,211.39435838982394,127.09542373366826,488.28061903665645,22.936000916885195,1
118.88178179087139,222.22473487689757,127.49770958163558,565.7339147349289,29.437500346504372,1
118.28049893728927,216.47923520646145,128.68728608675957,477.91528670261346,14.79604937550471,1
132.50672824776802,216.62796028274835,118.41905683242985,584.6710720562188,22.66377750727345,1
129.52970161696055,198.74309900344372,120.21550926282377,421.6270730420514,19.45654128807551,1
124.2503283994049,200.90782397921325,120.06514627412048,389.48581137991744,17.863647634490917,1
136.342158489007,216.68356629368637,123.01002989312082,513.898249102714,15.314944183186459,1
134.84047886371636,169.90849387464814,84.04275230853054,272.0546532349495,14.65686534349464,1
122.7593373569387,202.25856331063423,132.11514900646705,322.799681597623,15.808894955527181,1
130.79156309702492,205.34672683115198,121.11826076022258,430.46285663894236,21.21157977390607,1
135.9341362021387,189.29481263898532,100.69793699516222,330.8317815961773,16.651239280785642,1
125.56731685477885,215.75809769159585,121.94516355082268,459.2112109860939,21.066331791457767,1
132.86277425952602,161.12976832805884,74.33114031484983,274.75080081365513,12.576298499292301,1
133.8727388404532,175.14265244918315,82.23530365327684,377.15481160946376,10.973281233270543,1
117.38811197127959,216.86594065703653,123.62055777785373,481.75580634185314,22.151394125077474,1
119.89051708009654,195.80622254303492,109.76078831158122,411.22155066278265,14.601346217260783,1
129.61398886361025,204.31308339067178,119.12854116415353,437.3667553531416,14.17143471413745,1
129.04861581039205,183.66020262355516,95.88524985399405,370.08798554887017,16.346703999866065,1
125.6485849,201.3018868,103.1132075,590.1886792,23.6300097,1
131.41838482618837,214.11338801232117,113.61373981689226,573.060827640893,24.73335685409448,1
129.1447776189066,207.0737898736812,107.85489270857576,594.915876968337,28.090336769258442,1
124.78255047083286,196.9604211559112,108.83792752217471,411.1543077509819,18.780246838126818,1
132.8650192177449,201.27244339238513,110.36635722411805,483.4585733106849,22.66518418029383,1
122.14248279335773,179.09967002698804,83.23514838978043,374.1285040650465,20.135439785576025,1
129.4775953372915,208.0500451317372,122.16037549711936,465.4574992533843,24.26160370399081,1
131.12400202380383,216.1001597595559,119.69895374012883,515.4230661705542,20.163743437864856,1
129.4590814683713,198.71752301640285,108.33149292497808,360.5404163146302,17.18702577770778,1
125.05649689436362,192.02172671895215,104.58793912247019,435.19492958406596,19.716298908728387,1
128.99650643196017,220.2959408587769,129.30864628268898,449.2249432380783,21.816760667371106,1
113.93514865742813,197.2480126684605,110.4048291979568,411.6518679265859,18.710292998040487,1
135.6368572251455,228.0492570944039,137.8868476188457,512.4414932702869,26.903126073242152,1
137.08038606125993,199.68923884759346,100.82787873296954,511.4454459398282,24.221323925559687,1
120.51779928001105,230.73032579081504,153.28502239232037,523.8158700954544,28.404631242693114,1
121.39563295794153,198.55648067137304,119.47453530518203,345.15575649687696,15.283825237034575,1
127.16061957999888,203.36942565613222,112.60252973363274,370.9415881721899,19.067439133913567,1
131.19880143314916,221.5666371682189,122.46954484474615,606.6051378660594,26.59032125244359,1
137.5242064140545,221.86871709652118,117.8419037156282,676.7382361334387,18.07709670255796,1
129.12439762496126,215.0705598774905,129.61574546048456,501.99142953832506,26.661269051717664,1
132.7605686848398,209.0868722266799,114.18949123772408,460.2141030257017,27.33227667115709,1
124.15710829570106,179.5289015172111,89.42732280491516,209.75091960043648,19.6700688731403,1
130.7317231989129,220.1740018550393,125.48428689724567,567.2438972780953,15.963468345367023,1
129.38682687740607,207.69057478855487,121.68784985931723,496.2091426992922,17.05814936645907,1
134.81632980268708,202.49779501989426,114.48292338833352,391.3922154973307,14.35940462832341,1
104.34472184255463,169.5329824239864,86.48068964259794,202.2168083939442,12.796662869760787,1
136.89687098827028,197.83546703348384,112.14057361820849,486.16133914975035,17.725537035244407,1
117.02474744550497,228.32932172028362,131.03382342322422,485.8384407080358,20.634366335960035,1
144.92312982447146,206.58838743831785,110.35354977090903,536.2428168653333,18.019980202403303,1
112.11304933796795,215.52208973020586,131.15100928537873,380.73556952940083,17.88041392623611,1
120.30293884102952,196.31557829789259,101.87501739182844,361.96185871663494,20.815138383835667,1
131.3698956660043,214.22690399574103,112.45314107305452,602.0245496644969,29.79124474685089,1
131.69738130667844,211.41964969528868,111.4072083634912,599.7464251335945,30.897935495924777,1
122.07924060854961,205.18233859686424,117.3150729818115,378.9676977735566,17.096897142235953,1
136.1072077181165,231.67989976149127,138.06359821870674,545.3770450416673,23.827054363424097,1
120.62980841105548,238.20527538235126,144.7349274474078,541.969083232397,22.1601880817764,1
132.89211083857427,187.07247697272038,101.4825570421855,325.3022522562084,18.855247681997263,1
128.29750921356117,196.18804579832033,111.35903570632688,345.33786538383555,17.811834091489477,1
129.54151620866563,208.47895103182793,121.18886834123539,465.85640293426286,22.96705769841768,1
128.95591802546943,201.4789753440407,109.7157732398111,415.33759533637823,22.35590657584077,1
126.36802305838732,223.33127779989334,135.144020082676,506.69465777918003,19.101594614953065,1
125.05417038229761,220.84713341144774,132.15850240161558,446.36733571409553,22.30490866607119,1
145.9492781878339,206.0741912907224,109.47064848001204,535.9424274230181,16.020533104981087,1
126.59200863474922,193.28770709038687,105.98676853893376,346.1261526868934,20.74538064698194,1
138.88516649081927,196.56641555876496,116.24856089088132,358.5034045407311,15.551568524719855,1
129.71540427977877,209.64573142847277,118.5460147352445,466.9415663579884,19.445420664424816,1
124.64754238090231,220.1429155523494,124.41800898970232,540.6093840117694,23.65296903079114,1
137.52539705131343,204.41805044075463,104.80372672525736,515.1075516574496,23.43065358558684,1
134.813175169528,189.06658653825522,97.23747467361017,454.66079549611027,20.380712633806386,1
117.21469703378025,190.59901323084065,102.7799731943216,328.57846875537496,26.576806925548865,1
138.3573282859154,208.4599754801357,123.4457503731954,435.2036285509636,17.52955267466404,1
114.8347725805528,217.13617324328305,132.66874407253127,567.4262081256351,30.0574500252719,1
133.11344036694337,189.4507926443421,99.80715850803593,265.5852154133196,12.910855835731699,1
120.31490893540602,220.53388246664392,133.09314078530318,474.0671314254671,18.65996836594457,1
128.12709398541816,205.39368475235824,106.47466689727352,593.5398682102716,26.792009639337117,1
127.51291093468804,198.88811633981362,118.77301610931018,402.58811256589655,20.95169797611905,1
122.91226159189111,218.89852304374946,140.2294859478334,497.66652015419874,26.24000997650645,1
119.59574465166067,197.17283730407993,104.67467464074748,329.68714945595923,17.756416881820925,1
139.5409742572195,231.57407942794376,144.3472387530645,515.0349783827692,32.02077475906009,1
126.34488609169591,183.0566885376647,89.59672271667839,360.17192799762876,12.150278491831251,1
148.60686835415663,223.68237704536062,135.15639180172903,527.8387688470897,14.46546559788592,1
135.1865049994101,207.3557943704032,112.6663793994376,508.1921189021761,23.68008500800366,1
126.9662752179973,211.91208033950244,116.07683172690973,479.6722778796297,23.884181934380624,1
119.87568132937233,191.09698452740466,99.20105372966265,351.8934241643419,24.359623753344493,1
120.78109537081461,219.96398043572324,123.35307822207062,657.797231615149,24.75533537213315,1
139.25784200404127,206.83850037614118,111.45900504843648,524.3558182731446,21.121303947259555,1
119.33322139113095,210.66763840094276,118.38386372263312,527.0602828866433,27.013430305315374,1
133.40957329021612,203.1015596022879,109.69543704571899,451.8647312626044,22.020660846115465,1
122.073461816091,195.87050434199645,127.60794990451382,326.1943168393039,26.76385467718285,1
118.35226977836695,221.51358847307586,131.1607825426894,389.87013334899206,22.57899413074431,1
134.54412129968622,199.59572359782445,116.7678689289895,478.0746121051055,22.51376422809389,1
125.79040397136362,222.0758203348908,136.18845517492892,503.60794356693356,21.920369985274252,1
120.4984336138264,192.15717695491156,106.84667030753766,333.27606585894915,21.283039232729863,1
132.45576960024718,212.79731869558296,126.30579192110652,502.70289277623203,25.01800231935521,1
131.58998756575676,186.99776966152527,94.12299553900114,302.1859835233873,15.215038417466689,1
124.5410429523807,179.7290913645622,90.2993685918868,294.28431025612326,13.85565346839552,1
126.23098062353351,183.30971530710184,87.21687165725935,242.83364878168777,14.031274571487437,1
123.8995858495428,201.9796051461904,116.87204977592356,349.98188886134955,16.253887926135413,1
128.59270409021858,225.55792229475196,118.68040740405573,560.5447119879457,22.51258362296074,1
123.21551140043312,205.44684860537228,131.63974408725812,412.46071902803783,17.359056514379212,1
124.12116965935287,216.95423916593185,123.98544854209808,458.5530858619753,20.611622536766422,1
127.0799431883533,179.373721645667,82.9078321510396,246.638693628223,13.531788570689312,1
133.82929099524108,183.91327189737865,95.55964689507805,237.4988920515454,17.585485132125584,1
124.30067304900415,182.4035898268029,90.51298497828535,295.4561767129669,14.006311012328933,1
130.31902128134527,206.25682604087547,116.03982435426761,486.58302825158063,20.11804017506251,1
135.78241427577944,197.88111168857773,109.59209418772744,362.2193128215036,16.781115663739268,1
130.68358306635193,206.72436622218555,115.25377032711916,483.2032939914527,22.636663454741445,1
135.50539680414593,213.1081789070015,119.14618761443185,458.63369092524823,29.138996309554134,1
130.5531195734126,202.27411436117717,105.87374974799347,434.1190772594435,20.332670168074777,1
126.1460242043237,181.34547889173317,89.98647379373094,300.16048849947174,13.552379519677817,1
122.20346576573145,173.0992139464851,88.05302526692566,218.85949096051675,12.362554352718476,1
127.60096089326085,181.65264748783866,87.8865713729137,254.84078920880887,15.419643977812719,1
133.033978509279,189.38719002150776,101.83479822697497,455.476196872841,17.085576604907782,1
130.31943802972938,213.4849411271736,125.86260862457608,539.2967735800697,19.359029992880398,1
117.31238189220163,213.8815098206659,120.34138325079698,539.7502124868795,27.793275745909114,1
130.68662647861464,232.81372939446265,142.16685094078684,563.0540433180606,12.927293287835361,1
121.15197602701554,221.6629704630306,133.6350366471471,603.96369881104,29.540349678330287,1
127.77514551019264,210.86204849747546,116.00071146140984,652.5237507196848,21.37974195271292,1
130.85744622756437,199.2511712741291,110.37360970157559,359.49462515819795,17.48279196642627,1
127.57510139873946,194.1113712098247,101.10973324989958,362.86311332534245,16.71092808567232,1
145.0793855819274,206.55983049595147,110.23932199938466,536.2181203069426,17.78108979378597,1
145.47291420900126,216.28417069170484,124.07668174292797,483.34317751101815,23.71671064734364,1
130.82481283580665,192.74540615472188,113.7513325775074,336.01901999240465,14.02039970559667,1
135.58755975576312,231.4838819085326,147.9455641692771,512.2160703650387,28.329228552218957,1
120.21660426765585,224.99223612401784,137.83177923361964,593.6631698209582,25.445842572882643,1
128.18633689212012,202.68367727261102,120.08425219200375,419.60639924543824,25.322196003099386,1
117.61052311161336,236.32303394831825,155.22827998287661,541.1133028370293,18.65686249042399,1
129.489084132564,199.0263567555636,120.10924841501749,422.0552758014361,19.591314093927483,1
132.51119103506744,216.7448511713195,118.42756906163768,584.3979960340204,22.51482064410468,1
115.36426028005819,202.11363184421825,97.50108005115385,505.0086569804306,20.923601108014196,1
121.10418455044116,224.5287632353145,144.00971474795995,465.35190257134906,21.19095335763802,1
125.42950209857477,208.41088933125778,115.92432276418161,531.9392176483883,24.165789150801658,1
129.13694107294373,183.24773112444802,90.74210262802798,303.919247032624,14.40988800348294,1
122.26483461148982,240.8938045389804,140.6703295563941,388.9272035978602,21.208616924511652,1
129.11170844080374,192.04843296810034,111.27201229475568,386.5131677577779,20.57280625971491,1
121.01704287981532,228.55546301518072,130.0804294293949,662.6348842028096,22.18620829145286,1
135.62663930625396,191.40189074882989,90.30620872456922,339.4243596631164,17.631873804959493,1
117.53772631305166,241.58048162972023,144.49840793112747,385.41516305940524,19.695679217228754,1
129.68469683130039,199.21983386079222,111.68099660025732,324.1844496540102,17.811367789368344,1
140.68720669851493,206.90776288666322,122.76913737735944,416.8128325959257,17.797573189248954,1
126.41645109339139,212.5894631397502,127.92317089114042,546.2343207850381,18.985568892812694,1
130.16902762024253,184.99151478358186,103.07401885592759,320.0816954490829,21.573980198320477,1
132.84946518033905,210.52449244816847,114.49317112320367,603.6232239897528,25.96368183051631,1
118.5079691590882,225.10844714747788,135.7923931810426,588.75425090871,28.456873573345682,1
140.61075233895207,213.3415419014488,111.45633781014925,534.5943405437298,24.686843187176372,1
150.10609046617793,224.1203875787891,137.57605647725964,530.79494298196,14.071820634268608,1
132.91952322473668,189.0520287975557,101.76600051759169,456.165833173911,16.772917514979795,1
118.32467356970496,215.12494123635776,128.62433135642974,477.39806001427763,17.03188613790009,1
137.88643536973592,198.89783397031374,111.73850327553171,485.4039911135797,20.376485094550198,1
133.54716230703588,196.00540211809374,113.52496279368935,352.8343136556007,15.317635099783573,1
119.28908922831799,244.65515721223423,145.19587687234048,386.07388372300653,19.818541805560493,1
120.81344873021574,230.09816597667418,137.12992790758116,479.03740090191474,23.015216907476127,1
121.67069995094695,223.08992370059144,141.0027158023376,461.4609496454718,19.606605177218054,1
136.5818162558629,236.46141980836683,128.39536586132746,671.0452476680866,27.770933794119816,1
121.86568498829237,194.0998713596914,109.58462713392514,437.7002095542215,18.1221196011339,1
136.07380648371617,223.5783079976726,127.86569059921528,617.1991911044751,22.47785169141556,1
127.02797729342404,198.09711646586277,120.92412503843234,421.421502340877,19.807059446379153,1
134.35932598595218,225.8905042398683,142.90780863104672,437.64353055755913,17.181226829749917,1
134.4645671412126,226.02791835795907,142.6553589180755,437.3479196545765,17.255795358428816,1
130.37079795547135,205.32003864339487,110.60125166602835,449.40985651648947,23.472388872241602,1
130.47734585068423,214.9630917024403,114.43649960482185,572.5332367544526,24.639951520313833,1
127.31528463008242,182.12851732451873,88.00687784356334,254.4191682360941,15.628597655318758,1
119.697776244122,228.17832302358073,134.43105601778186,389.5458657314538,22.10773001879918,1
138.85792460759563,205.65501363293873,108.36510045937067,519.9381628844784,22.206141754227588,1
133.08177385900808,201.03673146218551,111.13644491550902,482.79400158873153,22.64519607280055,1
109.74898982082432,170.33730557994778,80.4416210931091,158.50576455474305,14.09548341984644,1
129.43386439793616,209.61047437223178,110.25696474838891,482.48080458660024,25.049443788075138,1
128.28752769962853,184.22000875279875,91.4703477461851,307.22569267263685,15.342919515434067,1
135.70565277776413,197.23648474317136,112.60656347356279,533.0303053392346,17.56292043880064,1
128.05695682466222,199.6757280007331,118.71464894756062,405.02265114752987,22.198747600162733,1
131.56588068521793,164.2744378979613,77.79976078857679,278.87817093768695,12.875929522843121,1
130.78555135948585,209.93759372510786,130.20933956767544,489.86230105954667,20.225367778944474,1
123.05383504707959,216.09845493977588,122.57369742211515,459.2611710838659,21.022801771153976,1
124.8605513455219,239.36006273400903,152.89349618797476,603.9281375379283,19.46914744162795,1
133.34602411391788,208.81029426242105,113.68971754931529,458.7133800007737,29.409024376175296,1
133.21752648481,192.8222357942878,110.36403281593151,349.4402259877518,20.839099507201777,1
107.50959691744589,170.88506010614776,84.2009795207356,193.25498577086324,13.286177296461918,1
142.68870699815858,220.5471887789738,137.73065301713703,539.4741072200333,16.07926569857288,1
127.89157904305345,224.63631732474093,135.9207405774866,506.95242441762616,18.74047401335222,1
109.94230439423751,213.4684467167177,129.71711203038245,459.6517853089088,17.308916733625082,1
119.73934768027564,216.3154363101052,121.30818059755737,485.28738282994556,22.54750786604007,1
121.30446987029191,208.90497761424444,117.6624059861138,530.8126753229875,26.925111720238483,1
137.0638554916521,182.62282805009096,90.88877121446369,240.98241466641807,10.840556071635861,1
121.06763223236439,224.40743114593135,143.8651568560391,465.2917702901521,21.18925011088707,1
128.89750328347023,208.82055414878025,109.26405348379267,580.1074844667013,24.447087424071857,1
133.5332248181932,200.54579675204573,112.74036363627586,481.40984879931597,22.603565359623893,1
126.94472989604732,204.29581185400184,110.33776232612625,370.09717731246246,16.464303877902925,1
119.09166168002399,229.24286238042276,146.83075583171416,599.1670893672186,27.066439848265844,1
127.94480034663091,211.3060578561005,112.00425130505144,481.03294329544974,24.975493097778227,1
125.89705279783985,203.77946823842376,126.28716970927137,401.83898823868213,22.004999445904033,1
123.8765799615087,191.12805784597384,104.71780240840586,331.41961025255824,21.23389629206176,1
128.11151536697494,183.36695650181306,94.86685678114036,370.0585697210525,16.78816360588919,1
117.26770301085438,234.9299740197047,153.263087101935,537.4540745134005,19.895859573027806,1
115.58416458341235,173.59061035495662,81.78468160135564,169.60630789755456,16.192720160889728,1
135.30478043497874,196.3193021193429,112.98068092391527,486.8745107442157,14.000494119203717,1
126.21620568291993,223.62848216303348,135.37766367314262,508.40737349777146,19.8196442573195,1
130.3120589064133,199.13964462800752,112.16213198224588,323.9297847686429,18.002998271303532,1
133.07866429510045,208.1331719997499,127.7182544200316,494.5762975855474,14.61869314559708,1
133.0061347489093,214.32044403164016,113.9096590102156,573.1042394779654,22.904162052417355,1
140.0087436674547,184.6435315319907,90.9966932216069,241.66420964368496,11.68320033006467,1
114.99286872053754,215.87561806846736,129.98800992538784,388.556468843441,22.30917304589294,1
123.08983324325399,202.78141155381752,111.24632047615174,460.3473862751622,18.75591162717961,1
120.90056484798193,226.01430413819094,145.5120206311304,596.842453447957,23.40590715830134,1
132.3995821223216,229.74914760084425,125.78989606150611,665.9098965730266,19.04863219097384,1
125.41718436786617,180.34484783967474,89.77853885660828,243.71261133382907,11.02873731422607,1
134.36766131956736,220.55205015981448,117.60345387884233,670.1770374071556,17.8287611189428,1
133.61786768770602,208.1053551301321,126.93405927656538,496.57829957824435,14.143473192916572,1
104.1375553531658,169.43719855628663,86.38729606211643,201.97549280429118,12.692490168418132,1
121.42940733386648,196.1692995816409,109.47048336863186,411.2003980145196,15.915905813092962,1
118.67141824923017,176.97082294422418,87.54171436264772,261.8445726460579,21.402705139176394,1
117.54951941442567,207.65445186119175,117.58761616634146,538.5871042569065,25.599794859752755,1
130.5322996107705,206.1408585238122,115.8816923295444,487.14653239655405,19.786236403726253,1
139.45959949936272,232.5320930185501,125.45117136150957,680.607626821994,27.391081924554566,1
129.73450720851696,182.81419906123534,91.19761695732802,259.5479884192723,13.82166157719198,1
122.13748094311474,208.6424299940295,128.89167633758387,390.53109785399454,21.780248587481907,1
139.1146608714519,199.75320597326788,126.10355193556903,365.272030237929,16.544874705823965,1
118.93287077831786,228.5824900774881,145.12674528759555,601.2452111257264,27.494826966497453,1
141.19965735063752,224.11742406558224,120.4902067334522,691.1589513176547,22.62580979432279,1
123.15371926918854,237.62476207036755,156.02193603000654,525.8236406811066,22.781333298104812,1
125.44106772259535,199.9372374891726,118.47910356015727,389.9266669639211,18.396128527369942,1
117.45582521239821,196.23777332780116,110.05067517993702,411.3781488902261,15.771161501128173,1
126.70317156450497,181.84427914900672,89.46807555619966,251.15726756337745,13.99088770520931,1
131.23249560993148,199.17536170456924,108.0540537581721,361.1465198229377,17.60852583179533,1
132.53852574345896,220.08967036338896,127.09135121553832,581.3615900007292,20.94635266692259,1
135.81130634783406,200.278499592225,107.1915413764503,450.536022337688,16.303120447936397,1
113.87423207855201,223.2253588253844,150.17462079251513,531.3279863343041,33.51920299844747,1
115.8368020846303,205.24021530823103,124.51365609148985,408.1464398635172,15.148643141172071,1
125.54727992929581,180.26718844102302,89.18851685794002,243.89075440977382,11.22642586504789,1
124.34350060132942,223.77855858597107,139.0199800841601,504.30854416301855,17.502425715178195,1
123.10550809040298,191.79327703944176,106.52378552879384,436.2494178012269,19.58367192720878,1
125.50597184136163,209.99885571905375,120.20126276653649,534.6547881291044,24.209152514505114,1
129.32130575878782,210.7345960954711,115.86389687316267,498.77967477454683,26.417294109104358,1
126.36361897254189,187.19517836851404,93.94698429295985,307.12089820468117,15.8907120224892,1
131.3865071206215,203.66264982934246,119.88554155256989,437.81666274549315,15.282418364491784,1
129.91722322701955,192.49043420355935,104.19927822130892,457.50317732479255,17.37648275938398,1
117.66075547531881,214.6830047621424,133.0980730004011,452.53066582619533,12.355763276057072,1
115.69426985767825,216.10626265717465,135.14802031336828,448.6385815304176,14.490441855164661,1
134.0096138270481,211.78591474362727,117.279482770012,592.3519841458515,26.644005042279915,1
134.59355932983863,201.79935761812717,121.57563655733014,418.5901511876405,18.436551428727654,1
122.14131565964325,226.0742138957827,138.57791547331388,611.228248439317,27.49420652122452,1
118.4729347182633,202.5913721377011,107.23554967951182,323.91847073457365,16.47809731069555,1
135.09320523587925,171.0514621626569,85.27271290644038,271.2511057958561,14.936143724348318,1
135.96861299853032,189.33663608129464,100.52761254982684,330.94361384070925,16.49084696159249,1
124.05500492751102,237.92982997697703,139.42532978545745,542.722593969062,23.95367120486603,1
122.332138385698,229.52703721649343,141.32760688183598,472.9777095933725,24.375979557661058,1
121.17933231696436,212.8760221744846,118.68221436934307,659.9363890753206,21.716736350957124,1
139.3234500291636,209.9038663673279,111.64668497771555,527.1939215695585,23.648029714801606,1
124.20080680540883,221.6532395857303,135.18550191922864,454.1746547848414,19.399569542302157,1
118.48123158832146,218.17717609589064,134.43648586081227,444.1943631527547,18.30961158695472,1
117.68297120620844,236.50475964198122,155.3420117324355,541.5463030778201,18.55139602034788,1
127.44153153948321,211.79235581000185,120.57785678512855,530.2749578014615,13.885863410172302,1
128.88517937483482,202.80716257760648,118.6812005632316,427.4850856084157,21.277823595052844,1
135.10806102069648,234.9776192515524,150.01636982311155,587.5218866968087,21.953009732970983,1
122.20322162849776,228.7260795453334,127.91612776318095,659.838598082976,22.24743442915507,1
129.4968632281291,213.29621448271976,126.29688284205388,540.7588977451775,19.280321123159748,1
123.41882730042404,201.5100658167468,117.75270852086084,347.4914121179286,15.994470453007734,1
128.74922726755423,198.71600607998542,117.76512537809245,401.9333868628149,21.541961403520993,1
120.32480311114229,223.23509310448068,123.3174887202853,540.6617074088821,27.846566254253744,1
131.85894831781005,201.65162377282547,116.39788989953833,396.8272147977556,16.842926126306086,1
141.56092756559653,207.20285577979874,112.81142318113399,536.7742201605425,23.160257172378884,1
129.75019711656572,200.3301442435517,116.53472605851744,419.29170082411827,20.667780472126967,1
129.91479091902028,232.8652670235543,137.92447586607827,561.6715149194424,14.642072470803665,1
123.89065263283985,219.4042204216791,122.2790499245655,661.3804199771553,19.912357574661367,1
137.28208595179095,229.75621125602584,122.93571871152132,672.6312730957685,23.64251785892827,1
127.4551301900415,198.89484900337783,108.42496698133147,360.4743097894392,18.644776380075104,1
136.7554728751823,224.21203559368334,135.75294703354157,617.8388466875703,21.99176912891992,1
130.04601624365455,187.89741780012963,110.18999102809863,328.3052920749927,18.496166009295735,1
110.49696406655026,198.23458138044575,110.7506851346046,411.91917353059364,21.58055854657044,1
128.54860074445273,200.97604208703228,103.51213427031738,565.7669572455327,35.6037933501953,1
142.04057144230862,207.11519716953913,112.46078873377557,536.698411414671,22.426957333933714,1
132.52902470910516,205.76426071212367,117.37700070959926,492.4913900803084,16.28431095692324,1
122.10409868312513,176.2909510047459,85.24774994479596,335.40140984554904,14.38511169180051,1
118.0645496852622,215.48959200690052,133.78040064210802,502.1489614581461,20.848949592361464,1
127.82977847500499,224.56100700405835,135.92861470202755,506.8540552625829,18.83400233474135,1
121.00498041970104,206.54860925834376,118.17663796134941,381.164560313467,16.99535254744771,1
123.9728106866882,215.5944084090025,117.11817201743095,477.29195538656825,24.492297731188437,1
122.81616707487129,219.75481968410398,153.04980151957895,493.42818121097673,21.60082797817849,1
135.0420366874927,194.18275733819127,101.65051185400452,451.0517194303479,19.514880566515608,1
131.55209151025883,185.87898794911007,93.37638820854274,308.89007400288466,15.155439977553108,1
126.96443258013171,200.27053352256084,114.0555835007113,353.1950468376287,17.810057894373195,1
131.7770236055093,196.2768387510664,114.42448088658918,392.4091010447729,21.782413004809555,1
126.55869110834296,202.21823840242672,104.5320119099583,590.6679056868539,24.073022175513067,1
130.9252336,224.5740741,126.4074074,567.9259259,14.93393086,1
128.82701051589612,225.65204740703555,118.6893359363534,560.3855523293004,22.409053056287064,1
138.88557961513564,211.58004796966415,126.49015173728645,488.16942250213555,23.207698913060444,1
128.02666484237366,185.64812658692887,103.0952140662964,321.12857272774653,22.592695513876826,1
128.65029608062002,200.67119875815493,111.72098173402078,358.3727321452637,17.41069612256513,1
114.44259525458814,220.0733461714131,132.26853612245645,565.1322716075608,34.26403431785168,1
124.61436313219616,209.37681487588898,109.09667343917461,431.83707734467623,19.30714344818343,1
123.49505107611277,212.2612777815217,122.11217050858944,523.1874883075008,23.034544478021537,1
120.03125064622638,178.12589464813612,93.50524219589782,223.01408005715302,18.112200316000347,1
124.51906035459952,230.12695021968074,146.44384710818795,584.1232041343545,26.909164159457596,1
110.37370324114391,201.89408015955692,116.72285568745939,410.42980740774993,20.71152459459658,1
132.2418563214598,180.01635460664158,85.414714091352,341.44617745414837,20.14003759492312,1
142.2535232280045,228.50169068543082,138.41373937936072,518.6406496564429,27.556268853367207,1
121.72467317196092,230.33007927026244,139.66809000584357,476.3665029185915,23.77020812614582,1
112.32069509552068,173.0399699797517,84.05314154246004,190.9532169756207,15.016651332713305,1
129.27215898218276,207.5125346012838,115.27705561396607,483.39562085214567,22.596159511699238,1
129.1016978694873,209.2931025435,109.65063427809807,579.4738811741112,24.49844077553168,1
137.0110726639158,208.97453979295946,118.80630975235442,513.4402849368361,14.270558819626865,1
135.89791201758985,191.65078103592606,111.70047497997957,332.2380444891536,13.414750610380706,1
134.17933254391517,195.24254143109158,114.26563265320975,351.26892512540525,14.808753236856493,1
122.49772034045587,179.20494690542856,84.29125854412204,373.85668779253433,19.609117079443802,1
128.6069992936605,206.13551662994152,120.50965049335176,439.3972542264233,19.070630368316287,1
117.91043606164739,213.4951026025049,119.60973945364746,525.1931540730047,27.64625915683186,1
124.19098056890344,200.84861721806888,119.83057737107016,389.4540661981203,17.797559225557716,1
129.23939896020022,181.56987117145906,89.9214146635049,258.8565589304577,14.18113334595972,1
121.58951567903806,177.5911537631856,87.46345370310216,260.4945762710721,19.421987690867894,1
135.4094608783801,192.5985810358452,99.22817988941725,451.91470934194314,20.574955182282164,1
138.41464975606243,200.34091674607293,103.46385034795155,431.0836816832357,21.957688636543335,1
117.87421467419787,225.40477721614653,128.9051538113174,483.72909099633483,21.47106047987951,1
130.73123110647995,220.1628125740287,125.48193942335503,567.2421628952301,15.966086435160424,1
126.34206040561675,212.55392298309772,127.90020007571833,546.451713488381,18.973068048935755,1
121.16750096591112,208.96699718342114,120.54448422936805,461.83006636597065,19.289562778429215,1
129.01722265347559,201.34480205412328,118.81037509938098,372.56482338179137,23.7458170782537,1
139.6868492658417,225.5066671395345,137.07387811370012,621.6711347114274,20.272744152959,1
129.015479223436,207.08032668646953,115.47004968547681,487.9918310483086,22.1407653313994,1
137.61406317832382,211.38812465965617,127.1157431415036,488.28435198275065,22.926879823516703,1
117.37695018608713,213.97612284730752,120.37692470213594,539.6861838558347,27.843150280158614,1
121.66291822364032,205.01307604856845,119.62718897478625,416.4456861408172,21.82596015122437,1
130.58965877870452,206.732671248718,115.3565383651592,483.23410297144864,22.58457060990387,1
116.30483222468027,231.76031030907382,153.57535017583012,537.9017662063553,23.86007669534454,1
121.01018187549421,226.02733724846934,146.13535315050447,595.1005369911355,23.074824202984264,1
130.56463830859695,188.6418632407387,99.90976279984932,314.29129691526646,15.390728925980534,1
116.6961959115476,216.9167319067192,125.04438560227601,479.8508632644899,21.174295244921186,1
129.39897417493572,217.6088637338498,127.04974249437667,450.70310566360325,18.555905381935826,1
130.57267075290284,187.9148462904166,98.36227099166933,307.99699564468733,15.857997879517184,1
115.16146434466833,211.2335516594787,129.6722160002863,385.2805390406375,18.28320139961444,1
133.51326081239407,208.54264573766687,112.97280346442396,457.91720258291235,29.123664836444004,1
124.13046768272356,179.53577768744816,89.44839763933871,209.85308582275286,19.628252867296634,1
134.534637379634,218.0103408024207,124.9368228771185,509.91671598833267,21.218587784112643,1
118.62767776296593,202.5369885924733,122.94302752657575,404.903444493949,16.321083791294377,1
130.69761785668237,188.5218072050394,99.04930900669262,313.4476426788247,15.064996118745647,1
139.18066346815317,178.29265137498484,85.76418417778606,386.7693241521373,14.969016964588766,1
138.66183425917484,201.5072691729036,105.33814728943504,427.46078037340936,19.664983950252026,1
120.53769046862104,201.13421652162336,122.71959196385745,315.30444279620156,20.149706788235804,1
132.59026843787024,191.45809015702204,93.14313064069896,341.63108802386796,19.550987917135224,1
117.7302618951625,203.9336894302314,116.23401664251283,313.8221494925643,20.90493937647979,1
121.91887515143479,204.908900085683,121.89234428540675,389.6371552111322,19.29755085177251,1
125.88232618830014,201.14710799068823,103.07698267716943,587.8510016977385,24.94944659129745,1
135.06656961956,197.38126045355844,104.44613366051699,453.9605040354279,16.31523346272943,1
118.70314809424693,223.3453930078571,122.81328522399644,539.6448346510515,28.96286558781765,1
127.3410457993554,220.89352524724754,120.43919173518903,558.9515419000207,21.229035734599556,1
138.9334505964355,202.16525335421915,118.56724928453981,445.24117677442905,19.575954217774196,1
127.09702055515955,229.98760528998793,126.99892809612504,561.4538202989571,19.134041024378345,1
120.29978845681617,176.9058557168939,93.67160843584573,220.7966390042318,20.811255818269714,1
118.32905886641936,214.65123443622903,132.60773101629027,452.5362605988546,12.461592043126641,1
147.87255296216313,225.27622094715198,137.01865818779137,526.3975109781449,17.910732903186915,1
119.0311416826285,230.24441789073393,145.99024384496292,523.5199903761991,20.547446529871365,1
136.94407461716585,198.02108113090165,109.28190192859908,424.13104451658495,18.603000468986973,1
126.11416455837298,200.1584444337891,113.73239052643977,350.6146079723247,17.111582227549476,1
135.76922245168964,192.34061612727808,115.07493765286223,332.272538369055,12.900748720254837,1
125.82175224501957,198.49801317806157,108.05824350209913,459.17496924983436,18.19663170064795,1
126.16491457856354,214.17233309559884,117.0,665.0595882094443,18.478849729433442,1
128.96761158996577,210.67987665327396,117.52316112310295,530.7381041289417,14.825909542495515,1
141.41962553403644,214.65369224540294,120.77224304259703,469.9286561986483,22.375568782755852,1
128.68158452087147,204.3556996816916,107.8414833847775,591.7857386856022,25.10638318032037,1
116.99752187712511,229.81713632681584,152.04883479778812,525.056924454293,26.419104374778122,1
127.80151827556108,196.9158288542047,111.76716895549406,346.04972323624025,17.60803801570014,1
128.79489395279157,188.1965844800153,95.16349127788277,308.3216050410409,15.72373430534717,1
118.83397323098103,215.39638256304477,130.79755640863587,504.0405819186603,22.55921310161808,1
137.04145208903628,183.4471870496201,93.55021696421412,237.93630217647538,15.655534473739097,1
135.88876124333885,216.78131297889252,124.22598243744028,458.8439204092183,27.967193134872108,1
121.18773489679735,216.58452693942846,129.48628226135926,567.2886484354792,24.431330266089837,1
123.40647840258114,210.79181426177973,122.15982349746315,459.4410928660026,17.973883753243676,1
127.23679279380396,209.76252727514373,111.63514410828242,500.81071317062816,26.708648929032123,1
125.74728214024503,215.66717741169305,121.88641291366592,459.26720099181705,21.075390709157222,1
127.83565121377055,201.35852250980582,116.50953238923013,372.13203946152913,23.929095711144807,1
131.14540582660538,218.07046243960022,127.08943946826528,570.2651010413763,17.718856607160102,1
127.84057364169249,204.92066516059515,106.08607582549048,593.1524644146747,26.42647645859974,1
134.8958465781416,229.68408042741223,140.3095185104696,516.5272544732909,28.57895622409391,1
121.79444676522877,174.0698612951232,92.62045073650155,217.652743994935,14.13666313823813,1
134.804193138879,170.18550103350486,83.63545314387662,262.5989302380774,14.896332988253706,1
132.14408802039443,214.090532693937,123.50278844428333,537.3015249685843,20.804617875123864,1
124.87101474085199,216.4046475729966,122.43948766722029,458.825476234441,21.332838902840102,1
116.88178170773355,214.50130009164354,128.9832801053355,478.46715912673267,20.804358600355094,1
134.25225662110944,210.95586011628964,112.5382749283389,626.965623146079,23.796587116742412,1
131.30115072207434,206.2306756950871,114.32707811092565,483.10585313289795,22.88402944483057,1
136.20129841828035,206.7405058098172,122.45303519635165,440.5821529657686,20.605906895379807,1
135.45342185844373,193.64065590966715,94.37437255787907,563.3772999727854,28.78557422995488,1
131.00456355485056,227.79958757433252,133.55001324623754,566.3219423034493,13.761085291724555,1
130.42527144393674,186.80833625964544,93.93891110170803,295.0557109429389,17.70996639224603,1
133.22311318092318,190.05114295817592,102.02341185645902,454.91523939714864,17.26130635353368,1
131.29378210926384,214.33502023073493,114.0311322340831,574.1381144066443,24.78519863809317,1
128.16577330680232,186.0627943052875,93.04780331757865,238.78896300067552,15.695498427923873,1
107.96516538785077,219.71841092384005,138.0048574884439,381.96139300277207,18.783477831977375,1
136.4191025054647,229.73684243038144,139.9102822202185,516.1777783997654,29.50293211993695,1
125.5136078410894,209.75353610665965,121.39279162078995,443.27856240735554,25.66383836450808,1
131.17289131748694,229.5551260127315,141.28528287177852,517.3814010175888,26.320687695185477,1
122.49897446919283,198.97567761199517,130.77203058141117,323.0765166306093,21.973811960969975,1
132.7899219534619,190.93553950514215,97.46891606615452,366.8483169859208,20.545734797223282,1
132.83318116493328,189.90240415057266,96.46877290052693,367.438032044953,20.990298083595356,1
129.9773657051137,212.7486384885583,122.90827558569488,534.9447074962748,16.420942592740055,1
122.89588551244312,206.8340403552338,131.797546881133,389.007627791607,20.3108915150005,1
118.3150692972037,205.29822615652137,127.71952958332291,409.09985454663837,15.533865152950478,1
122.28215486645293,229.35463499319158,141.18295461096062,472.8560524827682,24.351650207989533,1
133.54288099980874,200.5352960439931,112.77467019859274,481.3802428577484,22.6026749113503,1
116.3859486314044,218.07587081850036,129.2499899662326,480.17116198767314,15.613907432554955,1
125.89275349359579,186.4847189023858,103.0183561443921,322.58155333439817,23.51822953676679,1
121.34917315141941,205.36924793233754,131.6444304448399,410.267105257154,16.005486447351544,1
114.04446955144917,223.7479839812904,149.82288891379875,530.7035020369374,32.79369834182728,1
131.10796081814595,200.67790298000543,107.14764070767734,455.86703225053117,17.114036962227214,1
140.57049254735816,197.67261586288362,116.2954790868095,388.8062398778692,20.955832193996372,1
126.27693846421815,219.24888211904798,123.39008640432006,604.3934350777604,28.223649535780282,1
127.79379642472263,198.1178068033428,111.3930262566055,408.7291426704376,21.289722603741033,1
132.52227514665557,191.44065547514631,93.19350681270267,341.6797877838442,19.59456479483989,1
140.89311268730773,197.70920895856418,119.49549126745221,362.25108323215045,15.74938090046999,1
137.7998558961231,202.27380430275673,117.53989483748134,446.63902440597906,20.495879617440302,1
134.36911478806874,210.95454172199643,112.58973070070816,627.263861824995,23.82161200249039,1
133.7596945817728,210.80634438719994,129.01210860944258,488.63273959936026,22.07562831884614,1
135.2927851496787,209.7677192597052,116.4115697806412,460.9784916080855,24.636038485773348,1
126.92122307401162,204.18607395460864,105.97547508149498,589.1212309974186,23.430166025912495,1
131.90345475282152,213.56157261577218,126.33883584907507,503.6430196343427,26.552029989884,1
133.92023758434541,212.07387002328957,117.34725296448624,591.8952021575448,26.407301871336504,1
132.24854056426815,197.57249183072264,112.0034580981598,356.0499784601098,16.362994424131855,1
128.23051719861303,181.83598898653577,94.26035062225196,240.33932953715046,12.943444282214852,1
121.78073720048933,195.9754916098559,127.324057449785,322.2559626087636,27.886361736658163,1
137.0911407312311,189.2274678500144,93.23116470536837,338.75870656257433,16.21726355440736,1
140.41299085444223,199.79128349047113,126.49800870206046,365.9533308259076,16.32206269507586,1
118.73745121062265,218.21473998887734,134.49948358189965,442.85055206618586,18.34791325530484,1
116.74024892950409,217.00345441935204,124.26534666551436,480.7971103456218,22.065852151918534,1
132.53338520770154,215.18552838613527,115.87961013744922,602.1563484292323,26.976980014475277,1
124.2862221841686,199.31823403862728,119.88903989373637,393.31198408766153,18.083160094486328,1
120.17377461881685,227.95693591857352,135.280924369779,477.589833787836,22.696889771862164,1
129.27547519269538,210.38570258155298,118.51072843274531,466.392138549262,19.09628414346896,1
116.21644975916443,206.5412657431479,114.17823600825736,314.858451050297,20.136755360196695,1
125.09624201897128,202.1146030337622,114.91794119765157,353.3684461363669,16.812087503101807,1
117.59844543442215,208.7697890441165,120.632039221343,549.1690120642293,21.88512955666732,1
125.11699348543975,221.2552006990625,136.27425564895012,502.53606312004786,22.939502241548944,1
116.17910728449397,224.4439544668395,141.3169638836418,578.6621814897153,30.25758888403287,1
125.2145126903562,205.26103389924674,120.17980395899409,436.25750625961217,20.366932944358705,1
135.7970710690357,191.64757846986402,112.73591547756368,331.9865834943861,13.714863513656336,1
136.19644614163047,201.42680911957194,111.69676206727117,444.6551076349067,16.70045044192754,1
125.18984178309485,183.78658702146828,91.10125072783161,295.6999354316571,14.621303649102302,1
117.10733742756351,234.28808863421023,151.86026675195293,530.2534783067346,21.4109712619752,1
134.61002490979772,188.38529554629125,100.4785500308547,328.59574983946504,17.140078342242123,1
118.70453324459679,225.56258207929977,136.61441582175087,603.7729612262258,28.56128908046273,1
125.70343388577,213.59613356397185,126.47305205078781,531.3657534135373,21.577592074157618,1
126.66934298821286,188.11023189594778,93.14668657966841,297.6483609502823,16.851002046900923,1
129.8613518739596,204.78211109396506,121.74700749494819,416.79191440381953,25.557025782029854,1
129.39292906417464,210.09688238598278,116.15716369148507,530.6675413898259,16.76257915852397,1
117.0443098587295,234.0306883347699,151.562637003316,530.3034972463427,21.51557161459126,1
130.87433131178128,193.66260361945774,112.36116427090226,389.4179455343296,21.416780983066847,1
122.3397919828727,215.58627720742393,121.09859276648766,477.0586671206508,20.89682539359511,1
123.88615356823706,241.00778667557003,155.7612569405946,601.1337571107556,20.938572265762485,1
117.5505742873007,191.95382623962726,102.94691697739484,328.53352235223986,24.958761967925888,1
125.45854266472305,225.89026578444074,124.25316309383506,565.1458048966757,20.34794099538379,1
122.35499440848078,203.99168650343194,126.11103409531864,437.0110503756765,25.95696940313604,1
135.15675230264145,209.66616425798526,123.47457837719564,423.32938000822253,19.380290774549255,1
135.43980017660041,194.63975640270624,110.42253702177888,488.45380373996403,14.700132883237801,1
130.07144523738458,209.1668217530837,113.9779648432835,530.5549714564955,19.852181012019077,1
126.69284881348908,210.8572555160831,116.16750715818854,654.0498355116482,21.043049414606617,1
121.3249853458397,226.78177155630954,138.43766478864657,471.7499266609187,23.807798735882937,1
130.983347071139,199.34286706231578,108.73715210168413,360.8514944452215,17.657958675509104,1
126.52972889508598,201.58411862640986,119.75036212786794,386.0922105098262,19.55218224101011,1
118.7318535945926,225.51757429632895,136.44312603987345,603.3801290699682,28.52209753247672,1
122.51291703054845,204.6377839806122,114.03681693758357,460.79235730994367,18.916067082463556,1
131.40897655017068,222.0382121895355,149.98502919542332,445.9307396695032,15.090759312831741,1
120.16059804434283,196.866495822355,94.94691860135799,503.8148641288956,22.199423053309268,1
118.68796758382844,215.55150887563246,129.683830777651,455.3725124618552,15.966939890959036,1
123.22920740689274,197.08258669827757,117.46254052745147,338.8261679095726,15.137214548714494,1
128.7776374430835,199.10686459672735,101.86829118592722,566.3949532453815,36.00938934115455,1
117.87190867182208,221.44669232996722,148.7195429495789,496.5926987046992,17.509970256291883,1
134.90099742874028,202.8154556163678,114.52080807320549,391.32393404590465,13.988883380498503,1
128.4114693390301,201.2254999269593,108.29211253127563,457.36228104238535,17.662259876885443,1
121.51774834867403,178.682979559174,88.99242564573478,295.1569974548173,12.44411962036472,1
136.65604231166083,201.0545053972159,113.53404029305477,534.5689238335077,21.37210894748685,1
114.03787396011336,213.30845032446516,129.25378337682452,481.13512252220374,28.8179790371564,1
127.94817320981325,198.6704613005333,114.97134809686874,405.9736103645922,21.34904811658594,1
131.9856802940175,222.79121833208748,148.60164743528122,444.310841882842,15.499382247042764,1
139.87209195773426,223.3169840442084,133.57410252817417,624.7566173136105,20.75604186669745,1
131.7376626291149,185.30066558983253,94.37334196668687,293.97447674110504,18.24873131047349,1
128.5692555826635,200.88645959687335,119.32560561494789,436.5553966659343,24.020628825621287,1
130.73226951997128,186.45565788131313,94.04053433815213,294.8027857302016,17.835995731058052,1
132.37687083428256,186.64807849818754,97.16800061159515,308.4397279376062,14.818298538019322,1
124.27190055823807,215.61037372879701,123.59264632609879,560.9016298983659,19.53081084447658,1
115.5521497647777,207.88940646403634,133.02032353379792,437.4094042168394,27.20876904894241,1
143.10689010857845,210.1881350087559,125.89503334734715,415.00917207182994,17.1382194517953,1
135.19552515044347,203.16817026403342,113.49326708956744,483.99850863217534,23.39825307255325,1
138.2466707413782,196.3373268633845,116.00445219963403,357.3884069931242,15.418777681027999,1
126.17873528805819,233.32918957024432,130.8110228868832,660.3878471121081,21.55027170190123,1
126.46645127080853,204.8923600408562,119.60239711813134,431.2934757781008,19.968999986577867,1
138.56077299099678,211.5310214996851,126.64995795465911,488.1987810346184,23.135964173478822,1
125.29451286443643,193.6844304914035,112.86550429697482,339.71781191908633,15.287979045600895,1
129.33266950050776,198.61881554313877,120.63397589221597,419.2369416718293,20.499059977364112,1
128.51466943038977,224.7870214967251,118.88048888154557,559.9885032126956,22.31951382496579,1
133.98436409519306,190.10101190664324,101.96908758847152,267.8947942819513,13.557573882572843,1
119.77922600442079,200.72861795829243,119.44225272858733,312.9616506189218,21.597519936157223,1
140.17359744038959,199.90401626487505,126.32580364010626,366.31936723808025,16.549403932055554,1
125.34503629734371,201.99992976452089,124.39191658080712,390.07137113738753,19.082689722635866,1
126.05751653813924,223.9926981419623,120.75806533077211,564.8189751741666,21.768828123216498,1
124.10228707479351,207.94950627196306,108.10814422021554,501.90659586695585,25.20759136053789,1
138.34261480444894,226.30133855372011,133.01456984268575,514.86304932168,25.985368020793086,1
118.51503571838832,225.102311079409,135.76262683068597,588.7789286282637,28.44947087127931,1
130.74062910316024,213.61880561260904,123.37989552083833,453.8933900786251,15.225095947846079,1
123.17289548930587,217.37706700731667,147.81762793236823,452.47972476862736,12.789273745519745,1
123.67752069122398,208.06258543229836,120.75798505091306,437.2577356964895,19.49999710091538,1
125.83513782590569,210.85345711882655,116.29969133859346,655.2592448150654,20.776223422943985,1
128.88337172484503,232.93413778132992,132.2553057604088,559.8240147503952,16.93356596459288,1
137.36696784443853,204.2709832401198,104.38030162352443,514.5332221422277,23.57624039715902,1
122.78371633957693,199.8565868971788,116.81900775488404,352.8095646382383,16.05450223320575,1
115.18146250581863,202.10419484586416,110.93690463568029,310.4350908655628,21.675096120000372,1
138.09047160266852,200.42652962471294,106.93954464107183,425.8666962501941,19.021682189953243,1
125.73972841021062,200.98905285886144,120.09827834383647,418.56698058622453,19.681180940162093,1
127.37086480573156,189.6953890822003,98.56649267036185,307.10757831497284,17.277071679013922,1
134.94134051136427,186.0233545898597,92.89100229967734,373.8695593472115,19.00226555405218,1
117.74271516114591,216.38774910849398,126.35099754389898,478.5854402111263,18.483477184147375,1
135.13686984189715,220.7848879486342,117.3699746642549,670.9418742580318,17.365359656187586,1
121.94512001989052,227.84920838848663,143.01086800141323,469.9511596924716,23.024474330041826,1
121.40006373258817,225.4654111958286,124.95495730842107,542.8514947642454,26.480823816832356,1
126.09771475779421,219.18977343596393,123.76605488649982,604.1439753629658,28.323548135687922,1
127.17342243760915,187.72748857510337,92.86794699131211,241.74303438397106,14.149992881512409,1
122.26557839441882,210.21275929976838,121.82022079076138,460.632702790237,18.61733704526282,1
119.05642095907336,229.0975387379822,132.2170235763912,483.2579894500909,21.618652601678285,1
125.64489629459494,180.20891721220943,88.74579765734937,244.02442291764478,11.374760193909022,1
130.52103241672842,192.80344255667478,111.92658435011907,325.8339489931991,18.864822982372377,1
130.14725510422429,199.3177281429551,109.39784001925763,360.39308892340057,17.54861957813204,1
133.50635424021925,195.65876795248116,113.77888354316674,392.7252752440028,22.30638687708311,1
127.5834954829582,186.89709896724173,97.91500983706003,265.0135920982954,12.559305735538883,1
132.84560459713626,233.55602446611368,146.75803560515095,573.4156304677692,16.13123668534442,1
131.24880072263073,203.57646620170084,110.6565480227229,453.0288739542115,22.52708178170903,1
128.79717817218216,188.66217752400655,93.16080551173825,297.4746020560563,16.792491248769025,1
127.62594159282058,178.51262976025035,94.0610591437724,226.79195920895765,15.938141233656868,1
128.4686435635765,199.36276309691422,103.8892612135351,434.0858091126989,19.71124049003342,1
126.53160220049385,203.1896796513408,120.49536672245107,415.93749263093304,26.131052788979925,1
124.06220610119593,202.13843041108714,116.57416022828113,350.82431164404096,16.3416378680565,1
123.24783793308548,222.1198879391178,124.80216702411869,657.9564724063038,24.54502198920949,1
124.68885344912637,222.09214076690617,121.94003303978971,567.7493037034513,22.138655339163755,1
121.96424173706296,173.58283975898365,90.53005748054876,218.2787266335115,13.271456060425496,1
131.24957553051232,199.299855170768,116.13844216333652,322.96305651910245,18.305303774917064,1
127.92809132376749,224.73255775330827,136.4922253158952,506.7972566509394,18.679554632300764,1
132.3806132205481,212.04497876193224,131.01566021397824,468.84052576176134,17.647115514491347,1
132.64486497409962,209.87262380015716,114.31079164229017,503.2975865675686,26.353474275256886,1
125.09381206182371,202.39727169548996,115.12989671965973,354.15210133621383,16.882749872734436,1
130.2470893708234,186.4806023838618,101.77613752499045,317.4353348012977,19.024750723436387,1
128.04138925261987,184.965278124833,94.35484326097102,244.59594012662723,11.453675535917933,1
130.52064084737125,225.30548756119367,136.4873897655359,512.2776424288298,25.790172703324917,1
139.12698840189657,200.47420607203438,111.47921770875928,483.81445770492587,24.383863860981457,1
120.72572640382509,209.42248133063697,117.87422045585544,529.7110016227354,26.951041380867874,1
120.24645906337075,216.96652674132017,133.996623643405,501.25348537529754,24.505367921900298,1
122.10282456065454,200.18894650654036,105.86632090366027,327.2621566262183,15.495451837749162,1
131.45465955595628,213.80753037892663,124.79917253331493,537.6936898384298,19.890045240957413,1
124.40180037587209,222.91697213227246,122.32765777602336,567.8601234693597,21.10075418779222,1
150.09732250857826,224.01747872774396,136.62773582418785,529.6595153288591,14.091024044355823,1
134.97461360570136,221.08769817638972,125.00234373674898,513.741682423154,17.943555307512174,1
128.6618127341671,201.57090007094195,105.43881373714154,566.6125087329463,36.7818815139572,1
118.6190923336952,202.4026585033397,117.44106232488055,313.21368801566877,21.355976410620446,1
129.63726076506558,190.03387057239576,111.06797374941033,327.10138347640793,18.95943972002358,1
122.16223191506454,215.9277932084703,118.8674888258296,480.8340581337863,23.649347077717405,1
125.86667345609857,223.87487167142845,120.91446663600713,565.1407318659909,21.712839921578528,1
113.62744872492196,213.96562627130555,124.22663966200012,462.50006287723204,21.163957134866155,1
122.1628026717153,179.12012849334621,83.26022886391407,374.11583003308664,20.137095079532713,1
128.5855833031786,228.59840665145893,122.72064456207495,559.6394754312671,20.838350014685517,1
138.6811074537889,215.30498153608116,115.42016497530473,574.3700422710469,16.271961293943704,1
120.10109287631393,214.56699410650214,131.30756901817045,452.5510953693525,12.742201384587053,1
124.88710198871496,201.59062790244738,128.44467335178066,322.4531531008267,16.445942636690933,1
129.56517608810069,205.2453546923913,109.21895295997058,592.251003595011,25.53648912175042,1
114.79682458998573,181.89642555202113,100.33429615925645,271.782596421783,13.902034153345564,1
124.98474474547551,214.53238818679458,115.78296057970967,478.22256094370704,24.673916342145855,1
128.20082015014057,204.36167338953476,112.2049680321323,417.9560154701358,22.700014956231392,1
150.14593164508477,224.58800046342964,141.88518005257424,535.9542717935735,13.984561259641247,1
127.99956020274959,213.6260801358779,126.0363314579994,534.1353104883901,20.667825260149954,1
123.03411816281066,226.26266801043002,126.45306844874953,543.1937853636144,26.248387719052452,1
131.66556486269394,223.60243806000256,129.36936929286153,572.9534026931505,17.115395137070102,1
129.99032489908018,208.97356609355617,142.1538575186595,410.3576459435615,15.505315126197162,1
128.8337248864691,206.21371496059697,110.54604068976822,448.1191967536412,23.56653750490273,1
126.71735199898988,197.0444785619369,113.47982038594606,343.6642969164135,17.12355737951672,1
120.44607476085916,222.63424878328433,123.17651286021481,539.9269360245387,28.298601053519846,1
125.63445202927917,202.28865755738772,125.53581569543321,390.2261797453452,19.404976570903713,1
125.62236838766506,207.65684677880853,116.65449698929005,496.25588929039054,20.681984671914073,1
128.63664985582025,208.21688550654295,108.77020628037178,580.916896674274,24.38148481427255,1
136.56328367172262,199.7871879391601,114.58797471538062,480.37077943089065,23.29297898518093,1
118.12548941801278,226.79366412468988,129.61772890110942,484.3101895739732,21.37998939168193,1
132.6176293737556,232.54829868908325,141.94339883038876,557.0599069937299,16.6587306314945,1
135.91655136827907,200.69315262164687,108.74753734876882,448.3412931802359,16.395738524694842,1
114.6640699846654,222.60611274253773,134.2497617003091,567.2412846442973,35.41505507576915,1
125.75447731790933,193.01363061596967,112.22879045584668,339.10061975840347,15.526043039000587,1
128.16515981981792,201.27551986648845,108.39665367550163,457.49886371430426,17.71233699508752,1
133.61746728689502,205.83905156129885,108.00492846066382,528.4703410378212,27.586261835451886,1
138.3458943478813,212.32807377761608,113.60249499159835,535.509871499389,28.13176582709731,1
132.73648603694033,222.39644387507212,119.1770172030686,669.3044578460498,17.976566739001388,1
124.41719958938809,198.46023253495122,120.21330887889162,395.6976798456429,18.33822207506306,1
135.81197665348415,191.97230264837503,114.04523246937609,332.22962749191703,13.210453839070782,1
131.67870414708912,222.39039741368643,149.33801373598658,445.17310432915474,15.28187456614242,1
119.33935893115158,217.0768907412161,131.97229371079294,504.5867710019204,21.591886851810028,1
116.81720232519831,233.09935075225053,150.68062260131052,532.6454741276088,21.524028498954593,1
116.9489529,214.5625,127.75,390.2083333,23.07050636,1
122.4705519086972,220.06659886865418,125.33133656451535,544.0127620212744,23.701804303001513,1
129.83952243782875,203.7930094102549,111.20127530232475,418.3358343342529,22.911817385227003,1
120.34809104518625,227.77899243071505,135.75891827295945,476.70555455311586,22.865103701844063,1
115.91072908259999,179.20416264964084,93.9848753488069,267.075892309406,17.724482184062428,1
118.98858869159906,215.5960138353308,129.29273431011643,455.5566243795386,16.235574881926425,1
127.44033851435135,181.34923106273433,90.73201515165385,333.6875973809834,14.8800721776356,1
140.74647250774183,184.28957089578552,90.64101899071053,241.2602055444544,11.572257326781038,1
125.8040856483643,178.73740927109816,84.73164696884126,361.9173096574057,12.389384780075744,1
137.03533733859945,217.24965700437727,116.38884298233548,623.7355781321323,24.697683359767545,1
134.3576199581008,194.82762899430068,114.27447546317825,350.6390971342502,15.021143348232659,1
128.16371193089648,179.22893566216737,87.3375710160729,257.20523391086834,14.96635519308389,1
130.77061082355533,221.05823524456437,125.66979611746935,567.3809569549655,15.756573692359499,1
134.03044034317418,194.02483748547334,112.69187124324056,350.32009819432614,17.418189432959636,1
124.81509428698777,198.43481832245422,121.61274452857494,399.3668953684311,19.248020135430025,1
122.2402554404851,219.65822472703468,133.28134046479897,505.4567459051923,20.56408413904051,1
122.46333170013355,218.15900694386175,136.37023013923442,498.85271838147827,26.470527132192128,1
122.86685549892411,207.872273944984,116.88104682447421,532.8530821179423,26.96994478484151,1
131.61297700612448,188.03458814953262,96.29974970089079,261.9659404012024,12.463620777220875,1
141.40148900867572,224.91265185082668,121.56541350573954,694.1565294840362,24.007439634229378,1
129.65361441622377,198.88718902291828,108.63292795950538,360.49876980243886,17.289241126068987,1
129.1797438329419,210.38910119949617,116.8418533550463,530.7029101079412,15.791846976211417,1
132.95318413708773,185.76381499397397,94.82174020932314,308.474736298678,14.049137641083489,1
116.3778163196886,221.52882262646884,145.73052296665878,498.09205536112495,15.340628195543982,1
128.29593202560673,201.2428726655695,119.39520037595389,436.53112641093037,23.72294844094551,1
118.08742512387875,238.2874092760818,156.65140094499355,531.3253986029262,19.46915208401559,1
121.49129975434084,223.44395257351098,141.8904269768074,462.49989449149615,20.030381514782103,1
134.74178568607243,199.04454772805968,116.54199011977435,478.5902465816443,21.80597712718482,1
129.01058844166644,187.53995481011918,93.759396317809,307.1969564372858,15.745111241208816,1
116.8713959473695,206.31925756433318,116.25711400420222,315.92488073059974,19.499112692720203,1
128.85141740319983,187.68420138604498,93.89036888778027,307.1898505161594,15.776470629843931,1
133.4449830919099,213.60506037255547,117.70761818462928,589.4662827328546,25.14864250098482,1
125.0290368952228,217.09774214112224,134.0356795266983,499.86253512780655,26.653918443301563,1
122.37287469562709,201.41234701223922,128.3950838229414,327.95934409901224,15.54303853186764,1
131.263582780795,213.82727252668997,113.31227236386626,572.9308077860651,25.00636972977652,1
118.44259773770355,207.36490261716432,125.87297024867911,386.7938948595871,18.05510168921824,1
125.65170799867687,209.5443486203152,120.67872483843922,443.42574434023027,25.652968771780376,1
135.06320673630157,208.26747190823232,126.63712877548646,494.77506935086774,14.587254761148982,1
128.25427199996292,207.20717034100267,108.97361139644597,588.0031121879896,23.220835989661296,1
116.81899011056188,214.47416055016393,128.9989007944811,478.5136840552981,20.968528610212964,1
134.54429653414977,199.44629703960817,116.33250763390478,478.3098936270719,22.510329016336467,1
128.0021615919139,224.78539976548424,135.8814347874152,507.1847336946991,18.52261083790488,1
133.82880110932405,212.368463026306,117.4165853452941,591.4278907826086,26.165142401180226,1
136.66861103125996,218.9564021065723,116.93398538104779,620.0182540849144,24.701277974253102,1
117.63295093352956,174.58840830476288,83.27305631815085,171.96141399021013,17.309152779292482,1
125.27139862544776,209.68858485910624,119.82786664541285,464.4853948437225,19.133190454692503,1
139.93086642025403,200.88179553678233,111.31308481908034,534.2314755757899,16.926728100251076,1
116.11399490948718,221.45431195137405,145.95277441724141,497.8861668543463,15.269030018910952,1
141.27106346021884,198.56110872156913,123.84469764309002,363.32020305666344,15.455232068718697,1
128.93095621119693,201.39868983868865,119.45007497183225,436.61238990115874,22.384854071163357,1
137.66538148328726,212.52265666718174,125.38751104819157,421.639301564533,18.600060928668057,1
107.05717629380496,223.18093065453337,140.32459674582987,381.4732302918411,18.96044182509231,1
120.26166854587073,237.99283485989054,146.06003986701157,541.9162665281513,21.709352107264873,1
135.00443574441303,196.5985615706767,103.99997831959618,451.1777251500886,18.005652003203483,1
117.06637188036382,195.77839879084632,101.14179251276795,361.7859302913323,21.733217387333347,1
125.71017796520849,179.4859916484629,94.4268549463806,227.04389123647582,19.712049561792778,1
135.199451896624,218.14562641304556,126.01290549965223,456.29336287247634,27.72591907859735,1
114.45819820104747,222.15532705029847,133.20523948202603,565.6503257941937,35.9467224295828,1
129.85636026072098,205.87330261184422,115.63061527313312,483.69592965298943,21.97758057379847,1
118.91997042920097,227.81060442510048,145.30229327696335,522.0781105778243,22.681061290321896,1
131.52249018079755,187.74679736205238,96.94053685809426,267.4688367940469,15.523692435993429,1
115.86655541664581,216.23310844093268,135.08326367729117,448.24646168011617,14.76611891218769,1
134.6031805879974,208.38966084519274,114.41932399994141,534.0563376320084,23.9843453387011,1
100.81843038383464,167.73106468860556,84.032973243062,193.0468252159472,10.879861161430323,1
130.82753205235133,211.30235319644194,115.49006627496722,499.0052323521736,27.565091370823346,1
137.53277841881143,194.6081054480158,94.24200026842504,561.275874449218,25.498016706341623,1
128.53600058875796,214.25828868489168,120.97602074955181,460.13481477348694,21.215766509115458,1
144.61046371779605,206.64552957588526,110.5821183252985,536.2922344156751,18.49799736606237,1
115.60626921468747,205.23481903486862,124.21543997782932,408.05775151625966,15.112809097332942,1
130.31616631274028,209.00764837234215,109.44357985760143,596.4997101447522,29.584755732914317,1
129.46564496343754,206.83205943459032,116.58638740014494,483.60280120719926,21.96116340884214,1
127.00060899038445,194.57520148262097,101.62061762330198,362.36107133022637,16.241743864583096,1
125.6716943577792,221.40671566380738,122.78396126519576,567.586448312631,20.256915761823013,1
116.54681964136066,219.05237412436196,140.21205915434942,500.2207702915779,17.986648524987025,1
135.88895062824318,186.62019895443478,92.98293008894075,243.92034114475942,12.302753460858948,1
139.1749375550655,215.1249080941026,115.05937857501972,573.2729052473792,15.79728592279678,1
136.56004343634456,215.39171481559433,122.39832859642907,458.76415609804826,28.912742831841342,1
132.9367517096682,203.18761649433287,115.58626944675859,390.76540561199806,13.804052784201877,1
129.50226972827397,182.23052958147983,90.59899634051258,259.22366370282106,13.990276860982801,1
119.92811682081255,203.85638674302743,120.06750234520017,419.0585504898359,21.1607062823695,1
122.18941770146566,213.90386832612825,115.65045230605797,430.58908931506573,18.747716358829102,1
136.35476733757983,216.50790976451205,122.96604369922667,513.8904088371761,15.221948538375232,1
127.6880482187455,195.7977079459494,111.55159203398193,344.2881545092566,17.30084077064144,1
118.98723626083148,218.57653603941793,134.72034213576111,445.7217734344863,18.215902274266472,1
124.85940493897266,223.25298434397726,121.73995168433109,566.8389615444459,21.417334565883177,1
138.17845382674244,202.1521694204095,118.0696151428524,446.26001041733116,20.2776325415489,1
121.8966128499496,200.38819371855152,120.92786739049413,426.31220195048724,22.115042856533584,1
141.4678352664589,172.2560860594802,80.93539126080806,395.7427368381675,11.617148866019187,1
137.14890584992412,208.0911377291883,117.12095404238576,513.3275102035578,15.758822252351624,1
132.92445270100214,232.4997133665685,141.39894094876632,555.6635321155312,17.62835114665124,1
119.03992412446935,225.01005621729513,134.5116231904016,598.9504636173109,28.080164652532034,1
134.02644146157857,199.53424905456438,114.12948639851967,392.0292325593365,17.816102630059493,1
138.69020029618653,201.6849213518037,105.71415858932362,426.77468899595596,19.240712285714427,1
116.9489529,214.5625,127.75,390.2083333,23.07050636,1
129.59640622399942,181.33639828240769,94.96837477637342,231.52747011412407,18.917336644361743,1
136.02822493154463,190.62536461958516,105.7191304572966,331.9093080689481,14.48766543399768,1
131.62896283772068,188.12781575015472,95.26661867065917,245.1575257634536,13.665172415300098,1
140.11870026600405,199.57161852084252,127.02761805613525,365.70606008645905,16.489340277626617,1
135.88409435506236,192.1368604944045,91.26692561785131,338.79345332307975,17.454398416803585,1
126.69637463627194,210.30555684844109,115.33352809690938,516.5924973716337,21.845286294691732,1
125.45660777392226,189.73146751147206,100.08668216698327,347.5658503970936,24.319919880206445,1
133.71103232418582,207.6355695518366,127.03129191564142,495.87626874962064,13.07254959001923,1
133.35099215705793,190.72586532867905,102.30459818760244,455.7226517824457,16.680941649977033,1
122.27171354719917,220.44834431326072,125.19796253658114,543.8953459993766,23.942477306918526,1
136.64653214160978,214.79518264260483,114.58814335111117,573.2037742574852,18.710179176729213,1
122.60582549095163,192.6301352648359,109.14018329539181,336.0146159086332,18.782285129164077,1
136.78745707795568,201.4896415183786,113.62457296509314,534.7424138426094,21.77648786732734,1
123.98313747171589,220.80858400437288,124.31250568273364,540.8890131321253,24.08653627506057,1
133.65653980719978,200.425318025057,107.79096397964058,451.0658409047119,21.434898116846508,1
128.48851777189836,188.59430542990833,93.70450906895437,301.0956336844896,16.47707828653106,1
131.6643081183691,178.0736315518148,84.58007448564203,341.7911618260958,20.56800757009089,1
121.90083129631792,197.31749402121508,125.16374683089904,330.6513733401578,22.37723754377737,1
120.41278283715444,229.99619357269611,136.01389662346966,480.21179622839907,22.68324684936137,1
132.1069565681457,184.42994882181722,95.55667479663427,286.01762258433706,20.531088164022243,1
124.71110919198159,194.64433538267483,114.16406660381038,339.4659419655293,15.245391368878275,1
129.66564978594405,209.7230566510801,115.28126315112057,530.6222953740646,18.00440430689025,1
126.58539366875112,178.90640847196616,85.38994815276574,360.0249924487806,11.215538281812266,1
113.66338857920493,220.7822483454991,127.56696892812107,486.69254052554544,19.746649890651206,1
115.87468998015798,216.29051798174083,135.9893268189293,453.3658289516559,13.046654331410206,1
126.32597832382594,182.82674442972376,86.64654507849333,243.2099674660783,13.957483678431178,1
126.34938278306038,207.52543037769678,116.77135901393859,493.1260028788893,21.09320417513707,1
137.05517772700063,208.6918611080922,118.26701495651292,513.4041982956602,14.746786312352766,1
122.86007817164952,184.43885080159836,92.42663248524596,234.5734560973802,13.621627314003064,1
134.93328360130266,209.68559518178853,119.54747892817544,463.008041385358,22.634639691931124,1
125.55081159297222,178.43324831196185,87.35721543027655,258.6619660677832,16.733178244516033,1
132.83606991756503,207.01949662051038,112.41155366557076,514.5126369191574,21.91573170909844,1
127.2293632021685,180.77538753527492,85.24323448368226,249.9855035124188,14.454871044562198,1
132.90410909193056,197.9823018761013,113.97776442749569,324.3069462468628,17.878333886121485,1
129.24752002942046,223.23115196643556,120.13258237633121,561.9032960072414,21.07762302994744,1
127.0099848856129,200.400394939907,102.90222007180954,576.5731380985926,31.314922271042747,1
125.31029191746595,181.83252299118536,94.12517417726255,231.34348506836952,14.581445736929105,1
126.38382578983348,199.6402319799114,113.41832237136612,349.88507958306724,17.19092236698479,1
131.97294934984976,193.81155797680896,110.60389242109889,348.49499134317216,20.09654747971133,1
113.87626622473746,181.46827480037956,100.0959225222599,271.87516009323036,13.93699535781926,1
131.95966286164725,186.2694846069421,94.69325694648236,308.18835900404787,14.446800173772122,1
130.40383288505745,207.334610722612,117.45977318860764,531.438588394123,13.752324214814877,1
121.75673726696085,198.52529072825615,123.12357994785275,334.3716612192907,18.715745133107156,1
126.86267314779394,203.18805123530257,107.3946770877993,435.4356605162388,19.56957698739375,1
127.40528440778533,202.1987503155108,122.63439051646549,403.2205479138398,22.220749231647464,1
130.96354402251097,220.90502336896816,116.07605228328146,610.8331488666141,25.582680901328978,1
123.03181699969763,234.78923005356623,141.3680059571575,672.5135229688444,20.959703576940363,1
130.52013284499552,180.7354769381474,93.57410342101508,285.13736813548195,16.84286949377999,1
145.19680726922383,204.85117917300423,119.69251329988153,433.53947371606023,11.619717131408422,1
111.18136195057849,212.8709660041779,128.13693224864795,474.8324041527098,26.252491173813148,1
119.5604908775227,215.92232137041225,125.15091596350887,480.5454434159765,17.989703861460473,1
139.19188616714524,207.29729052727131,113.43810772121593,531.7957471376056,24.98081747928002,1
126.98736046363048,219.4831820878249,121.89979091743632,605.3822644736778,27.82766306445373,1
137.82770343130807,234.823161336201,126.43196540709398,672.9124862542473,27.77240235768526,1
128.61610128441794,202.56310956588783,104.8734268847448,567.9874499012907,34.535085625591336,1
126.46920799357386,202.37262651651807,119.84083546773256,371.02313740109275,23.429189961000418,1
127.04953391992623,190.3381542748722,99.8088256180618,305.62735521355114,17.87417780710057,1
137.45849629576784,204.58429452661,108.063584771593,513.3578608424092,22.207263031329344,1
122.4589342138803,229.8780107306943,142.40056952472722,472.76132013461427,24.14476136135931,1
118.42223891570377,216.6464395006657,122.59133783598487,483.2860886658726,22.287937273271947,1
126.13620417481211,195.2100031444312,113.20900268511323,339.6855243332228,17.00090555358195,1
123.96337166581309,177.33611878914047,85.19032314350103,345.64635112379256,12.996249528101922,1
131.93096330582983,205.60169078542106,114.67320757399614,489.39810804272287,18.636182351443075,1
130.6904579496031,212.9698211093425,112.65847178109878,574.5440559640883,24.898001588435406,1
128.07102493288522,223.84903949995422,124.622387712308,567.8971352522846,17.632111401750425,1
134.1859932454506,189.9621277635752,103.07659608908808,271.85094516237865,15.834541277397967,1
123.5164637537143,200.73092950863818,119.96221314747179,338.38994927533344,17.496561235787343,1
131.36774341808643,206.39568282416295,114.71295036641233,484.7283290243155,21.773081657447474,1
120.27869449279416,223.46353974932606,123.37108906417001,540.9410743789275,27.67469838498591,1
129.9054639509476,244.61702896296907,155.3065139699691,602.9318431230182,18.590485200257884,1
114.86281618794308,214.87557951956086,127.49446636899611,480.5857370966709,26.02538974702967,1
122.96064996391719,200.72452702956903,120.60178857650628,426.49010692393824,21.99302163537034,1
121.64580209752872,206.5286574182609,105.3440649629009,502.765429642261,24.031225548010436,1
123.27957169978846,196.06138298557974,109.1256963436281,335.3715986764986,15.092731367230291,1
132.71809274738575,198.0592486746116,112.84126746881026,323.62504008460206,18.59252649328401,1
134.90623582062923,192.05194513641212,91.42723236390438,339.97229119791484,18.066685192505435,1
133.08514608401296,189.5668126216977,101.88582484149558,455.32443816403025,17.133117676926094,1
111.17961892469638,202.41470453637578,117.87822640261493,410.05617211074326,19.837088261475117,1
117.40594062743422,214.6951183483858,133.2850336230112,452.52853261669327,12.31541222959861,1
116.91819817884648,233.5097504819102,151.2595744543512,533.7234940203172,21.159016156480718,1
113.91599442666654,220.15742908123957,129.98359561861855,483.11218109304605,16.680161487997673,1
138.16598421797804,214.8618086960362,112.87467623661688,534.5614247472862,28.437810320323592,1
128.6552815825581,203.273423421952,116.90124193991983,339.1134078218583,24.11211610464657,1
144.6877649229246,214.97675485854853,124.19777744058578,484.7700187416362,23.84642044810809,1
125.70445605599967,206.4619044126701,120.46000807285566,436.34752576045065,17.10521653615497,1
132.89195229812069,210.67536694444664,129.43904144177753,488.7111728520345,21.883984238597527,1
127.04674992992976,204.13289791339514,110.4573211164436,369.6266789726692,16.528152977516648,1
115.85715418060991,221.25448154621273,145.8980355366776,497.78642346395526,15.330448913066789,1
118.91106765225145,176.1272082627964,84.68217897667577,191.3373765195463,17.528917937170014,1
135.09308787322882,222.03050056261966,117.50868573526583,611.0044733429543,24.511310500157478,1
135.2941005216037,182.86376944492977,96.87036661102664,270.1702130926811,14.871013373376117,1
129.98436834349053,173.7429035574362,80.91964239141329,249.57678675108224,13.756630403836915,1
123.55542802680156,190.42115052803814,98.39727377050183,306.0088905762274,18.6334401812331,1
127.01394208471397,211.850872279426,135.40983103621463,490.3924905298492,19.223312326419084,1
138.60926945938522,215.82004903506294,112.19351472003244,534.0854099570706,27.7729754071733,1
126.73158449994317,203.38318215222898,129.8721689870362,390.81303640787974,20.626718608691245,1
128.64521245006395,213.6345008709688,125.91352914085458,534.9140876559269,20.412006151396064,1
126.40199041976032,201.89506666955052,113.79775671863597,356.05044365215764,17.00622129849109,1
121.17711780417633,200.43700977024682,118.21833176398259,313.78548856448685,21.4852953392128,1
138.2278087973859,201.7645449276594,106.32377310426176,426.8342267670326,19.348051311773077,1
123.93704947066763,178.1649787392271,89.91137305434081,210.32353380320447,18.897449519322716,1
130.56647252195384,206.79275125823867,114.93403999702349,484.42238045348466,22.69120860536552,1
120.04676997324411,179.01470883400256,93.02257502865112,225.21319662285165,12.744712441841425,1
144.92724080304453,222.25928158219253,141.76869305982132,541.7832601157121,15.027153617541266,1
131.81595852997046,195.82568145089135,114.62316770709022,393.7034316415042,21.904622116778615,1
131.69251004729486,203.28419768041607,120.09241628664248,377.4481941933814,23.992475205970067,1
115.75595613011343,186.5509379729765,91.01765901322132,367.94923680459675,21.917266979163706,1
124.07123919993104,223.70166421714427,139.24934164868304,504.0960690142254,17.42853701943969,1
135.0814187191273,194.01295882518895,101.3908763797358,451.14421822830855,19.628503711339885,1
117.25661673661902,215.47763319253434,134.33029055198958,441.7736388483235,20.794189585807622,1
120.57003781311654,177.3744325759421,87.49079515145962,260.9662162544783,20.113978841186682,1
134.1240301662707,193.21379141874465,102.92184692916678,452.24319564379795,18.098370832466145,1
135.96193835871654,189.3285391453144,100.56058702666574,330.9219633386342,16.521898598390468,1
129.31381552070422,200.3100111467713,111.10808438693772,359.0580853814738,17.530064637918667,1
106.68352446684489,222.52495116638647,140.17579232507822,381.3326927840148,18.93422919366394,1
130.38724809042202,187.43453268683282,100.95236310583769,316.04762956264915,17.420777976130076,1
124.3853531033726,215.21667066299767,117.10048360473944,476.63011487787156,24.20428411001463,1
126.60250892883323,181.79528968859094,89.65893033580357,250.74596020521244,13.789424801231403,1
121.95710584333662,228.227674619366,142.34758180743285,517.1181326851575,19.440105782991434,1
126.34382906407224,215.48167459711613,125.02824546555107,461.25722553726564,20.153840997683332,1
132.2962880476885,207.5772525042415,110.80658219985992,525.431181747716,21.158949736897338,1
135.68220537208663,189.0942694982232,101.59221674627494,330.30866032586584,17.843912528290314,1
135.59387737077316,209.2704684414542,123.61790474505958,506.6573653376852,12.370015210211639,1
148.13674930760072,225.0658489522265,136.60475781395692,531.5916611325213,15.458524809246775,1
124.20633696858708,176.53705918608713,84.61875031816814,212.5885114614357,16.21545413152564,1
127.73581112259097,207.31539812667012,132.6705380059576,404.98312128121785,21.187839773351026,1
122.28507634717974,205.3709184514294,115.1388636589419,460.9680890755123,18.97931704419716,1
128.09556795729995,188.58071767919694,95.60494449782459,307.1509957109508,16.30738165609231,1
131.9593199657592,204.0534324946343,112.39571288057937,483.39734088091905,22.789852374577038,1
135.67698814252606,199.53466632399946,108.94931056793234,446.40289572868676,17.218584182047262,1
133.88015368820922,194.77195069777468,95.17112154570411,573.6548661452047,23.748856140829812,1
121.09112019842735,214.48957191796038,120.01102004211572,658.5696175359456,23.57631435099006,1
124.33409975937595,179.15101412038192,94.34340908732806,276.7835192641952,14.697911616286472,1
126.43984756142483,202.87538309482542,117.57096154017233,370.8054828840461,21.809871488290646,1
122.03854258118078,177.92547496548457,91.81252951611856,215.64561248359541,20.62982448680519,1
117.75461474076522,236.93152510687227,154.9168495710359,529.7397963507642,20.33675189331153,1
126.39748206935917,190.08932926374263,101.27464313554492,347.8301730187847,23.940828354416755,1
128.2492517208952,203.01748720160003,118.55042768489643,416.33300216356173,26.363566032042787,1
114.4782612248044,195.56339840288558,107.69390747369832,304.52040236789094,23.890140739901366,1
124.74376574078904,173.88648436721692,78.11849097439037,230.71925404131545,9.85470836923532,1
132.38689588402198,185.6871158709139,108.90237113781069,329.94867425339567,17.0736895064897,1
119.86529737898941,179.70192019517614,91.32596519113727,227.1594879724426,11.825332162119981,1
130.40258260639732,203.87187889461995,121.15785971583082,415.7805974104221,25.73876191842578,1
118.32099140949802,175.78163561136773,85.67216444633476,194.23662810900157,17.711008326686166,1
129.27456226652566,198.0235362164645,120.5603873412284,419.8723131531921,19.026973196641244,1
129.03912858366095,210.58184635857296,117.29346910330916,530.7262390275187,15.151559902798152,1
118.78200945399193,196.92101102461604,103.55898714047402,328.3687342314108,19.026483311898765,1
118.43328075218744,226.504818041281,139.76556487287473,607.7834251699829,28.842624159483684,1
133.07172279181367,179.43533713498311,91.97883215384897,273.3333614247925,18.982528416754352,1
129.20713486628995,185.45806631149725,97.09841975639056,368.82901292813773,16.539364263585277,1
128.3170518070576,211.25588964040284,117.87033567694203,469.63779918298354,20.322944017673077,1
135.41955415802033,194.8222281256941,112.39685395012604,421.8229116347819,18.04622226950185,1
134.13338349622086,202.30001899974346,119.71839640716318,380.61981932839507,23.33459756157725,1
138.61677057978915,212.75250568569965,117.2176952550594,635.6454436530901,24.100711878037895,1
135.677337405112,193.34628140711104,93.4371400990875,570.0450682603889,23.77480367206798,1
130.95376625034126,225.7341963805122,128.97639253959906,567.3490202002588,14.512092822061593,1
128.6960174721968,232.9466479512252,131.22551774184012,559.4884217971188,17.3498089949744,1
125.28383125271972,181.15352914473044,92.1591225428105,245.3578454631928,11.150266465391564,1
134.17108729812853,185.38832041916726,95.98033877723027,308.8800103526385,13.784352416844815,1
127.43602666842493,236.69936799412756,136.5460053129994,665.2729465748757,20.901266911953044,1
134.82923076511102,195.10028565449994,103.05348585741373,450.5518901629836,18.900903147509002,1
126.25706957916091,220.79830013439428,123.01047904540232,567.4740111250106,19.850860691824487,1
112.77494544208324,213.7727375672505,124.37612840961621,462.79298168962083,21.176722940005295,1
132.86384096562463,208.7856209875719,121.1805983554697,463.6453997255524,24.122077874760866,1
120.16999216318533,226.05314124349735,143.60530370288205,600.2934076549274,25.027810564339966,1
127.63809863624516,189.28435470468463,97.47442364777665,307.1235884523829,16.919499094052263,1
145.5043378931389,206.38248480809906,109.60324379457039,534.5747380664953,16.600984603169863,1
137.22595827634768,184.61527632888675,90.42387282284987,240.10588678615372,12.339640247735034,1
131.75415971929968,195.48041043842758,102.96248853037072,363.99996989014164,17.17878223671899,1
120.07378599851351,200.886137678804,120.71505201101509,313.871505836236,21.035242001687628,1
124.14222915076819,200.26149779445893,119.53254730074349,390.6892143940145,17.80275181928183,1
134.30010380363936,210.2496346683842,116.61895686654783,595.9022658477257,27.700621712654193,1
118.61278786349888,217.19832792145743,145.65273229872543,494.84114812226517,14.919379920542141,1
131.21359284168477,186.88381505683495,88.85593035236808,337.8240321988914,16.422014845440344,1
136.5737235164078,211.92418659252255,119.91610274314354,461.64493831098366,23.386746900107028,1
126.8190442655407,196.52214894281786,112.64170140104844,346.3874592157463,17.292693429379714,1
134.5875971485649,199.39920936783724,116.48634641676284,478.1771335453693,22.5063360345465,1
137.25500829822937,197.46436370913779,96.85351915497084,564.9851810063379,24.20720271638801,1
128.34413501108068,216.38528717267803,125.81457809272482,566.7988730544457,18.654909723274358,1
124.55905929579785,191.87215221761605,105.49925158404673,440.6983184452304,15.81830836780839,1
121.02695759491273,215.49368697961324,119.83160729900551,661.0538072433134,20.306987157378856,1
130.70789419826463,212.76782832778702,114.49200886310193,585.9450923525992,22.835541186358633,1
119.27413572835417,230.0017270649034,148.7889140072884,596.7790225061855,26.5741601844039,1
120.75773431187717,180.7631681635179,93.21823701693492,231.51715700828933,11.665103318694191,1
133.0123969967313,201.11217600179563,110.88996222247265,483.0067116860024,22.651593685200698,1
127.17115551313852,212.76261800957633,127.52472849942711,544.892836013709,19.057783519052045,1
126.65788515418238,202.3387069460132,120.01778315340574,371.11158365973495,23.422549701270277,1
117.46121960877511,228.21339633452465,146.64488066341406,584.5470959136875,29.042901706896927,1
131.24828318033235,207.81138374612527,111.67389939668126,531.6967910646463,24.18350292169528,1
134.47531615629117,202.15450990020662,111.94324712814877,443.8454900997934,15.818102652965058,1
115.5791568141752,216.02151031744626,135.19128762788102,448.9005774263978,14.3062475138162,1
145.85078347872238,218.4610889383103,122.83031136890493,476.3736023479185,23.046341911643363,1
132.01943118147014,205.47697432836512,114.66696496699026,490.1316145087735,18.143453270423564,1
124.26762345226761,217.40804394844034,123.25705018282444,562.6220935926597,19.953468134625563,1
124.38991434185544,193.03053523640142,111.08183970749465,338.33303454937897,16.665181251403155,1
130.96830180555858,203.7033796911448,102.21725929952224,511.48326729581163,22.90603290831469,1
135.65815711781815,207.06568878046477,112.15411372127687,535.1442969552501,28.165554124173426,1
117.10167782215547,214.59634274045916,128.92857646659354,478.3042288705182,20.2294353797583,1
132.1718841600686,208.84670588216895,128.7033199575695,492.71221215826733,16.835775916421785,1
125.84851973615028,201.24403595793083,107.33603191629662,435.73367572011574,19.45841537495616,1
125.39152907213979,223.16838596817036,122.94663326603106,567.8701069476373,20.165129984611237,1
125.93731001955626,197.2507261780323,103.15145046927279,362.26812336712896,19.216902370249866,1
137.47522722745103,212.4552252107347,125.5431784391953,420.45237110164703,19.24869418164502,1
128.559131176734,201.71970118331575,117.1815046045742,373.1292356360042,23.940996346880024,1
136.89104365091276,201.6121229673626,113.74808346246853,445.03603054585085,17.715379368565284,1
121.01304532957704,180.34041108005152,91.91452557627196,221.80833870881224,14.735041459344963,1
132.42550496197347,196.15920743705055,113.76406837130553,419.05302784242963,19.53497001164626,1
128.34880887844488,207.53953031280304,123.64290524734709,464.3922807678822,25.75920539792821,1
124.80382924797301,201.46000916033057,122.25282669628567,389.78187923807144,18.48001372767332,1
124.21617979506574,236.5427226764319,143.19251107538412,673.6176566902818,20.66646596361805,1
107.17948994240481,170.73720388839203,84.21112322306683,193.41291851430717,13.167443167921919,1
121.61795268996619,227.06368122127333,139.26075396162057,471.23942126374004,24.028351503768572,1
136.25509407406162,210.3439754928692,121.09633050472269,513.7751272833941,12.490231263181798,1
130.93302462238722,224.8908528973167,127.10888519808813,567.7683981145251,14.818745289853403,1
137.63256576606508,204.28793676991646,114.20677502544406,535.8581021181801,24.37698816178256,1
132.79261927349464,223.84484424434152,146.66598345240115,442.0442384824436,16.071138156452612,1
132.1379262830461,222.98249479535036,131.25922130539175,576.1611371202484,18.507257964279113,1
117.96014892729288,214.66877196357785,132.878404536608,452.5331722302055,12.403173539588641,1
134.339596650464,211.53132543603158,126.58679048449451,436.17707470073105,20.835474824856114,1
126.59284335741083,183.2174227206531,93.96632943484568,243.75678682209193,10.75694172544357,1
127.84531777814325,193.05087542170008,112.94997162417543,338.1612720438592,14.744369770091183,1
131.33783584741465,195.29942281511958,118.6086669144749,419.82254425527213,18.376667667735905,1
126.19783119139699,189.81895623936975,97.87928199472792,346.2096303183292,23.647898820371637,1
132.2880000035276,201.35111379156476,125.31723773056635,373.8724216925107,23.14554004230298,1
134.6420664468959,202.51481664688225,111.0774744266242,447.76215292102717,19.63603446231063,1
126.72828850320627,202.95638583003517,107.07037962246379,435.50075133111983,19.361325769884342,1
115.37886848520805,192.68664407439348,99.35184137050472,356.2074841947793,24.081701492598835,1
125.57940710398827,236.60904358649267,140.3784958378393,670.0846511897763,20.76587661186333,1
128.0442578853023,199.48025849033272,115.53174732952174,319.43234120528695,19.763650075796154,1
132.85590644962653,203.13571060521144,115.74845209313074,480.5578865293973,22.708485628774902,1
117.87919592682813,237.428644327776,156.08260856620657,536.1959819748283,19.01274637826581,1
126.2110210944979,205.3304062952158,127.64361849831315,402.556352887944,22.805033910579873,1
126.84248087376716,194.8116416790607,111.8569047419748,342.5335963873307,16.517004645897188,1
138.3093795218948,209.8731031320168,125.74701997412737,491.9286182309354,18.475525331846743,1
122.13574894800163,216.2660374733794,111.3376477592157,427.82495412791616,19.135343016185104,1
132.36491342590355,198.288288545283,104.59991761451757,362.60128352072405,17.324917861619628,1
134.29193825096544,197.53006015983703,105.3353833032437,450.6658338345696,19.84186509985265,1
141.5418831429884,177.77139525998243,102.67236777074599,336.8785114548236,11.693254633730026,1
122.48370187004015,192.07139747961156,102.78252290851883,305.9449902146054,20.068789200624288,1
129.38047664701557,202.07681480222433,119.61390572652559,436.6842708317708,20.26625058192693,1
135.8625296377504,207.6841805610814,112.35091574030835,526.6538132151286,20.71100741759368,1
126.84256090619063,219.85679386340158,127.38967952376272,452.61131775804756,22.943857390740337,1
132.90376345598335,215.34877936217953,118.11800196079709,586.7002302122588,23.71528168689486,1
125.56013157571643,223.2112148790891,123.05207712924471,567.871807655557,20.005744302799556,1
119.74060458756486,217.55654303671867,130.25779100664045,475.6063757278188,16.062724859302214,1
123.15070383824269,213.98890241791787,122.0303515651186,459.93031999220267,20.419672208183158,1
119.61307138808199,221.8527434944556,122.66479024069518,538.2577815633559,29.629444248982487,1
136.82740395123324,213.8400668714315,121.68484287468347,460.5512356326261,25.49061413990841,1
127.49148232263508,207.72439377926574,119.37488626986344,496.3282964923767,18.82418489968594,1
135.10206363613196,219.14303192351232,124.61633182404897,511.4981910538303,19.84766768958343,1
116.9489529,214.5625,127.75,390.2083333,23.07050636,1
126.08667596662094,189.7282133303898,109.07463373718961,329.07592839827726,20.124019303201994,1
132.20235250965092,203.9026737699224,111.02055945182725,445.21545622585217,19.44529192670025,1
119.467216554666,180.71317745085787,93.14312024825522,227.73155330951673,12.300770534214843,1
121.38275519219701,215.5815118859705,123.43133340829142,476.9219476496525,18.789685224965243,1
126.29163465772913,209.87356376081792,114.22852056603394,516.6766649398057,23.03166065912643,1
129.2964670532163,207.82790356242054,114.52241963107808,483.2581027692668,22.964944986062108,1
122.50425689022609,178.88839034052378,89.23634473011106,294.6709125875109,12.688857298214426,1
132.75260723763006,210.51310775970038,140.0598628087658,412.3739844330338,15.923547891302992,1
138.3541965231801,205.1874112210007,107.01881387751713,518.1120734137761,22.669037246517252,1
127.47745051029496,200.09084854650484,102.82977305332751,571.897952632443,33.953700362429515,1
121.38317637698434,218.35422383718415,112.01953207257077,426.6048666721282,19.08355763967343,1
118.94704214763128,177.31638668039335,87.59456451542047,261.4208996374018,21.223665963459393,1
122.71407151445337,212.45294694279502,125.6791212921479,557.4435008102006,21.22092996808859,1
120.29044374992954,223.4053276738364,123.35743078844177,540.8698869418758,27.71849322989088,1
139.47244498758397,196.46788357786758,115.81547524520279,359.6428194918737,16.78592475498338,1
133.89283839045436,181.8435894879609,87.63418112641484,500.39695422212867,25.85218781939711,1
128.90398268584815,187.82472519418124,94.29809302912136,307.3075752265566,15.669853517301151,1
133.67304809462493,188.67345545142456,99.60266739772503,455.5900144959842,18.418840014136055,1
123.56781078954927,211.5265552682948,125.03768724577712,556.7942444027964,19.679872848694515,1
132.43695295833646,203.57796045651665,112.66052138239378,488.1755576324279,19.564015897584504,1
121.56954200163621,232.1690514002003,153.07695899472938,590.5367836521241,24.99054749063654,1
131.18851189453636,195.6485481841702,112.92795311776808,347.8709389920442,16.199814094790746,1
132.0077982747617,223.1532792387928,130.73859733453594,575.2774576449171,18.123822040628163,1
127.59327332450077,211.98502182837714,117.72861516206896,470.9250004729657,21.0374520850611,1
125.27505722213378,210.37740335715148,115.85014057742241,527.795623005981,22.69913623135605,1
136.2474287665243,218.00326603984968,123.34049622528416,513.9571526714499,16.013616355684363,1
128.3404160183272,200.51731246718256,103.2269780201405,566.134767481268,36.07355427644681,1
134.11238123794607,166.34397110924283,78.35847529803088,253.94790117770566,13.910939550434035,1
133.57933425896874,208.93784085269155,113.20692156471972,458.3954271550826,29.552194755208117,1
136.53548415829508,209.89782361253194,124.83169288986399,420.77256093808876,18.455422250913045,1
121.01775035756104,226.00807457873626,145.81786233519315,596.2889125947419,23.145750186818564,1
119.51579641151653,193.55607422624718,105.40807380189996,331.2493901891865,21.022213144701134,1
136.91657561052173,216.45429058674833,124.42295618846225,459.0751611106727,28.687556565102593,1
125.48639534981642,175.89084000020722,84.52623820942507,337.851512630643,17.077258555192348,1
117.28856253633772,177.76589137583562,90.03826736070448,264.0112332296232,20.197378437490265,1
128.46483446409252,188.37912373683426,93.92124487306027,303.56919948334917,16.225606292509497,1
129.03017040315885,181.67560304745527,94.15711555501537,277.943056305902,18.386613297990507,1
120.49942500770209,174.49616141658203,89.81691911085485,208.21288846747672,15.015813176651356,1
131.84890647633392,176.24980679239133,87.53828305185932,263.4060321611811,15.211551923945297,1
122.83459508643034,227.98654710447687,126.72746996886038,661.4470561981524,23.46405641183092,1
129.58692600529295,198.3440282129631,120.36521602358789,421.02379488851545,19.26666514253627,1
121.46054481259381,210.83408411050473,116.97387180315644,661.4276087110082,19.41532781149088,1
120.26230955877267,217.87414364092862,121.68797385788868,533.1762557929685,29.912770904692817,1
134.68518851895638,210.95097577693772,112.72890640722188,628.0705269849308,23.889298405667983,1
136.12158512749735,201.38700251261557,111.30954274015984,444.4528264328921,16.61624537864265,1
125.82701822400456,223.37412810551402,135.26631585821443,508.66467968217813,20.09884016790277,1
130.51357026651948,211.65783929986003,115.3222306270259,499.66508956870376,28.277837843207667,1
130.12550498775877,218.61866680302379,123.16671124111787,565.0708888063417,18.264298304759855,1
136.20506126850384,183.26638059484696,92.8440440645285,496.6685023552502,23.312809181607637,1
132.24618211736666,223.1313573986721,147.97676251863203,443.5791207321352,15.683960586545496,1
117.62498808970568,215.6097735053294,131.32305327780762,504.02643563403893,22.13914096815106,1
119.51985961240686,231.02363225880575,151.42581627856904,593.563194996244,25.911244706004332,1
112.15846963894677,194.96382441660458,100.02993662622586,361.51915394362646,23.125384474813416,1
124.73483376457386,180.64463744034785,87.87973593931068,256.5782385417708,17.35390603262715,1
130.35309919222004,206.16998546126803,112.23000682518341,566.2652441643437,36.586296793696754,1
119.5978581227602,224.2284675449282,131.59648909475055,592.1504305003009,27.35790902695485,1
118.07762333366456,207.8454092564995,128.9948122349372,436.9787254601076,24.30072945731132,1
133.4882656380544,197.51509177949308,113.88867863727324,392.46325236201244,20.171259931340952,1
127.43211608180921,202.19951903131278,120.74388254126124,371.47452016276895,23.395301599624222,1
109.5431920069249,201.35756697017413,115.53222448594876,410.8148455922619,21.612647643927804,1
117.68654409270924,216.82574984412645,123.32304829517929,479.73829483276273,22.45794195528754,1
122.7978339,202.3428571,132.4857143,322.2857143,15.8353776,1
121.9286116895465,196.28707902606553,109.37631064147297,411.19353625545574,16.342339000536164,1
124.15794142231765,176.0289318788457,84.80451425743964,336.75514684282126,16.063089330391218,1
125.09246329302337,198.74204650254566,122.80559397492706,396.9766487772538,19.133463809537542,1
117.43457381931117,213.61922768548854,127.17763689063588,390.1525223607994,22.701843425303863,1
116.91697387331385,233.51065684090355,150.9613290672364,530.4045516116349,21.726898010668332,1
117.68503799523108,205.35185342951218,122.02753405109974,411.8325231325444,17.58003209927386,1
138.85943001603476,225.05379424343755,131.77395145806182,618.7751419693232,21.37044617183391,1
122.25659705659986,215.91077870245988,118.77350719444979,480.65345642377275,23.696595771452337,1
126.28867486878576,216.4742278948529,132.6762103229188,500.5173336713689,26.656179319961947,1
120.19383075100981,177.38472803810075,93.6072589301444,221.66546306544777,19.76080180681614,1
126.6155795890759,206.88993399999964,129.74042456715975,403.84200203757655,23.50813501404508,1
130.78853688148183,194.57738239574914,110.847237731936,347.47760588407385,19.36029741895273,1
122.6305670248909,196.0900262113201,116.14300742237555,347.6944574639417,15.452959798886033,1
122.32079970413994,223.0555271330644,142.97527003033036,465.4997109024358,20.677753085140886,1
121.75318646107243,205.50594327462076,116.68943207448122,379.5915934619979,16.252975844817133,1
125.27318780538128,252.19515727193283,147.08749322955913,389.6383266781815,20.502535025008175,1
124.14625393342085,194.87881383922752,106.18395101567864,438.09296949283083,16.59707184947999,1
116.16065674486073,219.90060752967815,121.47829359200298,542.2142359398238,27.002571098605873,1
129.46892205974885,225.32226192569493,121.05053346884115,562.6923865628305,20.12218124277083,1
119.1985828970554,231.00443150732042,151.94198051195423,589.5340807184425,26.22335621365228,1
121.73602699277633,227.47094090660033,139.60246091406165,471.52680756093275,24.08582386753321,1
135.39039138534721,210.34050005817838,120.57501478152388,514.0299927500771,13.336510023790362,1
133.58053391621652,200.77164662537297,108.08469872045092,451.1136894540183,21.62545554582725,1
130.40450403514174,208.77740779644353,113.29262167467334,530.8479768987827,21.10115645810974,1
134.55626728316713,199.43327933285744,116.37503741052821,478.27319120058087,22.50922512939435,1
118.06778815006805,212.25022100637398,118.69348047911343,522.7091963489041,26.74886479796184,1
124.68165573847438,207.01225216556958,120.54800477020214,436.2368983417706,17.607344979148365,1
134.9987902906416,194.36921734477903,101.9356240813531,450.95014417993985,19.390108140904488,1
126.1582502775966,183.67947835274435,87.65351432590273,242.5455387746666,14.08776896200905,1
138.0171952497222,201.90704631767755,106.07036305968037,426.133929533382,19.54878333041143,1
113.91019249341346,213.2169312847483,129.72252346712472,480.66893423915855,28.573643864348718,1
130.835623740557,222.53650995256922,125.97993322788278,567.6100953885565,15.410684093091206,1
129.02229433237235,177.6710800723667,91.72722189124336,277.22822131865894,15.052198041308785,1
124.52700570811724,207.095466156839,120.56131009645478,436.2201711924297,17.683268087130966,1
133.54453562776177,203.35617553108688,115.32784664921009,390.85970581653885,13.539452292713413,1
117.70828418035423,236.5193668659228,155.25089816503942,541.5499347080657,18.582395106418275,1
137.23010284078273,207.5707290281066,116.12811758449793,513.2610750492074,16.635552420476134,1
127.27218100004208,207.72830681416642,119.10726423090495,496.342083212237,19.028524489133144,1
128.84908258916113,188.61905682320102,93.41715730201516,296.35427902049065,17.062906834817717,1
127.67814823274529,224.53791308915902,137.74808709036418,505.9462883462374,19.045786614423445,1
134.05574665501953,200.61978750580167,116.47296728482841,478.79298528167743,22.57009414064218,1
117.69007840904057,228.833709636471,131.03099318825346,485.68062153862024,20.869860396586784,1
124.17022074117047,179.576031296795,90.10583188898147,294.3546960143764,13.643223727296206,1
137.4027447968135,206.46423018941707,114.01713753097823,513.1198198761402,18.49966597364596,1
133.2896351412672,196.31616864764408,113.22323614070083,353.47200592263624,15.5249382852635,1
128.4025642850397,230.7212692735594,134.12342000784724,674.0787845627739,19.11639001281819,1
129.76644989021196,186.23723773913568,92.38402461676426,249.53832815148877,13.992977643204854,1
133.87364289794797,208.6558407740102,113.51578627504648,505.66389069420944,25.061001037213426,1
124.49565062965637,186.21585677065517,92.08125536112436,237.84167547354642,14.260140083543577,1
121.53841745831295,226.24333778552918,143.49394137053866,467.72681582725295,22.13772653157981,1
137.32869458409027,224.46519684226394,136.0112510758102,618.588238917467,21.65561904000072,1
117.81158951230267,237.14982646794925,155.89793699332506,537.7773292742735,18.86456373254777,1
117.93666215009245,205.3657746150602,121.78019022696243,412.27876991618047,17.870987031704388,1
125.95689377300226,192.12447815603477,99.10254904790898,361.00720390994815,14.417305105960292,1
138.5098418805902,210.0191454886053,114.26573774064535,536.3741669395433,27.85287525217216,1
128.11855656411427,202.75229855994365,110.31250117007097,366.7583541394123,16.903900110962695,1
135.75299190635354,236.41747699654812,130.1631302941612,673.3495399932717,27.7433792278141,1
129.47593327989202,202.22081609900786,119.64869554019926,436.6995349022279,19.816360567217156,1
131.33738384249514,199.0085879013722,112.94847231800073,323.5135749471222,18.316188244742982,1
115.50363251917587,228.59564088400157,149.6970362616347,530.6638817548334,26.81505070874576,1
138.9947734128794,205.94566349565505,111.19472106136357,519.354344369948,21.159750866118898,1
133.31708803885977,192.94245683343405,110.32773031049899,349.64957827444164,20.932085957970727,1
131.79638023099045,202.8781039459173,111.89395444848718,483.7356561731212,22.44165614331073,1
131.02968206137731,213.44549001856785,113.08780271405924,572.7744659422841,25.543900609861325,1
132.81830518771022,190.2576787263258,96.81270212266529,367.23524083614745,20.837421664970552,1
125.13821103615142,175.9270335218576,84.59917363667756,337.5641580137785,16.811447443366728,1
121.94029826537077,211.27814853039257,117.0,662.1186652790105,19.24485600667542,1
139.35017921152067,182.9527069858037,90.42132737806361,240.68383193158232,11.03092082942094,1
128.1210942548765,190.74490555053842,103.45089984833034,348.31439253021597,23.246360691258793,1
134.54718720953835,234.19939646566664,149.6480191353736,587.4476025903272,22.105617257892998,1
116.96815874094385,206.25433363863368,116.5220834028485,316.0287360363595,19.43929375167643,1
126.73450562960672,190.21751625153854,101.70017376912848,347.92485405263625,23.80503680787229,1
136.4348735782283,204.66489611635575,105.02842927128526,515.7551105629015,23.320751742096018,1
124.56627899721127,216.39422952493717,122.39007567428777,458.8249660938859,21.149341772095816,1
127.03509072266331,236.67986248934125,137.37362947609247,666.312031467362,20.87202945315793,1
119.03186727010443,238.70928704791285,153.0321349686717,532.2778118229677,20.592172469402517,1
119.595169893252,226.26992025121592,145.43492805495984,590.921978180632,25.43773636818203,1
134.47604055189643,192.66074320686727,106.38317672601936,327.4096341778704,18.15610021581329,1
130.51376248562346,224.7854695809069,124.8938583927261,566.4472242598089,16.399836408132327,1
121.18330956841947,214.96513873597047,120.57496507752028,485.09634860653216,22.37679303146171,1
132.30727858075042,232.30218553311892,144.6559672978651,562.3973600061452,12.069902904965318,1
137.73413846179952,210.91657751184826,114.07144050908619,635.8518813112531,24.54222345109962,1
119.69367449119042,224.43927875113457,133.23232011001346,592.6161132768723,26.892922376796953,1
118.64322364953556,234.83044364470825,145.92092411884892,534.9533341997163,22.82014440103552,1
125.6485849,201.3018868,103.1132075,590.1886792,23.6300097,1
121.63569157317261,238.53975375162292,140.4558739343509,541.3704406896863,23.733415384977686,1
129.63579776771098,208.61616956090006,138.60447782733937,407.7835582394323,18.009480400973814,1
128.21214835036812,202.77456350215948,120.01589027917751,373.2681028854671,23.61246370183795,1
119.4937607965823,216.36661226486683,142.99299684317268,452.4878548562103,12.382844364067896,1
128.62414676695934,231.8521657351927,147.73783606187516,585.2202111326468,25.062661575601844,1
131.06406645068728,208.10330616861953,115.0848253620062,566.1192643173895,36.50407870952801,1
137.3023118681274,196.68983204355558,119.70161353716277,356.13413888887624,14.862609709684913,1
123.10905244069154,180.55016437984636,89.7246198868827,295.1295031565197,13.182127849063434,1
131.10999161758608,196.96660251348618,115.47036116326207,396.8732586487132,22.03378555172736,1
127.08690772111622,218.45202961454638,152.9502655426278,452.471075652761,13.221649753257594,1
123.94582082441987,227.70158161579175,146.92687201188608,593.8855297602704,22.66266744647187,1
128.56178136076247,201.72493829349534,115.64269519801793,340.54796382455334,22.68420737568011,1
117.80619013891078,237.12755873279272,155.88318823340552,537.9036232745086,18.85272915383142,1
122.34604960848944,191.41566778603104,106.74975676834809,438.5441289523184,16.83640778637738,1
126.69715681565077,198.4518539112912,119.29479052233451,401.5456988432574,20.316371687782528,1
120.84552163210283,209.31536223654456,117.83037656953023,529.9390391904249,26.945674150317135,1
110.12335880307647,219.14451698617975,135.55935068948895,384.4442887859723,20.413896675651745,1
127.72712410347881,199.4148033884661,115.38177431862643,374.11414799644785,23.178873331570458,1
132.4347664900719,233.55106171695462,137.98323353328678,544.9972574601716,24.3912263143981,1
122.13726062457634,191.44144555066032,107.04871776450747,438.3291515893328,17.291211083491927,1
138.54817926325904,209.47922722385195,114.42082998663672,536.5762732139146,27.78765966449613,1
136.87735879889743,211.6253615094914,124.78661142138138,422.1701971477865,18.84515048687613,1
130.36822987125774,192.59436058520512,99.22725925940001,432.64603864167185,19.616663274961542,1
120.6582446997774,218.61135005663635,122.03784217899093,534.5202015915042,30.294335495464843,1
116.70803291367848,216.85264889032078,134.76697917632106,446.33126906533295,16.11258138602017,1
120.69897079660427,222.3504866090193,130.98359795080546,594.7636596652892,28.19612662931176,1
139.31043892436776,200.5233668954083,111.25676498618621,484.0608763237157,24.461924098600143,1
127.18894591289492,196.7859352842084,118.47764451845123,397.0014996798343,19.83686631084148,1
126.56914551212036,201.80407559243534,113.64335444121981,356.2230991563934,17.036292844256604,1
132.47483555727965,222.05388642304578,132.59158399428281,578.5151002747274,19.667200029852825,1
126.23708713734716,191.88609856747973,102.91599031559377,436.3443841145542,17.239233236705047,1
129.68935182311165,206.81227870000484,116.34161668491619,483.52942103751906,22.08523703262996,1
133.5183285928913,191.08748990621015,102.31781398720996,454.0396553974331,17.535598368237558,1
132.32654746410685,188.97145841559066,95.52015116187778,366.8404633488875,20.206611264866044,1
123.71980822089922,203.05729508872687,110.48045728349699,458.15047928161306,19.447962107419425,1
126.3841958188166,204.1850465716674,109.45545284847496,436.657235211516,17.141620014958598,1
116.30390642610946,205.25114920549274,125.11789982221863,408.3261396696787,15.221249869462756,1
129.8328066412054,203.6039648360078,119.41485138647863,426.9161539591861,21.03613586116058,1
127.86284440668815,201.3720451041391,116.53465359270363,372.1694941466707,23.92955692317732,1
116.12670767358938,216.42464635697263,134.98548075730366,447.65435828700765,15.182392969060949,1
115.75749637598074,205.43795425351507,112.99599134602931,313.6100425527663,20.532182986242915,1
110.833110728089,213.42853054032545,126.29980354058195,468.4142858283659,19.129855145068156,1
127.84870258051293,203.35098977843467,122.19630879627135,415.4714117065971,27.08026927756093,1
135.28345101116275,205.1209080408209,105.65689985053284,514.444190700978,23.638821714342104,1
138.32114812115165,202.10632499732014,118.26926775343455,446.11715930984394,20.19537479531598,1
127.5818883725659,202.17259361140708,120.88434395239278,371.5447289719485,23.390030548757256,1
133.5563672153855,200.92986233207037,121.37249227210435,418.89266636724767,18.54531111749816,1
132.13724119206358,175.65229824219392,89.8709691254867,273.6226427919815,15.268582599754613,1
124.7436354522322,210.60159509025408,122.73068125536184,443.26118597125185,24.90461857319978,1
138.7250910240217,205.53170642417427,108.01008338425048,519.4566213230198,22.32820774372348,1
131.9336148172404,194.44228423757028,117.8873186849748,419.7505223686884,18.169822562386177,1
131.33531207223155,195.92543103917015,115.02356441640121,394.046029522944,21.689827045780742,1
131.3989789570872,188.12031990601986,98.97318691916199,313.2005159269537,14.721780281808883,1
116.61714323460126,232.1315154207632,149.9071343460865,530.2348009730126,22.644476795973514,1
135.07132255800613,210.0326172748131,124.34462545070934,419.2966667409008,21.240403670771094,1
120.21365595964735,202.98843704079326,122.00006171728214,406.2845467016744,17.448158593810938,1
132.16443286732428,208.78455183977147,114.11741171257604,532.1538177742256,21.831492818464202,1
115.88535150783116,196.95168977092132,110.7298873677682,306.7023898469376,23.339460309741558,1
136.20603887223314,201.34416684876888,111.01142382991203,443.9677882665689,16.82263263108348,1
117.32992154205311,210.3254655560262,122.47160118207086,462.70360132428334,19.84448032806732,1
135.71729126619823,202.74140066670097,121.79573051853184,418.2623951588191,18.318717197289835,1
126.73027544072565,209.56416448952933,113.24358919209885,516.6368754880132,23.260970451080173,1
114.9528541147126,221.85716685734204,131.38158114666484,563.7126961726325,35.8406500282493,1
133.35611979598076,232.36459596343903,135.33211180635035,549.0751952282254,22.916112057953082,1
124.68404824883181,190.1953467919589,108.36629048248821,329.6865959434556,20.626693175543366,1
137.3055621177296,204.3037895413191,105.56860129583495,513.7178531942835,23.127333414535364,1
119.93243841220782,224.69175293877305,135.33238200041538,593.094187651758,26.232201829684442,1
139.05379253811884,190.69263118906733,90.33276737329348,561.7498252539968,24.889640733074003,1
128.67202689295294,203.30968107588666,116.47285739137395,416.83858005095146,25.507246478958947,1
135.2821709170918,197.95011380853413,108.84099494898388,362.2805785290477,16.868957170457357,1
130.8239537990947,224.89703295867488,126.50709068733556,567.5736241788067,15.061407034124594,1
127.51246662739673,204.47068826937132,119.03954722166341,379.0877269958524,20.551238635108554,1
130.9252336,224.5740741,126.4074074,567.9259259,14.93393086,1
144.04140727309112,206.45730361633207,110.044111570465,531.7613902692557,17.81303371260911,1
118.79394107988402,225.43633745206577,138.0205594975213,608.1148807457454,29.14716093557921,1
126.75961603340949,236.6664606656172,137.94227270091966,667.025964929532,20.851941007705985,1
133.2158658958528,191.61850440477113,92.6796260127363,341.18300784564474,19.150042714574216,1
128.68989084896145,227.04856333131855,120.49632462527447,559.9498911379482,21.755438058948897,1
119.88570667905525,221.405509164744,122.62029750899494,537.8421865074636,29.829167531675132,1
128.38473524073564,210.03654224569192,116.0702260407876,498.23570394458676,25.10584752540199,1
124.87848072554957,193.92160365420202,113.19160236487987,341.6027979418113,15.338920863505455,1
137.07207691487193,200.51146841164135,112.17730594589615,529.6600189898036,18.912086019708937,1
131.27814287937554,185.83909333061808,102.42581443453273,322.20803487821746,20.466636985650528,1
127.01600322186319,204.1725028980291,110.46147553802611,369.70896204824965,16.517373992716177,1
119.69041137486329,202.88793138227274,118.5182649900727,421.31151423584333,25.47837117317393,1
131.45140089206268,209.94618427806802,118.2197286295891,465.93258416136507,19.612488690232365,1
133.9571745274596,206.4281193453023,109.65267398134469,531.194401567172,27.304694721151318,1
121.5473288207629,199.39239148095584,120.5926199645024,340.2114196541855,15.097593006789982,1
138.55361668226047,205.61188787034308,111.15627141965922,517.2551575329101,21.138955397406594,1
122.13131971196539,195.38553923674388,128.42713556829432,324.7005142876364,28.234049157736077,1
117.8360339938156,228.81552724115463,147.78766365855486,585.6229754694543,28.434620055458186,1
134.71857719533483,196.0312619053697,104.01173874855724,454.31794290352383,16.38941471156309,1
115.85533262826935,216.2248456277515,135.08748196480767,448.27200461084414,14.748161137376197,1
122.16430662688695,222.11583884196511,138.56024265953016,458.60236798484533,18.44061521018208,1
124.78521318567276,208.97273505393233,121.02765901465779,440.7129334320244,23.089634827482143,1
115.84543793709287,218.70101674466167,121.13527270499401,542.4002844917669,26.74961739413578,1
126.07238978693694,245.81590385881705,156.9383884515645,606.4366824749113,18.60778574507013,1
119.3720470751457,230.4089162732865,149.83961631786795,595.4976411550746,26.310014321866834,1
121.44577641195043,216.8530726701166,140.58358161154786,496.2840525642718,21.260459302396022,1
119.48970622340448,229.32800593430022,146.009337970634,521.1048431238773,21.284611542159702,1
127.26435487968169,212.05949583006202,127.92705436150948,487.88998089718496,21.6559334501415,1
130.35976175451196,210.26123101193056,116.77428344384388,532.3941988221675,19.869548860907603,1
121.81342776337517,227.32921972022055,143.1672894947912,469.2309063905488,22.737341104014174,1
115.33374623925174,208.09894846056983,119.32168132327136,546.7701696253438,23.06983662849983,1
123.15335835805078,207.48072311241864,120.70679845217136,435.75054693955076,18.421645099569425,1
132.06419488252425,218.21379029213296,117.0,669.1663111477608,17.4091938343094,1
134.89754673938666,190.78278107424538,104.23591767955062,270.3164384165868,14.235671948920157,1
132.75301432166006,196.96372669961124,112.59451488195224,354.8007936875014,15.956905161330283,1
121.21420895406008,235.68971128715825,138.11676827133851,389.18040481801796,21.576598929828545,1
118.63590017661744,226.13469328242775,139.60148694220825,607.5398888129245,28.433562065826376,1
137.57651388019562,201.59118972679298,112.01951416288571,528.6476694474242,19.314242684458954,1
131.82331477444993,213.00207342356313,123.09159168308277,502.44928243546593,27.167545666818107,1
127.19868595450986,203.86096570679436,105.21552045380815,592.2845688819244,25.60757737129206,1
124.30278412692469,178.65368710432202,83.94465866443946,366.3545841348616,15.103913856079597,1
134.01092001713445,209.8723164830305,114.53777276030074,458.4488165167873,29.4596066069743,1
117.48858255279828,217.14662413633465,128.92249463223192,478.8582358521071,15.137911607166885,1
139.3451958779185,215.15704066249995,115.10326716903275,573.2727287812074,15.591355949451138,1
121.92863578072509,238.44196032704497,139.14576911497124,542.1821347508874,23.957916616042734,1
129.13307223627132,206.8743126862921,116.85112813370559,483.9732620447152,21.803163684974727,1
116.60146531697218,228.00843121244452,131.03562401262758,485.93884492430516,20.484545520904003,1
126.47963266159502,182.04556162112053,85.72406850798006,243.81864533998646,13.83813035965559,1
121.89313094459894,207.7789378895904,122.913034469401,436.3280522182958,19.90723774492032,1
134.61874895769466,194.32409563405827,95.31133672719204,563.7545969694795,29.68876737373987,1
134.61617144117923,198.8557510073233,112.87000273465448,532.5843194198759,17.973476571775308,1
124.73762212854865,205.88289770929057,120.30123178260506,436.2151599076596,19.84754498008737,1
129.78160720862027,201.5478159196308,114.65928719245225,418.9555827557586,21.456866982174176,1
127.07527598151756,203.6236488418418,112.10861738881115,370.7910863048621,18.452824710854863,1
118.80068105060802,202.0898677510033,117.68766265179795,313.0893788852763,21.448123610760188,1
123.19042987710408,207.54877907875564,120.6968182710845,435.8343967849401,18.38752816268093,1
125.83011771034538,181.41939024217675,91.12337198079712,247.58997100002117,12.24358629973374,1
130.0286109694359,208.6539988728547,111.67874285985216,482.654493604986,24.367855082414433,1
129.29788582980484,207.8463105391893,114.47837418362566,483.2500763225686,22.986469696784358,1
139.19175324534598,207.63584062221886,114.54336258203136,537.1486732552019,26.782351043767978,1
133.59010848104893,209.29790725617676,115.49359626703729,594.37037624934,27.49570580088862,1
126.38241731449935,202.5133788169905,104.1084622199667,591.1808930826602,24.566208830268295,1
138.46713544079125,203.49751925617568,111.74092085253275,526.8602898712197,20.024280649527146,1
103.14127647454882,168.928472128716,84.33521158976318,195.3449168657851,11.714963235001116,1
124.78722828093606,200.99112219676007,118.07803599272933,428.15568334714027,26.183075122568788,1
130.11408921100056,195.27055489410012,111.13651303908958,414.4208041261041,19.76253419844932,1
132.29899302761848,201.82004419314586,105.29923416895856,433.5161256936836,20.74082179097175,1
129.92466445389044,221.58327749043536,130.10720568431708,449.6386404678702,25.002752438258238,1
131.49306329777409,187.69673169982906,96.92641507635182,267.7229472380673,15.7083488672525,1
128.74408047867615,211.14144014873634,141.04043768336646,411.1527810356306,23.599922344572075,1
132.4797420917584,189.33759960906875,96.40987337887985,367.64707794380996,20.603887131496787,1
129.01182763751788,213.9675249242931,127.32532924960074,503.7309804214201,25.668617930939057,1
125.247099466681,205.09437952607377,129.5759123786667,390.72453896629304,21.006963864674663,1
140.2720453794882,198.4657365019388,125.00699974096935,361.7258812790099,15.110562409957142,1
119.80770878125695,192.5622510294011,98.19887138045517,364.0076673838748,22.56772092560482,1
120.54395978032866,224.01843686031424,125.0112021632289,659.9327606577011,22.034492699088055,1
127.84623093954762,211.4134941716978,112.13008175654626,480.9393579850993,24.96545063709567,1
137.82582878438032,225.11549121708185,131.01845146285663,514.690330598642,24.109690695831766,1
129.96463328447925,227.63721580022298,127.35286539271677,564.5844783308719,16.142993792498753,1
118.06737895554491,238.2047362073827,156.59664345692914,531.7942883433661,19.425214030488178,1
135.83375832735442,190.76919151691416,96.43089735159306,452.9112806811795,21.79911778873966,1
145.5913544587293,206.4588593108897,109.56122941922018,535.8037521005709,16.141222931704593,1
118.63288296431878,198.8333665550879,118.62163669587083,428.0563953986107,29.89599914363398,1
132.6673997499397,210.558989047922,114.22636994330797,604.5922589683097,25.745683562622553,1
117.96476363699253,199.2687123431869,96.11625151096928,504.36140016273566,21.61533288643393,1
134.78616412276867,206.16336805239712,114.97589910355163,417.38060869955564,21.211538844995065,1
128.50553822999476,190.89112890391613,103.93630415712494,348.4223955226342,23.09146279064121,1
123.81535927536392,222.5926959333882,122.72710947419833,567.8521393336035,21.628011730999013,1
121.36250120082175,195.27300801938517,101.79553071651588,361.34348789764744,17.650114455597695,1
128.06643212373814,188.26078434620845,93.00437609425215,296.48853038416496,16.610894387825397,1
128.5524910935078,206.0959775242755,107.05160854133442,594.1150471039132,27.33471720409344,1
132.45543742754063,218.48182129213225,117.0,669.438670596927,17.338253842795666,1
142.7510187936817,171.07778539659907,79.39073603114986,398.39344724439536,11.128479891264927,1
116.9489529,214.5625,127.75,390.2083333,23.07050636,1
127.48531854241092,203.71382589097504,109.78068794087861,369.3673077796969,16.55187781619015,1
118.32893468830764,211.83593485140162,124.49285610685718,387.13137143068707,21.00355745943933,1
127.8662135060749,209.67043147789784,114.16068030484354,524.2144587673487,21.50361546301753,1
121.7708403364585,179.70634991816573,95.74488025913568,275.5841614005724,14.499546232157211,1
130.1501300386062,195.23576473774807,111.17824483249736,414.46935972882227,19.74085888325444,1
133.92924638727087,200.96288487655653,125.72760284673355,372.20488622132746,21.89008459056173,1
127.7739797438261,196.66452196091237,117.99028917239835,396.58449598029495,20.098310832542865,1
126.95772720343822,191.0747402825877,100.18952967406454,364.48600992806814,15.717525601516446,1
134.32062915512503,183.4622188011262,95.41504300456212,236.78992916068808,17.801363477708165,1
133.29214176900734,200.80796484464497,111.88384177497184,482.1490116435233,22.625796920036404,1
131.07395134321757,184.4796885051692,91.23147123198511,306.35353531344623,14.965237019500169,1
134.7857723982309,210.1905034840362,118.35715816720125,463.6473350048025,20.969249237829917,1
129.73618454801206,192.8570165043444,113.45853658837245,336.8017419428241,14.284919121293665,1
125.46584614093112,221.6206660451316,122.70430589298877,567.6259870456241,20.399705734900497,1
127.76183886547321,181.7052200588623,94.15345050211849,240.63318238977456,12.53688930928946,1
126.03449902541301,206.28431509883768,120.43161280273972,436.383223639239,16.943186900934077,1
118.96436889008181,222.91688315825218,122.77065528147463,539.2466394252693,29.15422700205527,1
115.50808862647698,214.39114274814222,123.89686438809835,461.8538779092868,21.135795504285447,1
129.92817991181693,209.17460961322394,116.24180627074263,491.1818427075677,24.913669132711366,1
134.78099183491398,203.2436964897178,113.31601123156393,449.6612060305667,22.2361380831817,1
127.4956197009301,207.49309276290228,139.20624984679128,410.7496559337678,15.888071155581727,1
126.99478218594015,207.73325649357628,118.76874353546711,496.35952232156103,19.286997895114034,1
114.8629848639594,215.96280901897228,130.13661363233538,388.44678515578846,22.258620565577488,1
117.5657946553957,205.45432877226415,124.96297334910534,407.10971357544645,16.63850953304893,1
121.17512772200466,208.94245618525514,120.50759423490693,461.82418390769294,19.28744554447461,1
136.46344833457985,214.9938518701703,122.58690809623768,513.8228302735605,14.420379756231622,1
120.60136675876025,225.39909239007935,141.2159799997209,594.4335755281119,24.381106818219198,1
119.65584071767165,202.82680080039657,120.48855020332117,420.61028058835547,21.464134722017317,1
134.13376307740631,234.13450459784542,148.38453405699502,580.5912425647458,19.266599736200842,1
133.43544499031933,210.0915610238191,118.30150303970541,464.5727971389123,20.419799079080374,1
111.31729979784579,213.55024534935683,126.41723826596215,468.8810821831904,18.85728624912122,1
123.02256807739235,177.95378711756243,82.22841929157077,376.21187390177084,19.46563681940394,1
128.74433645489552,226.23958869736862,119.33529216265259,560.1119194084329,22.234132230976954,1
127.13781258188209,215.23756055279466,123.22958720439068,455.7142628715406,17.63487415292255,1
125.61094761933288,219.02923571973687,124.78717595286929,603.4664489689699,28.594870253635392,1
136.80410591257908,202.95339791732232,110.8444748076623,483.75678640748305,24.67461787672218,1
132.41966306601725,216.65693082182577,118.26976859712644,584.0502972990316,22.649560782853076,1
123.0964909962473,201.1952517122532,118.34316767255838,345.82161119481674,15.82053767598251,1
136.364062108967,169.5941781503442,72.91032155634687,243.63677307263373,9.000264923471574,1
136.0626804895728,201.26888421041923,110.90798468594451,445.2939866007889,16.52433556534718,1
114.4056828863872,221.70611212447315,131.8902590689704,563.8506888491061,36.36578140440202,1
131.48920861432902,224.30708324337706,135.72124127712752,442.6550128590637,21.34055376164121,1
131.875349047898,213.0598620889112,123.44730435482198,502.58412265683705,27.11045098528022,1
124.0682720215646,197.57936980950493,107.76459685725469,436.32986592304275,19.455405883100898,1
131.56317211788507,209.94628340891023,116.92280636881624,566.6109061227946,35.46653294710322,1
129.3190474571695,206.70286035714895,116.66553024018506,483.684926896196,21.84904903848662,1
129.75009711105153,198.73959517706007,114.9215814159933,352.4472440582926,15.626660657272136,1
131.40645150892078,202.65657137558958,106.55339789822041,432.08701548771177,19.377787363250334,1
134.22127345103848,209.22717567328885,114.39195828440991,459.3809277694194,27.676295647558227,1
133.98049120081023,228.723956922037,141.72489189451682,583.2362992321794,20.986639302752206,1
129.47253158885636,203.4798195224165,114.15513205900494,422.21473353083445,22.34349172809204,1
116.80908852160057,227.1657623630602,144.6565783282589,582.675197362368,30.101237220402403,1
128.36329783243895,202.33880041903123,116.47327817007275,339.1797212761331,23.287862781504487,1
128.58960117643812,207.0014330521848,116.8355544826966,485.7601890152469,21.664555390574264,1
129.69980393653395,187.6417509420711,93.69876511450967,295.65339880474556,17.41214631640524,1
124.58932764606132,222.56523354007552,134.912208503894,509.4829625759133,20.986736578779524,1
127.10937191258108,205.21693176916017,120.26596668072196,439.88555087294895,24.886974705946294,1
129.18901343786825,200.37794731182098,111.22336490602983,358.9291765565167,17.507612485892388,1
113.574725884449,207.57789814015516,118.30390985953791,544.9069585256256,23.99001351480606,1
127.576352155743,207.23843663116236,116.80651892257247,489.0917408434171,21.40613368435757,1
119.81748464137607,199.05125591319967,117.26923491670672,428.93965802395866,31.97644561661627,1
139.17635615486475,229.83234721235996,139.18762248949145,515.5451899017844,31.17542579947775,1
135.66974918273,197.5098582059929,112.61596490317076,532.474336606255,17.794096097454165,1
138.71378502204757,206.61753013885496,110.94303498445474,525.3936960705562,22.461169483145117,1
138.51331011099535,235.03545160210302,126.79014356402197,675.6838740025383,28.469690125190766,1
121.73940307726937,179.26918574438298,83.41109003060085,373.9049695202852,19.869436466246857,1
135.77003177409296,214.68087958112608,114.42478432460989,573.1798092170188,19.719966607978044,1
138.41256620559975,207.04903564254215,111.68104957361639,524.9279127669193,21.019159081251253,1
132.49887656762877,218.23431242449007,122.28272501856112,583.0907725188256,21.84377922871663,1
132.3849473451751,202.47721185787208,116.8556734845555,480.31394947760936,22.21373106714864,1
122.53004447992721,238.72668420198306,139.68776442989824,542.3086476020195,23.874044328767816,1
128.96518014498017,192.98905767756534,99.87356459227246,364.0778863962859,17.84619637524839,1
128.24498787409524,205.58831707189364,106.63455960144245,593.6992723885485,26.942414764352954,1
122.1410533678352,228.86795033312097,140.77460696943302,472.5126192695203,24.282969415782496,1
123.96745864161136,200.9643917318626,119.70144129888547,338.45203780980216,18.083017900442897,1
119.24195529386719,215.28329570677943,140.9105167036118,496.8110445668005,17.124294177173844,1
130.88654521986888,223.69437116588782,126.22284865423346,567.7895684616591,15.13976546821424,1
135.93407994463155,170.0444451875486,73.35525548143552,243.73977832378438,9.203851324267506,1
121.33174899514046,191.54089662705613,108.20211462788969,437.4997650828952,19.04585032769677,1
125.30471919168889,202.5132007336425,122.89490584926568,436.79567761602186,25.045730031757852,1
117.51563976299171,236.01201070168474,155.26942922031387,541.176505672227,19.048366731478573,1
137.1970522040705,216.63177525931485,124.26214726868133,458.95755622862913,28.55624610293024,1
135.62252253657726,235.08219439940206,127.39586541142536,671.1904535231225,28.181500478287855,1
126.61695301879614,204.60154409752712,129.3832901762112,395.7054050795451,21.726741583171542,1
134.3963969286738,209.31551990022245,114.72203530469916,459.6420270514213,27.179408485474006,1
144.74675907165854,227.22013143712465,145.36992201120793,547.1575982107256,13.348928327410102,1
123.06026174616089,197.36056192152768,117.83858626951317,338.7532298433051,15.124881744649922,1
134.74994199487097,215.32751077473714,114.54313471011662,625.04961080671,25.25187524714237,1
128.78414578792353,201.7795260168712,119.03078993446567,431.8629686555268,22.61945707409705,1
137.68522507088798,215.53739000097653,115.9055882038521,575.9886480691398,17.279617350173076,1
127.78304614062877,198.07932178859747,111.14384386600507,408.92102874385375,21.285591373020544,1
122.85742067239586,180.43752156457916,89.63629631234706,338.9224885336311,17.687943323693133,1
142.32339634724266,211.858527560494,124.64636639188355,488.40887253574425,23.283520630665457,1
135.04806025080492,184.75210973811176,95.03991848833064,308.4834851425346,13.273258240073815,1
125.87870910057038,199.70631407408902,108.76211540977569,325.7294130293967,16.64881223809767,1
124.95234988141675,204.99216787059564,130.7846805912006,389.9758558393958,20.48471024303646,1
121.18913004925719,175.13348942825957,93.05866509613666,218.9553473677132,16.69068991058145,1
127.55588250117889,196.34922351627392,113.60323155650507,377.24026906895364,21.99559999581774,1
129.5544963614178,213.2849346307332,132.4325085809239,471.0669797775348,16.61386896345097,1
140.86889112835007,228.80388646828797,123.45706433712124,687.9404826237839,25.78473028751857,1
131.90165475987715,188.22451279944363,94.7574250055219,366.3229425232009,19.537893161234635,1
118.16595645751744,191.70138603564075,99.25838441894196,353.5336649278164,24.253955446010856,1
133.9261309329639,201.8233250160096,110.92428408563866,532.9578280018943,23.357585226995116,1
121.21411435134192,218.83840927008356,122.89086383694597,535.1295359533613,29.93897019907,1
129.64964714195955,209.91343725249962,118.13126647487428,467.2678497088705,19.00741704319396,1
134.91694448328496,190.79726315381075,104.28406948121635,270.367878764293,14.250076047281638,1
143.40062424193695,206.86663705216125,111.46654824634366,536.483452145795,20.34765110973898,1
129.07349688242147,203.22242048606185,110.60960274006091,454.98548652103517,21.48992615256688,1
111.22943584763891,194.6745905339069,99.7840562129415,361.3937366750985,23.071438864451785,1
121.65880229367382,177.7037058484866,92.21841389322478,216.77026998954855,20.671052892015513,1
122.52522895512203,230.13977641930418,142.32182592428686,473.12390034656397,24.289306100929377,1
127.49491186252234,180.94382638361418,89.8065276254384,363.9406958012421,13.354235432304334,1
132.68179996015994,188.15898262248118,94.52916331847709,245.67668025744928,12.785059299629973,1
129.3929120823149,229.46030811755364,127.91557432738843,562.5957465031549,16.862592674668424,1
132.02380776969062,198.64335366208962,105.88448845326509,362.0835398430264,17.45152386617366,1
131.39383747325877,195.21885408687035,118.54086211488017,419.8157743910283,18.357224782397278,1
119.82248991544509,229.55634540805974,144.80121825377464,521.1769105635932,20.001352716348173,1
122.89749922866137,190.7903420408555,107.46406252022759,330.4644128157815,21.26695680551947,1
127.04733643485113,179.6838552210776,83.14551600147777,246.72730199835607,13.644631625678892,1
128.01860939188788,205.96582724617767,128.22560005903514,414.1090823870247,26.349045135461267,1
134.95859914923028,208.21573060573857,126.66581244086444,494.8667959480144,14.46195563841401,1
120.16518545636102,230.0267983288761,151.25413387784866,592.4261927513684,24.587773824313647,1
130.4928073668258,224.79623538502028,124.81677740661222,566.3719179565136,16.47449104082465,1
129.7975934007064,188.71523993762392,109.86038312212314,327.9242201938688,18.9008327196539,1
132.46508289582326,208.5303923610803,113.24338710885594,528.9532527324234,20.300452965586032,1
115.20831379648169,196.88268472920058,110.27675820291978,411.5528842427548,17.64742916987072,1
119.32430410499663,238.73786236986186,151.72931195854193,533.2498263472241,20.91207603557958,1
134.45165136341902,199.23018959830443,112.90622616248206,532.5100548989826,18.047987741111367,1
150.11658395956204,224.24354891201108,138.71100682184235,532.1538230210707,14.04883798928977,1
129.34578894232814,200.02566712839484,119.7343687633788,423.56594040258346,20.066781620784226,1
127.1881717840901,204.7910613392953,106.57586461434312,588.8973229561751,23.388246796940415,1
137.53128388474497,211.83031394664113,118.17573864581325,481.55841250611934,23.069735404154322,1
133.67718737601373,207.5172505056746,126.50208554890692,495.7572791602932,13.171948498965497,1
116.72458402769283,178.35460845613804,91.65370359597513,265.26566775698365,19.18516586763402,1
135.36458015540595,209.06547011339958,124.03618322680187,505.33134346333827,12.448190493373684,1
117.94133929607521,237.69409547629638,155.79860311935408,529.5916109704905,20.02686441567548,1
132.40565807991922,198.70950033506796,113.75755456707364,323.1311698884675,18.663054650462946,1
120.02507175407005,204.2230125144378,119.91757120357069,418.50599414574214,21.05265829808032,1
122.48679680790772,216.50160599492722,111.84527222806189,425.51709810309666,19.610097348916423,1
127.97459473033733,210.35074687164163,138.19785758945613,409.62447758564554,24.542216754617414,1
136.69358913358627,202.18770052814943,114.87239375168362,390.93534096502646,14.606071805061141,1
132.61015276289686,180.5317460318125,92.73797926516433,274.0115821421565,19.613365517633174,1
129.35330384318775,203.2757674664335,115.25417297336841,423.4752625452009,22.095245480216832,1
131.5240316753117,209.35408147906793,116.93177011777824,566.0248216376525,36.45088714676266,1
125.52900923237367,209.58388453257396,121.20874034285737,443.03303799998,25.5000134871637,1
132.25303537162415,202.65969718402516,116.85558946545417,480.45442621039086,22.197550629362517,1
123.80005555239596,217.35325829971606,120.81105782882942,659.6694909075607,24.195102401142044,1
124.99277602797247,197.54035707148736,120.38495024608844,399.36775100307347,18.988964452590555,1
125.6712422365762,207.6840505522875,116.75192628791775,495.3557216659312,20.92024941920063,1
135.25861953002675,202.91660997063738,102.33770150009798,567.6327245689207,24.473491272392636,1
133.14579293635202,203.00996186669903,120.24354532198474,379.36384687406036,23.69955117701285,1
133.60858895673965,222.82222594490221,134.3349043738656,613.7248183452722,23.837172561072112,1
130.66781700872244,236.7180002077287,132.0521946313848,662.8792968565739,22.395796959688298,1
118.50285674377405,225.8948257065132,137.87886242807338,606.6728148041215,28.8505977555295,1
116.19330443366692,216.82553242927233,124.96803962544628,480.28647359462605,22.483288418207135,1
129.27547681437,207.55557961660682,115.17405461688116,483.3768508756604,22.646495398711192,1
128.99017006175646,214.14441824797558,124.78554952512827,452.62551122099376,14.149825663393193,1
130.40534692893053,187.55771468044193,100.84598827434384,315.86843376888294,17.213655338247104,1
114.57245128842919,213.8565626208757,119.75000952077198,543.1516271045508,25.728083524375144,1
128.9488317116787,202.51656777986022,118.79408316225785,428.0555158154423,21.472300449575528,1
127.17878949750322,230.1920847765572,127.13595667702442,561.269570223038,19.07346082532928,1
125.63166124473531,206.0936948676306,130.75928789910134,405.7967096347877,21.060785796302508,1
121.09490915830904,232.99245224036696,144.49657460112994,609.220223852638,25.477071766600503,1
125.61460685551911,206.68056567814614,113.93469422359611,441.13098153233955,14.50333358596742,1
131.77369535572538,199.11114878231024,115.12469496310896,323.00506070013466,18.458471882945023,1
129.76823896152533,208.84177003688902,141.891452881095,410.3925438169737,15.539389185009275,1
121.85095033895739,200.26951759724665,123.3710729104991,334.92755552345045,15.183994937813589,1
139.1406529206647,233.37584934224307,125.90247157496742,678.948077285219,27.754626522621,1
116.24098837182581,206.4989974169758,114.21155982929245,314.8416527951365,20.149207479967693,1
131.8034690662309,220.04224389661536,129.8129824793295,574.348822878749,18.683280040048096,1
135.4391160339781,185.32766256760632,92.97196327571723,495.2273236188117,25.449440988595835,1
120.68052979375041,238.23454490206012,144.55235679830193,541.9763601847786,22.222303125971273,1
132.64225945689415,189.67105849001572,96.19484098167523,367.5795226851465,20.990770538638596,1
122.40044709512227,200.5474515467405,120.77346518877039,426.3964420741018,22.057264355151627,1
116.52944413353303,230.59894929984412,152.23945344072223,527.2084232073672,25.979275374076945,1
125.4601531119579,207.85676424217917,116.71451986026042,496.5370733159117,21.010658569935835,1
131.9928023942574,197.8810995200535,111.70382748696414,356.6832407915416,16.568857510978614,1
129.46543987661656,177.3838796117685,91.46314350429535,276.71527643372497,15.082981825828314,1
138.64459410575438,205.6807206554019,111.16420068627524,517.688061751776,21.14324393713065,1
125.70262388268031,202.8095328011475,119.35746529287069,372.144438238372,22.495935224917325,1
135.13071393448294,187.7200996081971,101.52482224008051,270.4628177527577,14.543119249425606,1
134.002247306874,210.0910371269219,125.3392960898822,436.20962177227443,21.191012454352286,1
127.0264913580042,179.89451441533862,87.53189870762012,361.92402834756734,12.252762580957464,1
132.37628260845085,203.9809932598977,113.14380903693859,488.9852203232973,18.99430295641875,1
129.30478986648637,225.40658571590703,120.44679213805418,562.1025455389882,20.706918018510564,1
115.73984530351538,192.5590358626778,99.33973705468871,355.8611776621881,24.10401140339509,1
131.18316558481337,194.87844175894568,112.5698665329419,324.8843706624977,18.79393489704289,1
120.57491203187865,219.82959582465634,135.61098950460936,450.51428312560085,17.921873358409634,1
126.93634451838835,182.495696983768,92.65300061150855,370.8536535486612,17.37869145232466,1
126.50380932448151,233.00540406134894,138.21147998231896,674.5383459979646,19.709742994342548,1
122.19674067408064,195.5704799485485,129.03899798982724,323.87624775810997,28.181554202706273,1
127.49224421784137,204.34560427756446,105.61365665138298,592.6814886397494,25.982089297153966,1
130.04119636432026,183.58498377620512,91.98814590823426,259.9762865277021,13.598990891188844,1
140.7883413686674,173.71585893339704,83.77201327211932,397.20980874168873,12.316619645651883,1
123.02150520170923,227.63268351687503,141.2206238809432,515.3838854631949,19.277012556579795,1
121.80169338078053,219.2679746281554,133.08343673440416,505.32522174214733,20.71946895653808,1
131.85128149518195,203.4352173189313,120.60400930778972,378.9553179817117,23.639057550527703,1
127.91443623654648,198.54968608173,114.18935391170703,406.5757949461887,21.33608332243175,1
135.93048012733183,202.99531705414745,114.75583054376618,391.02308359924103,13.72148423512727,1
128.44568343878302,188.20512143597406,94.09650387420695,305.5693981721033,16.022258577671185,1
143.2093274816789,206.90159800749825,111.60639207021217,536.513687010011,20.640113685001882,1
120.78494698430748,219.8973093790614,123.3206199445978,657.7793210791814,24.777237436399048,1
126.04320625767183,204.73650830001347,118.53871905715943,379.32211307953037,19.497461000693942,1
122.28998105323532,229.38162893082617,141.20560359021349,472.8751009868626,24.35545958431395,1
132.19026838933803,220.10675243721087,128.34863954075448,452.4969481120875,26.172395219927292,1
124.05045474648452,204.1189072106031,120.05293155547639,416.19647494302967,23.937119132939948,1
120.40238665357347,226.51715519604005,126.5294107722775,659.6041668927377,22.540847704518637,1
120.65693608628382,225.45785261132363,141.70474323710724,594.5448413818701,24.227332343719038,1
122.35295473464171,186.08478071719378,92.76347934136157,300.0414406403644,16.66209683394476,1
130.84294439069808,224.6163506204313,126.10471604039633,567.6302035892148,15.2270941082875,1
135.59456645969883,193.5250850946874,94.21593032985261,563.3134984115925,28.63284273954533,1
116.65012068288902,232.42040940606722,149.72283846532986,530.8620609714287,22.12788360231505,1
130.91472921684286,215.02456108947985,118.2414892621282,570.3583969210847,21.58792990671933,1
132.0319727413063,222.85166270674978,148.49060233128293,444.180811457858,15.532182720153585,1
139.70082555364132,206.4374645773865,110.61787585268539,522.993804588881,21.43156701749452,1
131.4784805131937,210.8384148261722,116.19887399250513,568.0010913666628,33.21230383449233,1
121.10257605357798,172.68643547102144,78.99384743847767,207.80064624565878,11.622751016684415,1
126.53059839728654,206.71583310995806,109.78157424942849,443.9569852717529,22.85236421048404,1
120.94733775744577,220.1507250114211,122.59380468208506,536.8898394996547,30.167037069444035,1
126.44688371319877,228.36180894441264,125.90942728700539,562.9187745842354,19.615708246262866,1
123.24546347094078,176.8431630407823,90.78580497417313,212.68924497531742,17.360770227127972,1
128.96438432682973,210.01620983274998,122.94343286775644,440.5435135731374,23.933912189965213,1
129.593170564228,207.36324816684342,123.76167757008976,464.65271880868033,26.472913773574994,1
117.03874926879647,214.86967431232296,134.35419053512092,441.43698221944,21.40256969212053,1
137.86087012893577,235.13116833288416,126.64449334349108,672.9295804862804,28.023447523116698,1
128.68802674189874,206.07317681407986,110.87531624940584,419.3908631910448,22.571371798997,1
131.25596564507745,242.1148095961503,153.93328661125935,598.9316924326885,19.463336781324394,1
139.0375248574986,190.6807130421825,90.19512168728409,563.2958431009749,23.823317670980213,1
132.16480938441669,214.36630610980137,115.29745985465601,590.7871303731552,26.572570237821886,1
125.88219930972414,209.9992854249702,118.49250717154271,531.673554011377,18.3299477269599,1
128.03137189705782,183.00581905585483,89.13742647795118,255.33022537873032,15.110307189483269,1
122.41181491084731,198.42748576574652,119.28192414701034,338.47327912992097,15.07754600526738,1
119.4359908781768,215.70690492015675,127.12551388416959,478.14334376749554,15.743612422294898,1
128.76074831304445,196.77459262569806,103.54333070137285,361.8974655675914,16.194956369697948,1
129.0117690389547,202.3550513430627,118.86052739570312,427.087287094503,21.175092493720882,1
124.90253982977978,202.71129441551398,115.18280926293606,354.50165208359425,16.736467045700486,1
112.51482073480157,173.57820346207342,86.81902498652073,202.65102405781306,15.55919922183649,1
126.71481100176541,204.51038905268402,108.07898951790912,438.5250345100678,20.696881555659836,1
127.72413161352098,189.72169895120655,96.8512580694457,301.52509153657064,17.44549284285447,1
125.67767856796016,219.31956869169187,130.76109308853472,603.3564695388718,28.488036600184195,1
126.97164146004482,202.9697434461193,119.73239665133254,436.41353365722983,22.280645665348715,1
127.42553854504162,205.4366180175665,114.30636497264788,440.5633819824335,12.618603365502798,1
109.27497979749997,212.98082995702643,124.98985681564166,463.9955644839052,21.229133153915157,1
129.0667562651459,202.67205586176857,107.06482433725976,566.5293634207349,36.7350528014995,1
132.6351077156724,208.53412602166856,115.51893627111788,459.7855118245248,28.915218735849678,1
116.67830492432954,218.63254054711606,139.12802311639706,500.6848805010785,18.49305514888116,1
131.24696581960518,209.9312047191069,118.21130262863883,466.07269604633086,19.529303766074253,1
128.856063268623,180.60645500176707,88.93331985684729,258.3212222597948,14.45945300545146,1
121.76718067847762,191.48713682021753,107.57862823809042,437.94810269769556,18.09735313431844,1
135.68787968224962,189.17978483817342,101.30201317239982,330.54713469145577,17.832964809158494,1
136.74147701706505,197.66864068010742,112.20371181156167,486.2802675601997,17.30925149171648,1
144.60208562959107,210.28982204686045,123.58041556089533,415.71353619364265,17.390503918109818,1
109.75276861312945,172.03340436923,88.91871353731874,208.51631175070082,15.516073922871776,1
138.90083667512326,207.54012042663766,114.26997082990444,534.8403856480938,26.434871342300212,1
121.56634826842682,199.49719698849486,120.73280409521149,339.5915045552278,15.074243430271581,1
133.27575196624468,232.44408530121189,140.77556053148865,554.0647440666676,18.738524149452136,1
128.50206768597457,188.71741717915498,93.58050816726674,299.68043424059704,16.620952779887144,1
128.61331314451215,200.91950874735358,119.33430781378678,436.56159692843397,23.881915507724408,1
137.02457211639617,205.19286590018606,111.2486771826297,513.1276379447701,21.201526330734175,1
138.10895520809015,215.66496743864565,112.64396781015569,534.2607803131297,28.534822169738142,1
122.98525603219355,205.24944360327717,115.17501701541671,377.32093796094006,16.298715319831793,1
110.5147680877323,213.34850598773278,126.22259303980408,468.10737847876726,19.309062622961953,1
129.72155164941964,187.40860951392,94.40382194568679,307.543235190514,15.34261689666883,1
128.5108972678698,222.15641453113352,130.72817130383143,448.4946921209592,24.229272648423127,1
122.29322121003851,238.85043404971816,139.72851999882266,542.2443625693442,23.861678436132056,1
121.73633056622657,211.1006264569834,121.64414282295553,461.2626740648765,19.715874802843647,1
118.20393664497955,175.71488679008314,85.19850651641276,192.66399478070352,17.527018844752682,1
121.31521627115087,179.805061875112,95.993994331243,275.3709733398179,14.464286421181692,1
120.15137638260475,230.42515318902582,135.5335379002052,389.4365479095299,21.948856411067908,1
129.34120004769235,182.62464629026633,94.67040707039277,277.79078502922545,19.36492067521388,1
123.33280459296735,170.81495546192585,75.9769099741178,221.77917006638555,8.104769219110752,1
150.1625885682223,224.7835015025879,143.68675174682522,538.1112999191032,13.948079590773066,1
124.04393390280002,200.77957605603342,119.33108350202562,389.2915946249993,17.64890191552346,1
133.50797020567316,210.39972310428575,115.45815342292418,600.1183609209949,26.752150869406808,1
132.75660319833392,189.8706067186546,104.07825043538685,270.77970223610856,14.281956640889124,1
124.0086094064025,211.7074760027437,119.96273833343507,521.4403405739434,23.080810749139918,1
131.51436663149605,209.3898610798657,115.82399511647242,463.05829988725947,23.85852249148656,1
122.57669808039333,212.81673163059025,121.87361356241486,460.4710392806255,20.134044806267916,1
135.8401637120695,200.39219422072867,107.61818334328375,449.9342447103289,16.328515602638294,1
130.62869685747202,225.5196641097153,126.69926971654036,566.8944230351065,15.30716786369614,1
132.39196164241454,201.95858524183893,110.74680866542259,483.74785211815976,22.584126214203433,1
122.79331950813709,205.45471476421073,129.82763061620076,413.07055992316634,17.84999581504099,1
132.09955976246613,206.85500120356204,123.2275649776367,436.33135120074655,22.188685130789708,1
121.00385452792955,216.08580951639016,121.32556865424428,657.2175104016999,25.415940512419272,1
131.13887282806863,209.78201528483245,143.52658502600403,410.20331353575153,15.673909811476898,1
130.58762173522783,192.76972389656245,113.68753798050251,336.1895600040401,14.078033382800431,1
138.90418626280587,205.87712598831928,111.18682580958206,518.9232972163154,21.155480723300386,1
129.4843380589006,199.05945487026133,120.09683204264198,422.1053104569325,19.607062032872985,1
128.42971513832637,222.3511503333487,131.3034197205467,448.4155873379966,24.081638665966715,1
121.72199320243685,236.97030579573791,137.47904452490263,542.2229268814154,24.251128963600785,1
122.42766281296889,198.17222581713514,130.36312387939915,323.26521211125447,23.438520368264903,1
118.55789247023023,223.58367214410555,122.83699022375731,539.8662568996767,28.856456289319933,1
122.31931124809081,211.98856017633287,124.37259662349202,528.8179525285017,24.028954249729278,1
118.11299032947719,194.22241859681878,103.22645916358904,328.45826099441837,22.249395877808915,1
121.51437026890677,205.55218372561617,116.9917834695965,380.0362491247807,16.253103031690596,1
132.63243612581368,198.3222927415167,113.15594019880484,323.4406344138426,18.613791516282703,1
121.93283043673802,191.46668516419956,107.34143748302786,438.1186622144986,17.736519651578664,1
131.00519842796504,210.99249343942796,111.10850847209815,618.6786683607593,23.101237682339757,1
127.94652369338333,206.6381709324771,110.60581960224751,445.8881682587702,22.605973548100117,1
110.18831967974789,168.84746903723908,80.50181648402997,207.86896952410385,9.301331375300048,1
135.89582641078798,194.7412818903587,99.97524277666793,453.4602510636692,19.3430707649376,1
126.48603041592128,192.09748698427083,111.89455906386591,336.6892520783069,16.26306554392835,1
133.57575936621964,201.62626411984309,116.18313028737307,479.49902110301844,22.625456642151327,1
111.65339645605587,170.89307618776954,79.67577938833358,151.14001937659938,14.78120220471465,1
127.67974571583642,203.5326779919733,119.90036274462946,438.5953772921587,24.55624170526481,1
118.29762152832566,238.6375405852323,156.30324220737438,529.8372932554435,19.788963696704855,1
130.54641694576395,209.5266266150164,113.78186609347524,530.7366737615531,20.492262019044865,1
131.05953956499533,230.03488270113704,138.49987073957323,565.2103745653587,12.94829811717931,1
127.32938258581169,213.61733953565613,126.16379847232622,533.326951145669,20.93336176433622,1
121.74005799684184,209.3537367951581,121.66502062430804,462.22138597698233,20.00077741819191,1
119.53997799539312,191.90853648125957,105.76847538193046,331.9261900382051,22.470225626169622,1
131.37293896405745,200.69599254903073,121.65439868236342,420.20774107837053,18.829164554499904,1
129.61811898263866,236.76354163029012,132.7012589584578,661.4298914559752,21.441743655105764,1
126.78732592313538,203.64222043386715,107.4087704616122,436.3867580143665,19.848380142463522,1
131.2301674955327,183.8097494329047,95.00764965913625,276.0393017499047,21.499419313982195,1
130.31631571426144,208.64198464961305,113.81672921152884,530.6433604207266,19.92088191312181,1
131.21705000909515,207.84714191193777,111.73381771817829,531.6653715180242,24.069407360720213,1
132.2312827823102,205.11247259549629,114.62846883010768,491.45814929034395,17.16063878302638,1
131.96861481222868,212.8167640319044,113.25316110365317,594.8852653350381,29.175883869218247,1
126.16780086802429,198.16875621570512,119.63337831785765,400.8692598390416,19.90409825689712,1
131.8804162903135,198.73975736233717,106.27762935832912,361.91374504683955,17.479973756445105,1
125.07584886918116,236.5845455147607,141.41795604852007,671.389696945355,20.729155626137928,1
128.35367288792233,211.55346930318962,140.68215270251545,411.1960459054992,24.82099263298589,1
128.19291718527163,203.86367897913445,107.07967848289249,591.5284254969512,24.868514540306776,1
125.79537127673652,212.00427833627944,122.8709063971736,456.9460201721549,16.626578140868176,1
130.12831241041025,206.77346467846127,115.86132431897428,483.38543348869825,22.32869595403053,1
126.5653539610321,216.33727318303798,132.37760333175717,500.6611599694318,26.65667592082283,1
135.49970914354876,221.2084689181754,118.12155803962656,607.6337184360082,25.256613189142815,1
134.77473165815587,195.5225003642299,103.58738453196868,450.4416909998297,18.62729008411703,1
110.82666059812887,182.56941004175727,93.87656521989473,306.2894670619942,17.30128642475501,1
133.03068320450234,217.244433610934,114.60456799909252,613.5974706755621,23.83766532170676,1
114.72891511055263,214.4519984089139,119.92027334300278,543.0592789742356,25.853641081368437,1
136.72583690365096,208.04595253271262,114.68210477800919,535.7122677462821,25.858161953685034,1
125.51056267199415,209.80220700142468,115.68374445267048,427.0901495300664,20.290586465323045,1
119.56014881442789,176.48824756779192,90.68637069142918,210.88473501875905,19.658745609358718,1
131.98726477323012,208.99198055545685,128.90387816182437,492.3326865210114,17.28717140459648,1
131.32313715386152,192.7186067084696,98.37879682568813,432.04472079229754,20.16335681276248,1
130.12903064051756,210.3552610523514,142.47822003030814,410.60368742926664,19.016171129878252,1
136.53442756484543,223.8192684698965,128.92836712286442,617.7730037570304,22.197993308749496,1
130.11252976828405,223.3681859331177,133.44058252065324,445.3116781585146,22.82224846797984,1
129.5933203264133,209.00064236010348,118.2286264995725,531.1945514931033,13.131368599543375,1
119.74176281933063,203.15170697838604,120.35568023621265,420.120601509897,21.368381885330976,1
111.31676559577136,213.5501110623447,126.4171087011334,468.88056717036454,18.857586972286473,1
132.16506533881963,216.11788382095975,115.68661528541152,603.5263400902138,26.796878463733563,1
124.0569200667448,202.1332677341547,116.58384324374482,350.79692836424374,16.338785522107187,1
137.09600211097515,201.3532869616083,124.11196874214524,371.02506040410265,19.472058809094648,1
123.07125974293415,200.50046499355287,120.21963662610706,338.3286579717938,16.917634808326333,1
131.34899993204945,176.62833785758326,87.50351999514159,262.5833064767408,15.171910412259294,1
131.09240259059345,221.62485933952004,150.74441847646713,446.8199613225708,14.866451110158428,1
118.08422203419113,215.48614516346012,133.8995321716681,502.0597743820249,20.78671723977869,1
128.0308127667405,181.41971613245244,87.8088650375685,361.60824320158673,13.44576192118462,1
114.57994634160838,195.73298833368187,101.87896112422715,361.155801377803,22.40116254225105,1
128.77533314554245,201.74008557576337,119.04345654303236,432.0667123604983,22.680843505046898,1
112.01155394631816,198.92936274956557,110.40813971404658,411.9396575026827,23.964378295601374,1
119.78547995628898,200.48514880070744,104.08910719302928,328.2028355761233,14.787608821792933,1
125.34636631579679,199.4586660213552,123.89976981371505,396.02728345447247,19.365026048540976,1
130.76661490981698,194.5915568338445,110.85174174481278,347.4587753703785,19.34667036469482,1
120.52137647724288,228.59885390302617,149.46695147512386,593.5415259841827,23.95683980574882,1
129.09297482259885,206.88369165469376,116.84997910632758,484.1051019074705,21.792937134694913,1
117.84376310201417,216.7692253063369,123.16706874266738,482.43007063313985,22.211556990192175,1
127.42899735198681,201.81162633887865,105.915892958757,434.91995440722883,19.55279409164316,1
136.76537834585392,236.45345591923032,128.28186311915252,671.298707118297,27.93777036444792,1
135.15164729745578,197.28818204696523,104.26439926761725,451.649430865549,17.607259842171818,1
132.07378737605643,213.2802454127914,124.8038530910147,503.09835042104527,26.892714243699274,1
127.7772354399553,197.2506655901144,105.72541862629609,360.90047368228755,16.303316978852674,1
122.22583908935543,173.05398305192915,87.82136190245967,218.91380669255122,12.277549714337816,1
124.35032963053605,182.48082478831503,90.54583730994617,295.4697896800278,14.040655935669822,1
101.70638984467809,168.3131440042777,85.29129230083905,199.143576600297,11.469989950465889,1
119.93457685691601,228.2011107500973,134.62501904734705,478.80324561737996,22.46606588216775,1
128.14123059340628,190.7525644114782,103.47632426935994,348.32004949184966,23.238247476417992,1
132.3636046393619,194.13212906896095,110.95479322398826,350.4327004090781,20.48654706560318,1
134.07575257154474,216.7193313706662,123.93200848280331,458.8408853558335,26.87548697229948,1
129.2584304991474,209.8742588038381,110.32731441276898,482.28015061003816,25.109328529566113,1
116.5038862211244,231.9187013439772,149.6107644852729,530.6367221196704,22.71669805047312,1
128.20339826483738,202.94075690109233,109.04070972894175,368.3978007154598,16.668204841776223,1
123.09748585746775,178.5439000393024,90.68068086527276,212.50939401208834,20.51485500917581,1
130.91517367766298,222.85126481716995,134.19523661429753,579.5064918815712,20.945018091276708,1
119.49095139184375,216.58130580298595,121.5400798589483,485.4081039059752,22.33008090177972,1
135.925762452317,194.05555747704358,99.25880039552669,453.4776268886061,19.775420105668314,1
117.70000676686038,229.67926261359494,150.34645059454334,523.9429308519472,24.97181832759895,1
129.84241910490059,205.52450022549206,109.65115923574368,592.396988970924,25.671442728335382,1
121.37063770658347,192.3529242091822,107.79590591792005,334.40949272059805,20.248030989704603,1
122.62810885244953,204.26712543911174,113.47964353125238,460.70351074425383,18.884089130942595,1
132.25135759283208,193.20745295915373,113.61126316257531,417.30021509817976,18.477159557801208,1
117.60197263467411,212.5016435428887,119.52486476207798,523.4834176233026,26.886750932191337,1
121.63312980107295,205.31923648315723,117.10887717722632,380.506410669931,16.31382479366357,1
115.3921545512548,227.02410755065188,151.95642859433823,527.7358327789046,30.15131436147376,1
119.75459031581944,179.38712768456531,93.33164172097324,225.30900306150588,15.306797811394759,1
142.66567608618394,221.07950322961747,140.08423678685867,542.3356563397836,15.509045927601155,1
115.38140408628111,224.17681827527727,137.88926680344775,572.7847788395221,33.56252765844179,1
120.03994052029431,224.80542801703828,136.27792301585995,593.3094379412631,25.93471613181184,1
126.99573311367425,203.8605926973089,111.6482758392464,370.6508139193985,17.879985099004514,1
138.35638616227158,205.4626648492015,111.13908151344133,516.3166617950303,21.129658245571722,1
126.48257700303976,202.4274439273915,119.73661321244458,371.1436361545241,23.448288197555335,1
132.57205625208687,175.70223513517115,87.58857024445028,264.5961623985452,15.268896142807792,1
134.04936068085073,206.3436009960288,108.35900157247848,521.3324732722106,22.07467224780427,1
121.82101901848908,205.91917634518515,126.70805961387595,405.166948038841,19.868459655515284,1
139.3195651488103,200.56925319004475,111.09297104764373,484.21444789303723,24.48240010817566,1
126.16021894549145,194.0160155510527,112.1032520472715,341.1178981408857,15.884551714624306,1
122.86203406755519,197.6867163961444,118.27980905188913,338.66764999771715,15.110411393000588,1
125.63798253118544,213.9547756807156,117.34575656011616,474.40238048923055,22.967698810520538,1
128.95632820060098,184.81925272470377,90.84268944365088,251.21441058664442,14.533485559423665,1
128.27373029797982,201.0194233690361,103.70820217691515,567.3084026451576,35.810502181966584,1
129.89490435649037,188.5912561423069,97.95963962705167,311.7933777681448,15.314279737187421,1
126.92185672778368,190.45482719794072,100.36858727121394,306.4037668625656,17.95531252349281,1
119.90570186616726,219.30142731455015,135.235578930129,448.4942257164934,18.045807440602445,1
111.934411143747,212.9428310187629,128.63863139138348,476.6656399416622,27.160864499609033,1
144.0246766798058,213.87259277981147,124.30004733350056,485.97504008165123,23.955965276625957,1
130.86424882007447,185.42959280787264,96.16243536733705,279.70590855952605,22.06340092406447,1
119.663540143218,200.23982452313558,104.05275780369865,328.36238135288306,14.987046817278237,1
119.26464457832805,217.01040691542246,131.9385784159775,504.5643642694976,21.618358535397423,1
126.09061588431977,175.82803168823315,84.39966994914117,338.350172545463,17.53853301748397,1
144.64244099039206,203.71728462558573,116.17285701632046,431.86433990105365,12.53811575874788,1
130.76823744053482,185.42014902450032,103.00791663014788,321.14394994218225,21.21403481867936,1
129.50995410046505,188.70228179329416,110.24607249292107,327.8231147905798,18.95184555603587,1
117.70601011039285,212.5249055300172,119.69313183524646,523.5670480883967,26.799026424319962,1
115.14038323913849,208.04167120798417,119.20980124006492,546.5653532984023,23.170988478667585,1
128.37843525407806,214.38493132060492,124.61509018165508,563.0307294017846,17.39437237354227,1
124.14587618291246,176.08555462693067,83.91873145280704,213.29489539392392,15.566775111550111,1
128.40660829363125,196.53323120372394,117.46328562232588,396.13356744974635,20.38102485671338,1
128.82934058610442,201.2453973817283,119.41304047190516,436.59614097204593,22.86377160355521,1
106.991798348274,170.90819981485495,85.7835279234847,200.16675980909125,13.367115188020149,1
123.5266638332004,214.7566461509153,122.13301119509681,459.57616183582695,20.606751301232983,1
129.8125429453664,202.74709831424957,112.81217121000768,418.62454074351854,22.234036705278847,1
126.55862844595757,205.1764810138654,129.13575637004502,398.0275065136351,22.245011871470247,1
120.83267567869814,213.22400413561627,124.75010635640506,526.0804164094262,24.162618760994402,1
124.73732216158129,211.14770997500108,125.24964036701304,554.0897767975117,18.517043697566447,1
136.41161337858722,207.23193969206673,112.84627460758998,535.6658548037946,28.018299370849533,1
120.6008246986896,228.28035164354287,149.06832137224865,593.7903004800927,23.81611030195306,1
135.84310956316014,201.51771735282296,111.48475649403252,444.4822826471771,16.438867487261323,1
127.80773173289653,200.85784715218472,116.21897809356862,372.6426060023118,23.735869162415153,1
130.6566992357504,201.6240034182369,111.65714168122886,418.4984465603882,21.998846235080848,1
128.0281791436141,189.20589840530567,98.57412442431608,307.13435719859064,17.339330367407296,1
135.2935080032837,196.37386771704354,113.05198641074819,486.7086409877083,14.156777591163227,1
136.19522370821872,202.55145046880025,112.93094813211681,484.05131725628627,23.661402530001666,1
128.88720223446347,214.8365421349708,124.62938920578469,563.8731801820169,17.270913564514732,1
135.43289171734685,198.4479066558747,107.52151753114919,447.4532785041546,17.605996972072596,1
127.36540418149066,181.59116384759218,86.81100213053472,252.42057903089596,15.060418050943563,1
132.26565869313183,202.15358448462598,110.99008001822028,483.7452657650632,22.553913064845325,1
123.35287556335804,195.39055140627502,102.19063201540887,361.3336178459996,16.585237763473526,1
130.4110520879015,186.34701995102287,93.8961975247377,259.73910885700286,13.351803101276504,1
122.92079272143276,195.21726676465354,108.04083335764871,436.71414722906275,19.453466080241142,1
126.3036579613922,184.02023341713934,90.60681345236075,360.26068455927566,12.391173128518838,1
119.77128684259732,180.74706079282157,93.16280083382709,228.6776969151145,12.141626340362862,1
127.43110276861967,224.84074993289346,119.63237255216667,562.5031429379176,22.171801194165376,1
113.92934846434558,214.83374396512286,135.6834609554516,452.62050451402774,11.868931551281777,1
116.1737612294174,214.43492803898866,126.2772000132691,482.6906431411587,26.468933824589126,1
129.77087557675785,208.10742188938926,108.70403337802698,595.7624232279609,28.889091841972157,1
124.00949319577934,208.3353548614749,120.83880562305413,438.29324929954083,20.57580201293459,1
135.7750604402317,200.13569496994538,106.65566342228381,451.2918771032325,16.271223202458188,1
117.12254635671594,204.95200995883988,110.88767873294039,319.0292539266195,18.426297159574286,1
135.04095664476333,209.73242081438,119.4625077692557,462.974879648434,22.55724832415716,1
136.87604192504756,217.91858573467923,118.41820631172928,571.7047788268499,15.398566040808447,1
127.01941026371287,180.75205885991917,91.59285917449817,293.81389139456525,15.275414503143235,1
117.30768983816469,216.8830108545705,123.70059830248735,481.636799125738,22.14077541786824,1
141.0364822122743,202.50389091413564,109.7982188923152,428.78764361557444,16.61379776729877,1
132.58348016248797,198.3223633945414,104.7889979835368,362.61109205941705,17.342840647236528,1
121.26495675488076,177.4736992354271,92.63937462993921,217.93670230121538,20.713812704439523,1
136.86584526192115,194.61011836462998,113.77666209276933,388.0009823721011,20.22333151247165,1
130.12679288193988,175.32423008607358,80.92098589988693,384.4531113389677,16.474676841363998,1
125.80423671099297,194.14739459933236,112.7224343496335,339.7609186290482,16.063780507697388,1
124.92202584658978,194.29730306531374,113.69460021117426,339.5569999593486,15.260787998563641,1
131.43424992485458,211.3383091736141,111.29252437365835,603.0869145144832,29.359087159886734,1
125.06267855851911,205.85970255489022,132.29465711130896,407.7406730513958,19.42048377654587,1
117.45851078929387,218.44084009303572,129.84029373159402,567.7580793191217,27.24479632951707,1
129.30935037915054,200.27978196710313,119.63904054023499,423.95008761239905,20.18768835525142,1
122.04784327640722,199.92184357931274,117.63221469891722,428.58782001843883,29.37645357588447,1
131.5946211361316,206.07584486066787,114.69694107013507,486.6094217032623,20.50946762006832,1
127.23147548613537,190.36536366330057,100.72808649437434,307.8428476444429,17.695544148778673,1
132.40034597052716,203.23072123985997,115.5658781714646,532.0397177178172,15.281906943871284,1
130.66506908203158,206.62084746279592,110.06931836973108,482.9318257641967,24.224117747241678,1
131.69481799335352,205.93459362172473,114.68987082459867,487.4401757155896,19.951413015244928,1
149.4098485081455,225.36603016385604,145.26437206942788,540.7672413747922,14.451219314908228,1
121.75435259324026,227.53414922628332,139.65549518940477,471.5714110549684,24.09474380651233,1
133.24553808681858,163.1673966655102,76.03363013286211,266.8821796415284,13.193565929498849,1
126.74032360906635,191.9204304194914,100.66139031027296,363.8860837222371,15.632713123994883,1
122.32192568672964,181.5964727215998,86.16772973534513,372.1046154489832,19.21140586284261,1
116.77610463385632,197.83054231565748,112.65180283674232,308.083688681386,22.990854168030033,1
122.41045022353246,172.66721912034788,81.35541191525563,221.48155916688876,11.969090142623411,1
137.6401409233131,200.05821028130867,125.36629378989102,365.9280383273543,17.339569675256275,1
126.06333098444438,208.54835403380474,115.45658892780588,444.80453427986686,24.66105412535805,1
125.04653024716478,215.51094449576303,121.79086692906188,459.92814388769955,20.72560383145986,1
125.43579274269037,206.48638038073224,114.67201434198911,440.0713576105651,12.548878732136338,1
130.61038789377,217.41505915483356,124.90546990727438,566.81625023437,16.60901113914607,1
132.29354197293102,202.3368950584482,122.22098483269222,420.30846171959774,18.762517527446377,1
122.13158235745988,217.98055531935967,136.0150259738263,499.21198704622,26.17644606255727,1
127.72317318108107,200.81881785961144,120.68585452985805,403.2724482718352,21.845777158222724,1
123.62129702990794,180.80992632109636,93.3791629578706,239.75983826133935,10.281802533169378,1
128.31863433496957,207.06481343538837,116.8277896846495,486.651125061204,21.595447291705923,1
133.2095880507328,206.52540945607797,109.90474129726557,533.449347319636,28.64410006339241,1
130.33362690749453,191.88420924800704,98.65663281626595,365.2737555372378,18.963797964120257,1
120.79851989756848,207.85293970669025,117.37449323988055,534.721316576706,26.460170782674027,1
128.83676710121134,208.679998093952,109.14906786131019,580.2959451198911,24.431812746252493,1
128.49567422934055,188.6593275392119,93.6390173491745,300.34818875343956,16.55306634689279,1
128.9780125134721,206.79847552403598,107.62871878244486,594.6903940794838,27.87758336182904,1
139.0527095865137,211.30777745127074,111.80667290832362,528.6272505187785,24.707666822834526,1
113.02882797810392,207.98217869145458,118.07023970987468,544.0627049798384,24.4893717945195,1
130.91683236685805,217.42775941089826,117.0,668.3675866052962,17.61723329259768,1
133.1576564183966,183.58475751430123,95.04450888963551,291.3541282840787,19.235529501888934,1
132.35970363727517,202.6018832000978,122.73649121239197,376.3561508006625,23.662436467684987,1
128.0281057990715,189.44392375760776,95.51857609419228,299.6766086971485,17.252327102589213,1
116.83665067215674,203.26313789871463,127.68185483719911,431.14770119081874,25.155370758998952,1
139.42278193806624,213.15580633249849,125.76941704217019,420.28622260495086,18.181460392809004,1
129.62391067331907,209.03181383336607,119.9365886038787,466.370592658647,21.29837855175694,1
140.26199864472397,202.24327964586774,108.429081644801,428.12683442110813,17.489167935515386,1
133.06806884778962,189.50686337472945,101.86879465090367,455.37508780558124,17.11725079010591,1
122.07723443806599,221.0152911826036,136.4537557183622,455.0491477510669,17.64365142140334,1
130.50914273410177,188.2641563785231,100.23593469108981,314.8407561260051,16.025818839339543,1
111.03115236782284,222.46475592716405,130.27277354088667,486.55399295873053,18.71133051515423,1
125.87435083925703,218.91377399106514,124.61281843133041,540.0930552409975,22.852397037446586,1
136.30700170947011,197.80875161742736,110.37974526845987,362.15506565113003,16.68899939716522,1
129.0486997917516,202.09750407796835,118.95714325364274,426.69795106129635,21.052552625715524,1
129.48923817111438,187.35057581669298,108.02812358671618,324.9347349923797,19.961006188224808,1
137.85849667147585,207.55119600321456,114.17545066536823,536.6674170398874,27.735521917828844,1
136.0240048385946,201.1165066843837,110.33618416850058,446.10051006884805,16.49030008893381,1
133.74208068548725,209.16755623457303,120.48752751426748,463.3749146198075,23.490831919700437,1
133.68405329702617,195.55160782224354,114.5982984290066,350.9663994344639,14.778324307113365,1
119.37630307887287,224.4559025926866,132.40263565046163,594.1137587435328,27.59762281338954,1
129.1035537926048,222.11840653213986,130.74455336299243,448.6027193859987,24.578845089362098,1
133.78378577041317,201.19005733726888,116.30874558967334,479.1930253056868,22.601462544005727,1
107.71734142986423,200.17806105132115,112.9146624629752,411.66133888749437,23.593735884319,1
127.12217980101602,180.13265708618925,84.0080282285985,248.06696633756192,13.977775186938668,1
131.04940692048865,229.62289480263718,137.58756105746494,565.4152479402276,13.098103159007158,1
120.37398111680842,224.0917595221055,123.92502799680881,542.7747162027703,26.239483584841278,1
135.74426864723233,212.09019681179234,132.94078586086695,416.77647648803355,17.138940510137644,1
127.07875919964977,190.1446789259821,99.76020187668615,307.0900780947252,17.667923976598086,1
123.24707014499383,186.50434147156787,92.84285855310073,299.5457277194211,16.70122748023456,1
132.57417747788298,221.75797057679952,131.41517032474457,579.8067441656025,20.13940491135914,1
133.0186320765516,202.84351308679163,114.15844425646883,490.418035786476,16.244882834735456,1
125.3793951792171,244.2918236826791,156.5652605238951,604.7557576731595,19.346600003460946,1
122.00086401565088,222.43837696922245,139.36899223240457,459.54889904655477,18.82669678925414,1
132.51460529979394,195.88392838247435,113.8702009312954,419.0809638553259,19.410856774900576,1
128.3610867492529,211.45565618909657,140.66673684911245,411.2479292734339,24.831385946054972,1
117.58537994365626,231.50149894283828,148.16254629679293,527.800703978562,21.54513820180596,1
117.54224197014824,229.71022643738118,150.72877383263048,524.1931127089248,25.296851353011913,1
131.78457215326057,212.40442222641315,111.8810878350899,572.2398892229002,24.936877499657175,1
127.48824565888428,182.1381006069294,87.99653243874153,254.36720689453583,15.51043466178131,1
129.04369981948778,204.1936560547761,119.56150012043119,378.84345459969495,21.64946419413655,1
122.7978339,202.3428571,132.4857143,322.2857143,15.8353776,1
133.0501227245298,208.75421597186522,114.65178883221174,594.086040778737,27.23285688881177,1
122.69320827837244,218.3635809784945,136.537693931476,498.9253141959164,26.52027614349462,1
121.56929140005394,205.4394472720095,117.05003286946696,380.2737778749446,16.278471780685223,1
133.63698522121695,190.26149827135188,104.26177775557714,270.73054071629383,14.300580307439606,1
120.8945028761143,204.47396240556148,123.033893300383,387.9247860682782,17.88464874354477,1
114.61551384559593,214.51313518862585,127.96406183776963,480.6413622141964,26.683772080180002,1
134.47425676863872,168.8734001815145,81.93555977479241,259.7412190690244,14.645846429577393,1
125.04041330401353,197.56583331886247,120.35448038861014,399.4286244318377,19.026065354770914,1
122.4037071201557,203.86820221663467,117.81917204979014,383.31446276130396,16.74056214183487,1
132.2309201028218,198.89695970978374,113.89382799002153,322.87503559040886,18.714021396147025,1
123.5057728091957,207.92146660137027,120.71617206369555,436.72200678612774,18.9434232504323,1
138.19721683105587,225.96769988548002,132.4529610610834,514.8144548332041,25.457645382799633,1
132.08559910258074,203.55195298659427,120.64134349675268,378.0259391376304,23.980141931210035,1
131.7868164340899,211.54456135376958,128.1207264179753,468.4499159602203,17.932778329665016,1
121.93582194873972,230.38381818025715,140.2562325070346,475.7476028800899,23.945154566339554,1
131.89718901082165,198.72848087417185,106.2316430657711,361.9336062036709,17.476645929296073,1
130.26286733264854,202.5703768781558,118.76427696766414,375.4776161396306,23.96898734226235,1
128.4362621913052,232.5108527887544,128.85714416769858,559.2680404831042,18.066683391598662,1
120.44290117688564,223.37277577368107,126.2777569900241,562.3281455075809,30.571740005831924,1
115.35860756695972,216.84834421533742,120.60550423537607,542.6876216784235,26.35895052230239,1
133.13045888405043,196.1726529726256,113.72857734764952,392.7518108776142,21.73708870384496,1
135.420839293183,208.6640017740962,118.21852608216727,484.75029550798473,23.340668494873142,1
121.11824103586551,216.1160299747163,119.90723681302521,482.83211096297987,23.126620099187154,1
122.08890339438874,228.6880756163524,140.62368498156465,472.3856891296779,24.2575855500903,1
139.07632381180116,190.64993462084539,90.15768719114656,563.2179120681833,23.823877845807807,1
116.65524517970262,214.75966580626752,128.08603911329072,389.96030443249515,22.956191508716717,1
132.2414803193593,212.7338644647174,122.05558646593354,456.21069909407527,16.930467622713504,1
125.05140150957914,184.18417725899056,92.62234696588388,241.1200329251532,12.325993422240664,1
132.26761903085477,196.24922772803797,97.95060355479768,564.8173776820655,32.23290703391542,1
129.11730119366737,188.31226066022546,95.98302759436089,309.33916329515347,15.603725333486102,1
119.96725999590392,208.59893511444355,120.62594908255305,383.47837793199284,18.54965935586382,1
121.60831916836183,205.37531397727315,131.97966037566206,410.3668013740101,16.045768120564357,1
131.07301516888847,230.5827935377683,139.71316938987547,564.9379094210267,12.749069435709899,1
122.64946180019433,224.27802136330817,137.6630882829262,513.1453992329813,20.99159203748558,1
138.29754038360292,216.32875693572174,116.50978708332559,572.6074517608804,15.509555700907187,1
131.74662863092516,193.69466706234527,113.0268358293381,416.62022463783626,18.780708617690387,1
125.94509640412933,193.24569340897057,112.43889065832354,339.5275280899059,15.206093439395593,1
117.35360122646185,198.4003234762947,113.89782668126267,308.97921780944364,22.764844454319444,1
124.33625020504242,205.56096121426953,134.25488499841725,410.2225590176216,17.326286669529658,1
134.20306231488505,210.34725776927382,116.31313367415538,595.2471128698718,28.323531581110856,1
127.24996929209249,223.64047249677878,124.10890020861153,567.8888531935896,18.408283228010355,1
131.2884874714838,208.01100720668958,118.98384855603281,461.8163475484795,27.979850423066168,1
130.38802739307332,219.8666899636925,114.45416006327055,610.6491722356374,25.701217692597503,1
126.1776957739514,208.27162820659174,114.00567754810476,445.18761546501236,24.38546186333823,1
131.9582214134758,210.55256458796322,114.755042231013,501.97529109049265,27.075710904803202,1
126.72941784083218,223.2201048919449,136.06881368315388,505.10259003751383,20.499276397532128,1
138.46254815949524,185.6975077680289,96.1402829642471,338.17936197265965,14.82328051396883,1
119.7683900140859,217.48034057620563,121.69328660613158,537.314731720451,29.690371887386632,1
134.00883012536966,209.86779141961654,114.53132830540108,458.4485579865062,29.460054951723524,1
128.9468057951377,201.34561786774472,118.6732429958036,372.5390323576906,23.756741073699832,1
132.27338586823652,197.54251018250767,112.03256761127265,355.9884561808369,16.342994550947648,1
120.44943745982913,180.75813408736573,93.20091141037811,230.6297335665921,11.814032229846577,1
135.62994493580402,189.84773784155985,94.9156570359549,451.37578615392385,22.38164027733506,1
118.46942469617616,226.6551318141264,140.15343131233098,607.3104036326392,28.745114794397352,1
123.17511314542844,215.59043647684302,119.06252932165728,477.1779986537444,22.73598016013767,1
134.31543167604676,187.9938323294834,102.2647585911924,327.5394230969692,18.788096899288213,1
142.34990317644545,211.9436024386249,124.08387822129534,487.5949016630539,24.009497406296084,1
130.2834085838006,216.7666594147127,144.2432068601384,406.73609784828176,16.079953062731114,1
128.58123734683875,194.45016990167107,105.45811344438893,458.0485335039164,17.644024004332277,1
126.32096573437718,182.03946151518267,91.49371375608474,371.2699995800568,17.687921645110045,1
124.99692653529655,202.50826657272248,113.84745200245773,319.40443634667076,19.280910448225818,1
137.41491742483433,216.25414647030877,113.59165229546713,534.3033399008202,27.796723048195076,1
130.8180185080361,189.5511718914016,111.7326365903957,328.8626103964723,17.496676112144023,1
124.37775930074083,200.10868847786483,111.15626135093362,439.44582216938755,13.22625136120519,1
104.21693225576311,168.03601783270332,82.76684149192589,201.57780008817812,10.001338461322879,1
123.45401348893279,194.16936511612803,107.52757333024208,439.3002703257065,14.686493724251545,1
133.33931145156598,187.84351008961974,94.21216351958032,245.3166057648812,12.686179744478387,1
141.19239410376525,165.69616986798016,69.24059362914501,242.3725363284686,7.012557947464477,1
136.64521898165384,199.80914485291186,114.4886196820804,480.4808384573322,23.327843370828003,1
122.67583164666996,216.14188568155723,124.49577342681653,457.8148336465366,19.530494807129465,1
125.52954991654254,210.20591344900248,114.44010226790851,516.928661127186,23.161608071133685,1
145.79339598835998,204.13195031856424,118.71401883004816,433.8278162771563,10.960638586503729,1
128.89249249149873,202.91110644924862,120.12574669903401,374.10378306463787,23.67704377402079,1
131.40119116587996,188.81147716017838,95.57483144811627,249.40766326049902,12.842780812273878,1
124.20816022396144,176.55067475698723,84.63986008616371,212.56720974848412,16.235015695210368,1
109.9853733867999,219.2371465085695,135.71722361460542,384.32776353257884,20.360190963302927,1
132.53396537397867,211.12285793830242,124.14608480247168,462.3516788847092,27.500245023507574,1
131.48008720104306,210.78395347797235,112.48646584259139,610.9116760473051,24.324040373466673,1
122.6430412446437,207.9071436879263,117.05800211073549,532.8505310099671,26.927887612440262,1
129.74706484910237,186.82700510047374,94.4189755184456,303.3136228013502,16.673101643491655,1
131.9818769382984,215.75408204328863,116.62162259283137,580.1960566356026,23.47997950629554,1
116.9489529,214.5625,127.75,390.2083333,23.07050636,1
118.3143343678479,214.24713593268348,119.96664443037629,526.5641297087525,28.035497888023638,1
131.22712444515852,212.33995130404205,119.01596151004003,500.9043307977494,27.821716364922125,1
124.93340510504022,206.67884368244088,116.16666460653988,438.8768846664437,13.039316982216748,1
126.44685574819549,194.35027973908439,111.99975484037991,341.7126715001149,16.150262402217592,1
127.02850964990013,190.35736650062816,99.90100010865515,305.7552048935635,17.887538049108535,1
132.4827827509847,211.8405142707685,132.50790361442853,468.6312542135702,18.577112878140845,1
120.41789526341982,220.42510767878858,132.84483929580514,475.68541685986366,17.630877416323735,1
121.11193043826371,224.6401151235993,143.34028519500126,465.8852224840979,21.481780283959182,1
142.24895113676592,183.41841713935582,89.98104687664295,240.13039438058428,11.548540830203452,1
120.55153911215537,225.34640354770778,140.77771804926613,594.3338061789525,24.518992600065207,1
118.59284570422591,175.24784506365614,85.49955672251083,193.72209846034477,16.470768072686237,1
112.2042441716034,181.2305321263569,91.9611386304797,306.77728529330545,16.105039537394937,1
131.40497000583954,195.910974779094,114.96553671861008,393.99637834983054,21.720956331254484,1
125.99365309746446,180.0007299128972,87.1640820045098,244.50198424976932,11.904718527543718,1
120.78549877882377,205.35605354056742,130.9152642274272,410.0502539746913,15.917868867335322,1
118.41400743334323,183.50246268281091,101.08834594290127,271.580608873872,13.978552307255852,1
129.4820929246445,220.04097636156993,115.12381522288322,560.5105956683076,24.700695253053702,1
122.61936587102812,212.55571194629974,125.75027583059826,557.5155230863273,21.391880058244467,1
119.4904714880172,192.41040487697651,105.64039008074694,331.74425570448955,22.0567079675101,1
126.70711704266115,196.8859302610834,118.87902622216791,397.3449403678926,19.621542834044106,1
120.82695079347671,206.90035982374545,118.59683778917918,381.5615150965965,17.262006892678507,1
124.97954019797696,196.75314387304476,117.02594321890786,351.3222256364731,15.266849452931032,1
131.87675375580991,208.3563493561872,121.95956718069344,463.94940828072,24.83155934593014,1
136.13347791309513,165.84744261261773,75.36640746198375,250.6411503366267,11.843489483341518,1
135.69084956054053,201.66039049296998,111.36052113840049,444.66403509397713,16.854485531267194,1
133.23716196822872,183.5434754243619,94.90173946984126,293.0890952546451,18.829829110507443,1
133.72582271875754,210.96179934561928,112.30647201929347,625.6220888800593,23.68385260615568,1
125.03254237941394,213.23506543971402,123.50514130637914,556.9118515995218,19.084078582737327,1
136.4944723596107,212.48567541035072,131.15557115111437,417.88046702412043,17.44371833416562,1
127.24526056537813,205.52054858290668,114.36679497969281,440.47945141709334,12.536785285658963,1
114.96861353515081,215.5719959111888,135.4207713360109,450.29016655161666,13.329306815157132,1
129.76588691881696,200.93838912775772,115.5979168033343,419.1238049129419,21.061940771952326,1
130.56075820126551,208.0856470788083,113.76290876051439,530.7537019938065,19.810173871951097,1
129.8128467246687,202.7588748939411,112.79403310620131,418.62129001403576,22.241668269970408,1
123.90273038112545,249.00683914999632,144.65125958291745,388.53247003654826,20.63494335624465,1
115.61904967648277,208.18345995981358,119.48675826290199,547.0723722289607,22.920588993128852,1
135.99325944107582,190.90050379684695,107.32404157892944,331.9975144471082,14.199781509830204,1
118.78291314584395,225.4539845366922,138.04106948054084,608.1342947754738,29.14532209111016,1
129.07028394255215,177.6399782406399,91.69862402083454,277.1726729206407,15.0555317131422,1
128.11708801306094,202.75419020771864,110.3126995971734,366.76228421534285,16.903385275701357,1
119.1573997777679,212.6669586485763,127.94774208441336,393.20160830741435,23.13992352780851,1
137.83015991620155,201.54284891029613,112.01131529197636,484.13768202192614,24.091764835465927,1
130.20006123047946,197.6912931970657,98.72179473705384,581.0466479897082,23.695723390344593,1
134.34962439586576,220.74417539459785,121.8100241238757,570.1004656389407,15.201305029976,1
129.96259088172278,232.77268243380885,131.08962442614632,555.5660880980689,19.789414585769823,1
118.77087247155099,227.90877896582037,143.3883155671636,603.3653087038404,27.93186704277775,1
134.01813387585045,193.99464144935007,112.63234349080592,350.30809943324397,17.50835143563121,1
123.8064637405777,239.74674504571524,150.0703976785167,609.5363218812386,21.927674964268107,1
121.14318175021934,225.9720194019834,145.98154512515194,595.5184457306191,22.881766817162134,1
127.6098174059901,201.3108871815001,121.38068185818598,403.25394115298644,21.979488234521046,1
135.34822524245726,219.5453893716592,117.93818540059996,605.7000890981207,25.662096491990138,1
124.15300856196616,211.1707098617362,122.38203724182976,458.66138146246215,17.55285010856732,1
123.83102131179777,207.79260417324545,107.80291130584574,502.0014355266732,25.077687138590367,1
129.64528044421328,209.1752039440306,119.61179820448318,466.50395254698975,20.86559109194311,1
128.3987901979925,225.4381999067871,118.8393253251198,560.8716459894001,22.455694528620693,1
123.64217353140228,181.37937141851256,90.07732783308214,295.2756541726272,13.550860500949785,1
116.01001472387567,220.76639658909855,144.63777025116832,498.32598300368136,15.919180898076489,1
122.92908360207612,213.33597265282822,126.31834167655792,527.6285143138033,21.818053823841595,1
130.45219234731718,210.67995009815502,117.84033260921184,533.0698044771317,19.816096179415045,1
124.33716154730978,195.44867931949557,102.38601871153065,361.3287368780366,16.05863170261215,1
116.51373786108576,230.32447783154578,152.6571548616965,526.6664209161615,26.5765135941561,1
123.87713567603478,215.61858750100683,117.15955461947812,477.5519716906269,24.508000615121773,1
116.53230015093868,197.58999509334643,112.12576302454929,307.7056188904999,23.086269763708213,1
127.77924699183242,201.5266461834807,116.18273634533891,372.03252624274086,23.522575038402046,1
134.72787240556096,208.49623500965615,125.19765023586342,501.6492734368511,12.665265997565411,1
130.41806609002506,187.64428220354145,100.77123217231343,315.7425019215269,17.068097588984948,1
122.94592468932456,200.43558399146414,120.29210718952041,338.3114030759956,16.754653853382383,1
133.81444840309805,191.15637970850662,113.74580421748689,330.9947711910332,14.688758954200223,1
128.25054847124798,247.6832684069859,156.98927765916238,607.8336594830657,17.52088595483233,1
124.18726158803338,201.8426014935165,129.7982974901324,322.3970662644398,16.241422172214413,1
141.35117399721662,178.2622746718695,102.26782317906178,336.95907563259675,11.887103164358779,1
124.609030689448,201.2965082162534,119.33047494559531,338.540363130721,18.917293883181774,1
130.9665118247753,226.25242461034625,130.12396176029938,567.091315624991,14.323657186137954,1
133.29045023621163,207.8045531987835,109.7033083830379,533.1015039106136,28.761062765303638,1
124.74645360266928,193.11055272533957,111.46986788309525,338.79635635535834,16.24209097130832,1
127.17467526421169,236.68665326720003,137.08549482366004,665.9502774518371,20.882208379056436,1
120.63992080905331,182.02670888378532,92.89545400473114,230.13711255597735,12.754897858229157,1
127.99016938007806,202.2209645088435,120.71216808922189,416.2161039837532,26.448087285138723,1
127.81847214919569,200.40513184688538,120.10170848741464,403.28800733203866,21.733365350474063,1
130.84222192016327,204.36579574329068,120.47185966954156,436.8203355692644,15.204456496373925,1
121.01314221808201,220.21448678831158,136.54673093672352,455.7360988422119,16.525986653071662,1
130.6365059713561,186.06648929368544,92.42152355228401,307.26954276853866,15.42477796831329,1
127.23504467235884,226.31183938835218,143.0081482687504,403.3677096712004,23.25281476535802,1
123.06851600265992,182.46908009609103,92.70888727571813,230.9854443090579,17.496088658336106,1
123.58037111192444,192.8488508510743,110.20079905614273,337.2810353096489,17.62583246024502,1
130.33922727960143,200.66147565081667,117.20649094917748,399.4548696149299,18.68579140132965,1
127.76508598907103,179.148506393976,85.54606795897568,253.140979664529,14.370496845618783,1
118.97330482041916,197.6926305619314,103.6540682209015,328.3431354789881,18.10494277939775,1
116.27445908864286,206.7197780829298,114.62249810852681,315.2841896375435,19.86814018190268,1
135.32165770552908,197.6335659655487,102.37106660833041,429.0930194541647,19.653311822697663,1
133.33340758379435,203.12513069291833,121.40538708355699,376.7781284516931,23.045226840668775,1
131.10826635631648,187.04205435326026,96.7417533703162,271.0457905569991,18.122985507916084,1
124.11693194906157,178.50878483696505,89.68393209835223,209.70820904392366,19.297141936008135,1
124.17065121319285,222.86934877286708,122.3178261722315,567.8254384171503,21.367995838227095,1
132.8791703920563,210.44442108193437,124.94442316496608,437.350551999156,21.80689326962897,1
113.98402503913131,173.98973479172068,90.82622371778025,213.44504391402558,17.64374144897812,1
139.05487187425905,205.83783650854485,108.89147067902857,520.6521261139753,22.02515918689062,1
125.4583571528678,209.81439003229931,121.48879418418622,443.27731553140586,25.609359247349737,1
130.72267190652968,175.3465326276899,83.42937642419407,342.1729831412254,21.074740459863897,1
123.67548157942646,199.98792995681333,107.07242016512367,326.62376846841386,15.975826782906276,1
118.42024874660713,223.80946462406598,122.85945299900378,540.0760758516113,28.755623208518443,1
131.16460044120612,212.59168735209707,112.25715970941421,570.6636060550476,25.972850313094828,1
121.09687670582505,224.56104279388606,143.51865082831506,465.68355132470384,21.382370593064017,1
124.43822990357575,215.35162636118932,126.8624070673607,545.2353167701428,20.98636773187581,1
133.76513883230393,195.69444474992602,113.83737773194399,392.6510202194086,22.25014303914196,1
136.60668546346415,181.87895255158568,87.02131298649742,242.41392377780969,12.116111714347012,1
117.00616906203321,233.8672228470978,151.7638615512453,534.6624866485172,20.8410777760266,1
126.3453716959047,213.04936469317641,114.04602912648632,479.5143886942733,24.812539907587073,1
136.38882095461733,179.09762893549896,92.30885368981797,392.7303425175627,14.699587111428803,1
119.29040623272512,230.0693920905812,148.96351539003973,596.566087830509,26.53026551282792,1
140.36344564849256,202.57473969756217,118.66899741927607,442.9156834412464,17.845982490461775,1
129.31313944416777,203.13399190077212,119.2004176937888,428.0503219270918,21.286336678092592,1
124.30566250228044,180.82110109593086,93.41762279564261,241.7297641909655,9.951206213571405,1
120.8788927647996,218.27111701423996,122.5289210328903,657.342460193831,25.311456803337833,1
139.65713607118136,202.03974530502006,107.35980152865355,427.6107501983663,18.172821759733587,1
125.39290005611119,207.21289836019332,108.39277960010006,433.0972920596015,19.361106255589345,1
138.20633860931864,214.29348421921972,113.03792820513772,534.7741642490621,28.369163606245134,1
126.47972636899152,179.90532907076582,86.29313087562673,359.881641746564,11.362411097149517,1
128.76116685660665,191.72741481577293,111.05540721976419,385.93548014218027,20.40496080541078,1
136.49989964166207,222.49233292440204,117.92356934905835,672.2281315340559,17.721998010113644,1
132.71142206600794,207.28511931014424,110.22698614560352,524.4605925735029,21.375796180351678,1
120.91614552130585,191.2278872916663,103.87015767292598,336.2428259550372,23.094756175717517,1
125.526876711206,191.18733007507026,102.21844507458393,346.78115345087446,22.865819760801937,1
132.33575093757125,211.19323150009248,113.4522814995651,531.5013706005543,22.434935876817224,1
132.2762864330901,201.30704421193482,125.1571829851711,373.75849481886183,23.2402279519066,1
136.51004027691266,214.34476969344271,122.42437127160058,513.793859095288,14.076744277129379,1
138.40139279639712,165.29027759358337,72.00894551537996,246.93057600336223,9.523560488704494,1
128.86389834506295,221.18129915916504,130.05292682462346,448.7379072089968,22.891171694335178,1
124.76029667583595,181.96443752858457,93.1593771046106,242.10405766887678,10.658727479798273,1
141.4516779915435,169.04162983134168,73.11519507301499,241.97444390387926,7.821732973461577,1
131.65211136904347,220.45747672339402,128.76635805766,451.8180040562311,25.894565779245422,1
130.66902823470127,221.34546154683443,122.9518405482954,606.1780463034518,26.81136204686525,1
137.02356695386052,200.92950959231004,108.12557689021499,439.27252788621723,18.820499926230173,1
119.43922126232248,216.43057741304185,121.57918113964102,484.79100072455316,22.422216698070066,1
137.63581669511592,204.90952762132386,110.95640750071253,512.9404656700847,21.140482211821343,1
131.54605599516373,185.33354339429167,91.59698952188462,306.3551878473687,15.344425205420098,1
131.11610554915336,210.0153686151392,115.31278526989018,497.4152355851459,25.366861782521624,1
129.54424478889445,176.7357277160813,79.9672842405947,245.27050826939794,12.229287374728724,1
137.6429201230058,204.922556409011,111.07229353373585,512.9237448837617,21.097747136479974,1
120.57305144221401,226.03171468869985,144.65724551018562,598.3895052184303,24.133001285131716,1
119.53006268595152,194.2014634748622,105.27720320756877,330.9706178860868,20.439451777458626,1
128.83897222682418,217.0474092922104,116.48991059212004,571.3024706487179,23.74475907870928,1
130.19988286087633,198.11606604177763,120.71509177168905,419.8716436012659,18.89727117260518,1
121.19557719936023,218.9287932375299,122.8185484955155,535.2641012859176,30.058855053930024,1
122.04902574602536,180.7842532293268,93.29080476191709,235.23410150873906,11.041319371532376,1
127.24932363827742,179.3180441130107,83.56005467703858,248.24618353136594,13.73913335314024,1
125.88657065099216,193.69689803332938,112.20205943656744,340.55007602651915,15.630881300343235,1
130.5120336571293,203.78382742073745,120.02630931082064,436.86521337508236,14.933187969253758,1
131.99850293498312,198.92934079130774,113.98475497535172,322.6839188398442,18.772290182194645,1
127.43092146774435,190.27501416800322,100.66929250905822,308.20804872995535,17.53886748153481,1
128.61620276333417,192.97184133478487,113.15730780520148,337.60700700599205,14.55705693968018,1
119.27240127869415,201.27731878020916,118.32826612340817,312.766456115961,21.687498055419574,1
136.35090597705423,202.5355762567633,118.94631354422198,443.4655047920093,18.62804033053605,1
120.71998794345613,216.35336950772935,147.38301192201538,493.45284189572607,16.563511163097715,1
126.20708067566501,207.35187459125686,114.2401493345997,532.8911550955319,27.597610018089636,1
125.1887478404653,193.85845127431722,113.10092015051677,339.67215051355646,15.280258342317541,1
127.99721936006935,200.4018811562132,119.19493038104264,407.6012327817878,23.408965262347387,1
135.44576581286384,199.79699206669983,105.30654622205843,453.4616481698153,16.23211906415805,1
117.22099405826043,234.05333806864743,154.65083782690223,535.7348997258698,21.826919923539077,1
143.13602938755562,203.21038189091516,113.50981247677706,430.57903098100303,14.240757148996279,1
128.99191332387704,214.48070119635292,123.80870368896382,453.6644112244965,15.414590709673625,1
142.44826804621937,183.41731597168464,89.84443697145662,240.21437321056976,11.391345740454696,1
131.16526976022962,212.7565137208416,112.40217829464969,570.9281491763523,25.867264876546052,1
130.8844238451055,185.84181711246657,92.21752638433449,307.2806106416496,15.375933951038562,1
121.98257604195076,195.5355029481365,128.12406279944818,323.1722129403057,28.452268951747815,1
121.5878983542703,199.61594742353614,120.8916404664908,338.8891064712106,15.047787069010633,1
133.28982295837196,203.55169033215006,110.77749838949332,450.7032223442146,22.502938557907548,1
129.31211141252646,202.65841795117495,104.55793548316281,564.4180252463552,33.88096053093739,1
129.70263787642008,204.0219703398847,111.4083055800463,418.0710415533757,23.419772107012214,1
136.12105258264768,200.96398907421062,110.57021269509633,483.99040863338007,23.59956432100743,1
140.40065424578253,196.60923622743226,115.33723167650686,390.7470414846112,20.807990511569685,1
123.44816180980413,186.0959970661244,91.49735499514578,368.62385134387284,17.939184281041648,1
130.56156366543658,195.69291392287263,115.55391000301627,350.9494550071551,14.884831104814744,1
117.57020894860281,180.61642595733446,98.04159035442892,273.61867158625176,14.174467993338512,1
137.3156043175196,198.62547337703433,112.11370367341368,533.4879924612309,17.320509303721344,1
134.21236240262812,201.32241135983625,104.66960061118657,432.8553280523885,21.188130737522386,1
131.36432389733127,196.10053873722543,105.0707958582294,362.90416949979965,18.930091821052436,1
134.91249329599685,225.53712963166478,140.352525668325,435.97553529524845,17.8484545668836,1
124.71262540137195,173.8103873274324,78.05663759565162,230.5100068086566,9.805308317452985,1
134.6518513789557,215.7767413919169,120.21804543930406,569.7316728177394,16.27247305675077,1
129.86439637271127,214.10285859828514,124.14411949561801,452.6328298991985,14.288263226123146,1
131.74853240557573,177.58414810662512,87.90178400881419,262.33482239633724,15.517241498136563,1
120.56667249636021,176.37398328600477,93.48766922069649,220.24408264781093,19.57470814750029,1
136.7508888689169,212.30560110399696,125.9211386759337,427.5633078106031,19.48411193548999,1
125.66277585828287,221.08812495260858,120.47070985914756,568.9164734752844,22.00931428103786,1
131.46548653981358,196.68745703597736,97.50087113985708,578.5049325478952,23.71399345502118,1
122.02802600910488,202.85936709795655,130.3777187948175,321.4594810864688,16.311274286520366,1
123.2991582477372,185.50069991554926,90.79223363389492,369.08436423255586,18.10750204633342,1
130.24141296309958,186.44196834557079,101.80950026894939,317.49153666128643,19.089711386017445,1
127.73732913948068,212.24984853844097,119.70377590607295,464.04106327995845,19.688898064857757,1
132.24264757429103,206.7005633827309,108.35410053749746,515.2237284739939,23.50448898487909,1
132.4846501637556,217.56859691299752,120.55735603116409,583.7112153996111,22.165782207271953,1
135.51153580716613,189.48883908968378,100.60802140637122,331.21080877792525,15.90992390884075,1
127.37612715782097,248.63852693875342,157.4081339216452,609.9524534894078,17.255022604098567,1
130.30677479856655,203.47418375409353,119.95150133541772,436.8323912904913,15.90057921400516,1
127.26710018107086,198.7566576149021,118.9302421149049,402.2740025948121,20.760255444497982,1
125.02003330380808,179.06757205897517,88.27907880191174,334.27483400850554,14.682950471853312,1
123.14956665327392,208.56969301899687,116.53969129157927,528.6642898003511,25.906140464107995,1
137.06784376189393,208.61068180948797,118.11214097551965,513.3938349807855,14.883548706919957,1
128.48026742338487,188.51934444995817,93.78001144108447,301.95732834635777,16.389475169218546,1
121.41680407361217,226.24151655101085,139.72795986165414,469.9695397628815,23.49506130749036,1
135.02271300929658,189.09869261442486,102.13127941095324,330.06899423137173,18.045049243175892,1
127.0697323271322,179.81815327234963,83.40361143357181,247.1281789199999,13.744320451748896,1
131.12665108227975,206.5854169050971,110.3505669110679,532.9472299659163,28.522051677966374,1
130.0802675177051,197.7296617374268,116.47129715906505,399.0803980315482,21.819260464416256,1
127.33584961093707,209.94703910331023,139.33224990383974,411.30012990885143,22.84094303739343,1
129.20089419383532,202.8014013458066,118.94389469256716,428.84449279280534,20.356769465896896,1
118.83585946904311,199.4207149480321,121.8658486124402,425.80044983035697,22.466042704485435,1
121.51082825700759,226.69418962302348,138.9507359251209,470.97868634179565,23.976208961042936,1
123.9919864638565,200.99867332922017,119.2117485867628,421.31527210884934,29.806331125681933,1
121.96606265971657,224.2306651419818,137.8952726096393,464.3272814525738,21.04749552269417,1
130.20223057640746,228.55633463590772,130.24870005399717,673.64320585941,18.554001825867495,1
107.11422843612777,212.51056693677572,125.37538744740384,464.8774726786843,21.268160327610897,1
132.07948251275243,213.69239563131785,114.40837502817529,592.5694479574578,27.704775913293496,1
134.87393974273945,198.40483969649182,115.70602946793416,480.53484574124883,19.973764223327287,1
122.58082362513751,181.4902999901351,92.8785616003357,229.1923994112303,18.081014528957784,1
127.32972296483777,200.70101055823892,115.12048189851598,353.3583365749945,16.14860123620844,1
131.83729868932983,196.42764419465547,114.7633874911935,395.31432836666426,22.185307316718433,1
131.23588436354615,224.16636542562114,127.65027767980398,570.0355078982257,15.849296153172336,1
115.7807349985153,173.7567071191962,81.96438872024484,171.20728912760103,16.263230446364712,1
126.27951523667458,233.27522188371012,138.69438994275143,674.5926325778754,19.779833958423243,1
136.7318603869136,202.1471971447475,114.8782396007331,390.9309405182304,14.650435421139134,1
127.93507333937042,205.07667575249974,106.21424033320517,593.2802373367896,26.54703604826717,1
125.00697624622889,206.6303274341074,115.9636756441315,439.00270011540596,12.802715910333838,1
135.93818483486106,193.77100646271734,98.96150252731388,453.48483723217055,19.95482956092374,1
123.4085676908379,201.9760012849061,118.7454221395887,386.97626379951936,17.297043009614956,1
131.3430835378801,214.43669484257848,114.21673873788731,574.5721609853423,24.691680760702425,1
118.58575248144474,214.75249944796815,120.20648320669682,527.4854200809315,28.297064823405755,1
136.00034131747,202.85194730448538,115.022080198177,448.44051655087696,21.53323022887254,1
118.92736128206943,226.3844062203764,145.10436554654072,588.9499259358408,26.552902254542044,1
122.31370292533775,212.40736261362323,125.10886494501412,528.4001767850666,23.733648434861248,1
129.47368588251797,233.5995562416743,151.20980765581353,588.4984439796912,23.305567005437435,1
128.44502840074503,199.9651095561904,109.15563195582322,413.67263982321805,21.915287808175524,1
117.36771986320194,212.4492664074656,119.14599139971591,523.2951136675166,27.08427311304908,1
129.7192283708005,229.13736913657945,131.28861411628503,673.7601083515273,18.70493799442685,1
130.18472637188813,201.33127595456364,121.08401020068194,372.9924357071652,23.56469844268376,1
127.252388958179,201.43215119449437,113.01223789782496,356.9288254374745,17.15920974895302,1
126.37077671491728,202.56864970862327,118.94472752208748,370.9039082458864,22.851817707635036,1
134.43464184087614,190.43718286413576,103.08683018875826,269.08887354826635,13.891934670755095,1
110.46136006416995,168.88457246615684,80.39824871075211,208.15663187110715,9.269323704335987,1
117.06206123848534,234.1031837609645,151.64646284004792,530.2894096778643,21.486111481252273,1
126.64558909976655,198.42427567853701,119.32777437624168,401.4798028907536,20.276209677237762,1
130.57224191554891,197.36509262395188,115.993076940783,398.0258863725969,21.921754764262662,1
134.92493230576622,189.0415295525077,89.29214193139622,339.84350727288967,18.15184690151959,1
126.99317675923992,190.56062220215404,103.99457855520424,331.0419612913851,20.342255176851427,1
135.06592690767667,229.68997161003688,140.2649414708597,516.4882334495196,28.682123473949034,1
131.8966902747963,203.88697175714603,119.96151323433764,436.56580508703814,14.378179093069116,1
137.38511276337235,201.4558445194325,114.97802245214179,390.8558292512323,15.407678393648983,1
130.60783276879025,186.05566931666885,96.78466785905874,276.96277074976865,22.255282052689626,1
135.17470887295286,211.78994676289142,134.29613304237253,415.9383193446267,16.907551107773283,1
130.51098408809162,185.77976533389796,92.26102794883256,364.6291006964145,17.3491837643572,1
128.80250389459283,231.58919782735637,148.338142828399,517.4031851232922,25.646765814845182,1
135.37927432899792,201.71712014666875,112.51817886518354,443.60019063324336,16.316791461292492,1
141.23257463313684,220.33190487050624,139.01683565772888,542.6856970993836,15.814409981351389,1
133.21043038320522,183.83979074172692,95.22286670372519,236.98676760834837,17.66967907393625,1
136.3476963557654,207.21783633416223,112.78755737943702,535.621610132081,28.030791251160167,1
122.82945732748061,192.68032457067793,109.38356589885736,336.30522487589974,18.51691054982827,1
131.54669662421176,183.05786926078042,94.48705222292968,275.5742009000443,21.066812547142945,1
132.71701192687775,209.09746217243386,114.2466197664756,460.31351226191896,27.21086339823111,1
128.45300669695106,213.35314060841768,123.66198377089111,454.1702600537677,15.127705103889085,1
127.99932997093616,218.98746455420803,123.68466705690581,567.1393627637578,18.642313354156016,1
132.33667976719806,198.43300630815625,105.02667750938204,362.4540223659778,17.389447834621713,1
120.07811055450404,202.65799696004436,116.63329244744008,415.0313342704798,18.790792191160108,1
128.89652541436803,199.7890619698457,120.65937854491406,418.25554846910785,22.43174738579369,1
120.61270087647029,179.95726338217457,96.37809711248835,275.0422639804011,14.409920197116895,1
128.576507474873,196.00764945240135,111.30171368343775,345.5775190363874,17.98526395002975,1
129.04053276777572,236.38307781096015,132.73680471092567,660.8133675569882,21.001451307026887,1
138.6890905082032,165.21959808869772,71.58303265302969,246.45986885600567,9.229264495400763,1
129.47734757739863,187.8385559438609,92.77386223517856,299.6719724539517,16.434188594797124,1
131.93021773984387,215.647544989527,116.42713972522303,579.7412524042282,23.57796974152341,1
132.33373404333904,203.34879879827423,121.19756774752408,377.82574794560105,23.91718871837219,1
138.45782823165567,211.41488567332064,115.14673093891608,637.0241309416372,24.52419682354584,1
116.96985944280652,216.95471787549104,124.03682566968517,481.1368838248936,22.09616926386877,1
130.26740720840684,201.68980255603662,123.40291239650745,372.80362057693736,23.295517028823763,1
133.46011631546347,191.14920056578313,102.44081661042817,455.6105653893317,16.657679746024762,1
125.37509875475591,178.3958951764156,87.36192788520316,258.7432559151363,16.852446875162734,1
135.021409108454,197.2060651901435,104.38976031765006,454.00689045320206,16.324860290437726,1
130.82990986422556,234.38966496391802,138.25941773114565,544.5616234927819,24.307427603484555,1
124.51874376041361,216.49178905188273,127.77725552515322,567.0606782117144,21.742644932567188,1
126.31810853684647,195.97805733849088,103.4644547470468,361.2128503106678,15.536633667100338,1
134.7916451292755,190.70371643911213,103.97303384352938,270.03560082664274,14.157033050671235,1
119.92436125979152,221.34209970867482,122.61398927250968,537.783262908159,29.857484554494135,1
120.22308187339824,217.86326283602514,132.3710789295233,504.85179830597156,21.278779219581377,1
132.25837223754493,198.9619406315814,113.80706641254851,322.96309761207965,18.674189506675496,1
130.92749284755743,167.41636495934898,78.81413888006551,270.6003061703463,13.286751805367754,1
116.39271047020758,227.8501740022373,131.03651202971986,485.98836241008814,20.410656690781217,1
127.33025433829101,225.05571204777388,142.8101760937777,404.0340018917098,23.386286895617005,1
129.2424009255715,213.64228953115312,125.79994457753963,535.6344084654276,20.1753892663811,1
141.45745468692647,169.11616474860867,73.20151895709196,241.9655746344047,7.839760926053362,1
135.24794190095986,194.4621395608374,112.74749794695964,421.56308967498757,17.98354684725841,1
120.8121000965098,176.7717935923153,92.86338886078235,221.8875769790903,13.330960583937184,1
125.04072359625212,206.819650392367,136.4024302475883,411.29689156876265,18.394271746007895,1
141.65429237547482,196.9376695550055,115.63013016766321,390.3649569616501,20.356464461863315,1
133.7214174748638,189.33561818333973,102.43325237429956,330.2266767737896,18.417342701984722,1
124.49448056669812,179.23038661883345,89.2065647677811,208.41672688102366,20.136041426090337,1
131.47536217144255,207.16864898745,112.19682566761962,593.2568331977162,26.466310562055344,1
120.18640111187909,236.7432874592133,143.1026675859456,538.2625540013923,23.29110657519943,1
123.72750710034057,222.06895138910818,134.73990879414376,510.10621124059,21.573835592790076,1
133.4967326455319,201.15349566898595,108.40855972919233,451.1664454862209,21.835557085068487,1
128.0044509823399,179.06982404170054,86.46777551504546,255.4126515724616,14.663512258424321,1
116.42404144056157,203.75021870526302,100.20568903103005,506.86597356677504,21.150996435275054,1
135.6168957077189,211.80177094564058,115.52968458731868,640.630401917322,24.877358928292203,1
132.98499420076752,188.9352255485451,89.55156435744412,338.36882719962915,16.80446386088343,1
127.43668133400027,202.54708748661895,114.20019271786033,371.4284180014252,21.05553828468088,1
133.99477646076357,210.5731535306883,117.48200100363889,595.0894539671779,28.025488500815257,1
129.93097889029096,227.7445322111884,127.38598927937521,564.4674115427041,16.185353012948028,1
132.26159172889814,208.38902702941718,116.4800091027283,460.34881065556715,28.655772897385233,1
121.35081794125689,198.3095302524125,119.14422318110466,346.6164458919503,15.338843220718521,1
130.4596844191059,187.9275395376762,100.52662295382979,315.3304406994018,16.591818511769617,1
114.77755428250767,215.43132793651367,135.4925844036105,450.7250151018613,13.023589651157362,1
122.59386841903189,203.68186583727945,113.8608169608408,318.2267549058759,19.481694939728495,1
130.30983398080886,185.0875522584614,103.10395484896597,320.31746376012075,21.527538467336697,1
125.95141823748412,205.11756866566398,111.78977403729343,437.89617466170677,14.841988664469948,1
139.65673371569628,206.90945654532155,112.1095036954281,526.9330252067333,22.65848608130916,1
127.83130730070197,180.66056879872315,87.66185342230185,255.80860855748728,15.234102883949387,1
135.1593754232045,223.15622620009933,117.99842618282034,610.2249937629157,24.8356618403037,1
131.22857302164192,210.5139506591348,110.68102462785349,597.7333741057836,30.74877404342662,1
139.7836094029701,197.42040813205196,116.32401030668183,361.50626097611325,16.08240886857545,1
139.32280321847446,206.82232030022794,111.441940461895,524.3118516137955,21.129153994020918,1
137.92558601988506,214.96198208673667,114.82652887168967,573.2387458092238,17.236623000327903,1
137.29757370271216,204.28913755007878,105.43827749430365,513.7366571552212,23.175392678727217,1
122.84268668459035,232.3994671998504,152.77621120531208,590.2084620330946,24.719142519023926,1
130.3468038464945,221.30816347806066,129.77954027374702,450.17121557242706,25.220686511240846,1
123.85474294464332,210.8446868843388,116.60489539689209,658.051686591504,20.16014080802348,1
119.91491970178214,184.16887102807812,101.40123103063317,271.49679624900335,14.010302716603599,1
127.26483867699518,197.54607815689099,108.36965466495927,411.120187728983,20.900681205059637,1
130.50750884000067,210.15638188636248,130.51138644026761,489.29072368514994,20.905183376675513,1
132.03337697806288,205.45731441984714,114.66598090213189,490.24724215215207,18.06578101380511,1
137.15781462223794,200.8614180232173,107.65168708550375,438.50151124146515,19.14857309231272,1
111.60799173051306,172.89117072977058,89.75507433116944,210.6773478421561,16.448964200161992,1
124.18049403191385,214.4899812162344,130.2900541205351,474.0002460460667,15.410751820369555,1
134.90437401953218,190.66528195710293,104.34429229623133,270.78577036301454,14.340919445728662,1
119.48625211807615,176.5337012031733,93.30670542619224,219.85425215942058,20.410510630158626,1
123.2284504727927,202.1878160304722,131.65282013336034,322.32022491304866,15.961220437014088,1
132.53877319691313,202.13658417694782,110.69533591219222,483.6539671500029,22.70693873468482,1
119.92246542959288,215.2409826175145,145.39604262176718,493.52033787139624,14.792736440404635,1
135.80896672345546,214.68595702783983,114.43204088223433,573.1808737660728,19.675110925128827,1
134.58674070888048,210.02052802649922,125.18821274703724,436.84985110174506,20.969809199606416,1
129.28090462374104,201.25507235474552,110.15544748306003,363.64772606716485,17.311388679834664,1
122.7978339,202.3428571,132.4857143,322.2857143,15.8353776,1
114.11110286065572,214.94375819412966,135.79801809852432,452.5523198918894,11.852499869554379,1
126.56530498075408,208.58249444939094,115.42375907142987,531.6016690413928,23.15808226248965,1
134.0041882028518,216.95146299080903,125.23642870839609,508.43829982942543,22.50017006418786,1
132.1321073850663,214.10802616117837,114.95671313734474,591.4702135255932,27.00649437615776,1
118.00224479048786,215.7593391716355,131.5937424458967,503.68386205280615,22.515971564577644,1
132.90535500071994,209.61467658551362,114.14225755223424,503.79922206490073,26.079481406692363,1
135.01261515424576,197.73356424147426,114.82881699091482,482.57540427932287,18.05113782185534,1
135.7888709179426,191.4689348657455,112.01560845446639,331.8528753859311,13.9923592105687,1
119.65778288914157,205.32965616297267,129.45645685641054,409.61641016553415,15.742576638340068,1
122.29682146268615,205.39276606246227,116.02121572341167,378.58969565044936,16.273157805443578,1
124.82454238360361,199.13616349170732,107.58253738294663,436.07659724761197,19.456684350965954,1
123.81764007835766,213.5715386366649,126.83172787073711,529.0911339632003,22.32477771954568,1
130.41138040066562,213.77104327142376,126.84786465631836,503.68840724109845,26.096190968123217,1
106.80201030995889,170.56812927030398,84.22272261755755,193.59351570992527,13.031669862330643,1
139.74436360255157,230.57987244299485,141.2508737844345,515.235317637566,31.782710270839303,1
133.010172213613,203.69188469103625,110.48577057137267,451.6060598585602,23.048508820388186,1
135.32929142710586,181.8177921779183,95.86786994901459,270.10719064314156,14.941636619347541,1
129.08849789149096,202.71437815291588,118.85280943860633,428.178936996247,20.82383152656806,1
132.09414661240842,204.59573992636982,113.42529291934245,531.4458749932788,19.115702017110735,1
127.0692067381466,207.12444370761517,116.21381767524875,495.2114245181336,19.91729789174373,1
132.57968816780038,222.72370310408002,124.18623516396438,568.9765294725529,15.063109579135293,1
126.67432881523666,216.46629775052,122.73188967177042,458.82849505865875,22.41870744758983,1
134.18107267864195,210.39517814510958,125.53776856232315,436.19818094986215,21.097245515166183,1
122.34650586780054,213.03594226703018,116.35843111787223,431.36515533170996,18.682332680826878,1
145.45362722927328,226.66474745790347,137.61922411347837,523.0582740733356,22.063021860757058,1
132.15844166624342,210.36558557397524,124.5760323606557,437.93838977328784,22.1984864782211,1
121.36308775183686,200.28349944417374,105.29900329521631,327.5624377510945,15.269496003307914,1
133.84699579982868,204.00008578347547,114.25179936175236,483.9272731792227,23.0432813021055,1
133.40686695154633,189.66986075695803,100.53554314798707,266.3633453658193,13.12874433908787,1
120.10827811474364,224.3078732207479,123.56919468507859,541.9736081847041,27.039478748545182,1
130.4860030687952,205.00588285753105,110.85329743550605,445.48675682825007,20.719975276950755,1
141.72831004251157,226.53033913479652,122.24101135108809,692.4122291674039,24.805139583034666,1
135.99437747757761,217.62756254611676,125.3958827308245,457.29624860597715,28.13630809372007,1
115.81481775119107,217.36729294857437,131.6795528343152,567.7337581808555,28.69713073096428,1
132.7610807220317,198.2639385915867,113.92299280829035,323.9092985752146,18.126818257562405,1
125.03543945028774,207.5344135831584,115.16648938876077,532.8778003461492,27.37744568062809,1
132.38314567599232,216.09072318798732,117.57246982658772,586.226496610584,23.67545724561019,1
126.19478227593335,205.25018991038598,127.57346133272732,402.51924992402064,22.763655164204728,1
127.78066192234095,207.34610394203307,132.8106136993004,405.0492279759927,21.11281189875512,1
136.6334605325601,231.43012291656015,138.34846101887752,545.1946810891246,23.456146085893334,1
119.06990455564159,224.96066619338333,134.32365555759773,598.5193828506028,28.037157168839165,1
130.6851087937961,192.9756718974769,111.01172993705663,346.2694407198321,19.01491215554877,1
130.9678575490916,226.3071410402647,130.2451263114106,567.0641062343778,14.303761463223644,1
137.49892108420596,201.98720465661603,111.95617352732904,483.94722282802377,24.136912317027246,1
134.07483118435877,186.18200884297306,88.06362444837377,340.35129450154193,18.781781777728888,1
118.66171631505716,236.39829104568216,153.87495772910503,527.1657680190424,19.66077375613432,1
121.47601594444602,223.4741136886789,141.96605459087235,462.5884062981621,20.066484691388272,1
126.73117522488158,223.65442515326467,135.30789465153086,506.80356661818973,18.972927914617493,1
129.2724767965926,185.71518171052338,97.2488578538699,368.70512760631044,16.555768031528647,1
122.24458742669925,196.10955814845644,129.31335507044008,323.74964200442605,27.198804053106848,1
144.03921832777627,227.4766550870084,137.9703906580637,521.1057352507704,24.490973402766,1
136.00560242268355,198.2287347492849,112.51090741292894,531.8003160701995,18.061851294059448,1
126.97499827889024,201.95314277517056,118.34295721468602,371.46048397701094,23.645687734102065,1
128.01208660764107,198.68221842473662,108.68095296422676,412.261711140345,21.541895454687886,1
123.2545023264635,208.65358891632775,116.44079454489575,528.0987334740624,25.774852379019514,1
122.31336216238095,196.88442705138812,129.7077148685219,323.56765938765795,25.786202819359993,1
146.56380955945298,219.07374440571155,123.16147907064368,477.41067093150286,23.154277295829708,1
135.21454302049483,223.12880940035492,125.88332559812545,616.1287749483884,22.999912215679085,1
125.36636981650365,201.59549397213817,114.60332964394169,352.63765552193513,16.89156491631948,1
129.62081853730527,188.70727623380492,110.09741674646054,327.8620837130731,18.932183745663078,1
129.65064430517785,207.68586744438534,122.00979665424879,496.1925574050133,16.812330762893453,1
123.46536297317883,216.19156788132776,122.50153489145983,459.1197707235337,21.01663934876845,1
126.66261916334014,212.14956316134794,123.0913144631248,461.56396322963974,23.620925965752168,1
129.94410364916777,234.85253495252906,138.41185856294587,544.3211738042619,24.26117461256588,1
141.4370097151414,198.93515101853606,125.75429688630203,363.7896198264054,15.326080601073846,1
118.06077196101512,225.49675952569015,137.67611451005564,587.1925563738566,28.925343090357174,1
127.22171655200233,180.72953402771265,85.1551127221584,249.84863173517385,14.420834196694498,1
121.17903225832008,192.27830412142714,98.01292289030783,364.371028671923,22.403370094762362,1
129.50376240342467,187.5194570684246,94.37565720112742,307.4804585830982,15.429788279200423,1
116.9489529,214.5625,127.75,390.2083333,23.07050636,1
128.56365984214764,200.6821951312108,120.67876587308146,417.5065482639499,23.906776213592458,1
126.46658540216293,202.79812764771202,110.55334292290188,457.3303156288531,20.24698580260393,1
135.90410408044335,194.5516709772879,99.77713798206969,453.46505568483724,19.462620472764364,1
127.31110443554378,204.6212368725114,120.13665813953004,439.42923613684576,24.769999483252498,1
134.72507139369517,197.4045733800258,112.1182963366297,486.4969956056855,15.723036966395075,1
112.15316307771795,221.64305830998435,130.507177407832,485.2112162358285,17.441157813869832,1
129.46530168590363,182.18051407313212,94.54199071674068,239.56514195835726,14.014557961475452,1
122.60677345993088,215.84764014915254,118.42475394594807,479.9832676631878,23.871929346594538,1
126.5034764436169,205.86589503518005,114.61544442532963,440.13410496482,12.200131010886006,1
136.09463913511235,183.4524179144694,94.19915351565594,237.53737845091857,16.4022566042171,1
130.1582508416522,209.34836804377107,114.45015531757053,530.9212891703602,19.98608277371143,1
126.56799283621329,206.26813658376534,109.4359562015184,442.85432049164416,22.41480965377215,1
122.59039257091672,205.3983021808359,133.2500653878059,410.74461503233886,16.198421672177712,1
135.4957362556598,211.8412599204372,110.95314621386655,533.4914465494267,28.70375310096725,1
129.63709914149632,183.5275217571684,95.15872867229422,277.64592124028167,20.295636674379523,1
126.18510291151216,212.81958186197897,127.75313845258047,545.9530940752246,19.393716861871784,1
135.96062825724565,200.86681039148897,109.39919251890677,447.4221348868021,16.43452721672336,1
120.18160956455279,227.9489379484426,135.30240861180673,477.55008836645635,22.704450430607224,1
117.7085387252996,216.4050242294956,126.30832719720824,478.6267654421895,18.571351889618313,1
129.82256890444555,188.56530297585942,97.77576804352711,311.56507788228225,15.341205010966718,1
114.86942496461351,214.8852652896829,127.48191714868092,480.5842506005241,26.00779548665082,1
117.99812743909852,215.88340920123446,131.36705504564452,504.1845375083056,22.06709214146745,1
134.10960006149224,202.92310138849885,110.95935431175262,448.92024361865384,20.764921437205768,1
134.18504417941887,194.40418461257727,113.43970721008189,350.47083637488583,16.28550113745793,1
131.45385244036586,213.67919900957813,112.25528570305275,601.3293821584599,30.122773704028575,1
124.24259519506384,207.1343960172581,118.07266721275109,437.6955171143437,15.260926740159729,1
129.67895380288212,202.8781907557382,106.76006863989757,433.33807346979575,19.408778452224492,1
123.58914524170652,211.50564054879672,125.87664507040034,545.8712886684783,20.089145830496975,1
129.14752373744383,208.47340894321553,141.158049608474,410.4900810206055,15.63462388236917,1
124.12041942282879,215.40972534557645,117.02336028685065,477.4323522358998,24.516488396982,1
120.46501951919856,222.54038636373906,123.15448995867962,539.8121518491473,28.36921681617412,1
135.81678637182668,190.84236734588345,96.54278903264203,452.87141769239497,21.75015111838667,1
135.41068612277596,209.82719655231978,116.63379242271431,461.15427534558717,24.301511780843082,1
127.81053395540219,219.1836915613421,123.61161023319937,567.1756261590045,18.773274789664235,1
133.20430403462876,220.19990437623423,117.95656976002023,669.020291874018,18.5296132960802,1
120.45143426596474,201.08808991513473,122.34687728756874,315.0380092764214,20.314359016771306,1
124.91634848908802,202.46030740903564,115.12745900165373,353.8551213487538,16.759158953947203,1
132.07547161702422,184.7370907462936,91.94231484413767,305.1527538036204,15.73890527981747,1
120.14948468154046,177.2850311509374,87.50207399537857,261.1607763117667,20.399437756007217,1
116.43859445897974,182.625374981453,100.67654488378054,271.69091815047824,13.936764274813338,1
129.41518539288285,202.58782283677564,120.21322738303556,382.22243894749033,21.768171032950352,1
133.08681858590066,205.2456875198438,111.37188530018169,453.4392979869298,25.047441305838003,1
119.2632909679785,201.3424116108753,121.09558926920901,422.8474628263059,21.901597858368646,1
125.13597496427637,216.02258115298193,123.42676191244306,459.80211319571976,20.662233247472813,1
130.71180632743997,194.07904371532854,99.51655748387485,432.28603949541684,20.053107806987164,1
121.92416390862299,200.3329289872512,117.92607000547454,314.39978494083255,21.29800508852906,1
126.99526529898935,213.14918791204178,120.27935023992484,462.90680952039037,19.97479897882838,1
121.42611912270971,177.4461601268745,93.82990009412215,222.10133139239562,20.588116708252063,1
129.81546076166214,202.86021298622015,112.63795376182092,418.5933173145822,22.307338288533032,1
132.56870799414125,201.6857063823364,110.40637857783717,483.7514714198204,22.62640601806823,1
115.96157205635559,206.61902928150084,113.72547886947488,314.73485562242314,20.12727489409326,1
136.24518721414105,207.588870941506,112.25039586263907,526.3948252104349,20.75724854615734,1
116.9489529,214.5625,127.75,390.2083333,23.07050636,1
133.40367206313383,202.21306633148444,112.80590320617122,427.1788549526529,20.367366986482942,1
127.77682718077527,186.23418923086837,92.88010460880771,238.92791336054603,15.543287900485685,1
123.82597940383033,206.71586642737893,129.26321113948282,390.6361348602639,21.36036105006864,1
138.69610158528562,211.55144806359152,126.58337572034355,488.18654899057736,23.165851992100116,1
128.00171249928027,224.78989068026917,136.1223090291923,507.047910856503,18.571680360105525,1
121.49047548224051,196.60823337569218,126.1735805360249,320.9383153528945,27.072538195896826,1
130.65550316348452,231.8140961688137,148.64910593279748,589.8109185579834,22.310106307039227,1
128.36276549725267,222.3401014123563,131.3648786100188,448.5067615768621,24.007514844253272,1
117.91477632089023,196.10607975754593,110.00450809340997,411.3424672099606,15.388019898242936,1
117.6349684379009,236.43102838856552,155.43638573584033,541.4992409615036,18.574158440013758,1
132.470979386152,216.7542353393255,118.44716943691984,584.4633519527544,22.555507689338445,1
132.33445232942245,215.70614379528448,117.06509723995178,587.2436088770635,24.321571210283036,1
134.03518179626136,174.59435111749218,87.69031469420558,267.0041144018061,15.384918845492159,1
137.4803604532408,196.06237902807047,115.71147765486953,356.05020843389,15.25940467066638,1
121.99523534782121,196.7402357584953,112.42057310967503,408.8594703344891,16.33777659086698,1
135.7782065756973,205.73641332533234,111.59471237793922,513.5397697555309,21.414051221570674,1
138.8887460074529,196.5676998692657,116.2499294060539,358.50965540813564,15.552312972954955,1
123.48394788544844,225.0136424479865,150.96131296911614,486.0050326349388,24.470285849456424,1
126.21969719031074,200.92370765621044,103.02469749954898,584.476909738842,26.853858727227724,1
121.73489073013168,222.96324942912176,140.68508587183476,461.0892071365008,19.45497472294376,1
134.01133324512472,210.0770679478324,125.23528292057905,436.24330951103434,20.545101822012285,1
129.90213454189106,214.24951199495086,124.22568794868582,452.551086679294,14.479223037463878,1
127.69420754154719,189.9358773971623,100.26763802326066,307.29065013966346,17.516758643502804,1
116.56712819517,218.98752874697865,140.0446244140429,500.2924544143199,18.06486553862191,1
119.50001066052901,216.309243084599,129.06997492909724,476.25121296919167,14.974658893790354,1
134.96406913780808,216.17242450304883,117.23196200169838,580.4113377827259,20.032943749948526,1
131.91618935187918,232.65937137052978,143.18810389184307,560.2522106360286,14.44204573511813,1
133.17519404935985,179.18955252976082,91.80865232988013,273.18132306414714,18.841112154767202,1
129.57240925175373,207.77977164713607,108.4348649101152,595.4940771600865,28.63589506681585,1
129.15653130019373,209.89847463775283,118.64296516147282,531.0630388604843,12.796732700781089,1
121.75847472531903,200.06702876896173,122.48090849085322,336.16219732393756,15.120378867287714,1
130.79056148872283,207.33138427725197,113.72319553967365,482.91668590469396,23.3858357200174,1
118.77451653124413,205.54715096553068,113.88205884370875,316.3549816833855,19.800816071867935,1
123.3619479349039,182.99476410811278,92.31492694516763,341.31788027073185,19.67169026681544,1
122.69580703983272,213.05996271469462,121.9061374529009,460.35883742391565,20.1933138678832,1
126.2698462380241,216.48354796916317,132.6965311962229,500.5075459702525,26.65614552516318,1
131.01469770039367,224.4566583584141,126.76534075969752,568.5334629732185,15.197546283153706,1
127.57646449573737,196.71768391024722,113.81699945496173,376.8645320632302,22.137820840697493,1
120.35449695237762,217.02464151148268,134.11229985812741,501.1364855108451,24.601138715910533,1
119.90654103031451,196.11027553449566,109.89924984419221,411.5816535329395,14.615940219499617,1
128.14031743692664,179.0251629904072,86.99094783067451,256.7020799216121,14.829831337640886,1
129.05935391255008,220.16653367433182,117.55324409268722,608.266251782819,26.672741939927576,1
123.36911747551626,207.7104080414115,120.48266565933106,436.20176576472704,18.069986941914895,1
123.83082449370086,201.43239543798703,116.02362551899506,353.62534128512436,16.403909264107774,1
134.46018418719962,188.27078825689932,100.5661220104964,328.3084828183626,17.289679662559603,1
127.03186490222168,190.21680739981844,99.95183857724415,307.08726862953085,17.73067095410124,1
126.86574983862509,186.6356690832359,92.48728286912436,239.25339423332073,15.186746072438218,1
122.11198884909616,214.46052751909463,126.39356484144565,528.6116641409329,24.132169135339044,1
115.3452168065337,210.99898913661613,119.25856228774119,541.7009359750649,26.27377698675729,1
119.06100761158335,183.78973218365724,101.22322171931276,271.5444796580817,13.992238996970604,1
134.5633759691366,205.98188424588227,107.64135083856848,520.1306982979264,22.343169605831385,1
135.220532877829,214.3910595189156,124.31580869490136,460.34315298292654,28.228074429371343,1
135.23231088402207,219.75696335024028,120.62498177893951,570.6609848553336,15.270224607555974,1
114.08460611197886,214.0690634048788,124.14647588242262,462.3429843045308,21.157111434399578,1
128.0817358324755,178.97127363290656,87.28933839566486,257.491087222618,15.01526240307647,1
128.16826811798182,200.13798905401455,102.99118238492797,566.4389096774117,36.46199947424556,1
123.18141099361328,171.12215688392357,77.92694451280866,221.23364921410035,8.646974054982188,1
126.64834739455446,179.0474315426811,85.69564861595103,360.2960239870899,11.363571553615442,1
115.32049684395886,174.9345560024211,87.34505388293616,203.91302163154634,16.672770265464006,1
119.64006548313095,231.52353890851566,152.71576468857228,591.9900416683888,25.586952533085555,1
136.50066252283622,211.3724053058119,119.40669841533574,461.9599291158823,22.780824606618506,1
134.2725842261628,210.95563078017054,112.54722571582474,627.0175020881709,23.8009402227959,1
129.63254468966576,232.88411339737084,136.373116443129,561.1659494234829,15.2691360370674,1
134.7864783723415,209.51230358706619,115.45727036475269,460.22361660320036,26.072609647631054,1
122.09268871980187,214.55463163279936,126.3182730468405,528.7517680964614,24.25698837410415,1
126.24779514854818,196.98125431702408,119.2616587620653,397.6723384071131,19.416277451831597,1
134.7268114371752,211.42237478161772,116.74531769022776,458.5373759403612,29.306026328515248,1
131.74904794115963,196.86634535549598,110.10752163793535,356.0527329315129,19.097025119727455,1
128.05215171767207,202.69368539361648,120.31024581107395,418.2608394671788,26.007627771250117,1
120.90385954829908,215.24714111781782,120.70433940722538,485.1454873955573,22.395952783098608,1
138.97980990002603,234.317160795924,152.89030994698905,514.4822294226154,32.677610077964786,1
132.30433916476056,201.30671920736694,125.21181379654024,373.7687694703542,23.235876040727188,1
136.47093445554995,202.42334130305724,114.83838374352355,390.9609419051425,14.347972950291634,1
132.64487649838264,202.1967255140492,111.00424479616937,485.40076016964264,21.516480845630056,1
141.07028489691223,228.2711098933821,123.17209796089547,688.988378910024,25.55517580556147,1
127.57115292220918,181.78102740560962,87.91565099365118,254.715548570376,15.443653918389654,1
126.16397758548412,205.09802114922775,127.4403746946768,402.4488663974195,22.685160570019963,1
126.52787699003552,186.48010584381518,98.0834996776674,265.5352181801758,12.66024592350581,1
128.73541874825867,236.4721197497676,138.42701682598425,674.4423952524741,23.63431877973605,1
127.65147997603532,202.1600827314849,120.94960926132835,371.5773514522738,23.38758135818971,1
122.55723486073792,208.0961247295685,117.09793507520845,531.8566931303931,26.64722406718913,1
128.17840586545805,202.76779149068295,120.01044181807498,373.22665632316046,23.609260775584335,1
136.67787906731752,212.00657210045276,121.83886264763142,513.6894958239928,12.83886149600963,1
130.58876153328777,212.1099785469341,123.90554872323717,501.8866646526956,25.247018204298595,1
128.4470952773183,183.076818947991,94.43028749391338,368.0400836034971,15.59325821372456,1
112.02886470120669,224.54193916180097,131.05507528557195,487.0234841051039,18.866072391517818,1
130.92421795522287,210.99340706143576,111.07285060683975,618.4719946653123,23.083895915555956,1
136.81306174281661,201.59131792954685,113.51778324633153,444.99326463460585,17.601434107858893,1
141.695620220768,172.18914111033646,76.7605388761841,241.59990634844596,8.583029640855457,1
127.21192520340503,202.93488831175975,120.6166810848455,415.86648047726936,26.732622651606643,1
126.5333780283615,222.03819153973987,133.0442322323695,450.9980820289392,21.98209411885181,1
148.37928913524556,223.06567056583347,135.47004862664156,530.2281954220582,14.577171248177654,1
135.88378177462738,192.13214971522717,91.28291204734793,338.78031649784583,17.455001493249934,1
122.30326060644337,219.80652906460242,130.17286363999617,598.1570696641846,29.252655209787736,1
133.06175421769237,189.41220450080317,99.67885589611141,265.448150324565,12.87247547657037,1
118.61718168202526,196.2561526356386,103.4770614622114,328.39079114478926,19.820519652590306,1
135.69861783823322,199.83452008906713,105.52549707027752,452.88597444644313,16.203951926823738,1
128.6329114656954,236.52524047696102,155.0841968903705,521.8805139666842,26.22505416844861,1
124.0483003180432,203.2048414032349,111.42915442807865,461.0740738406552,18.73738062331665,1
124.12594985800862,207.21131740311787,118.39450150206699,437.4960396397002,15.636052249041452,1
125.22302394195323,220.17959383102345,140.4658456157557,466.5140629516873,19.775524246628624,1
116.49331202619761,221.1665542316042,121.84028883740226,542.0178960265196,27.269517053771317,1
128.0907827530569,198.91541048113243,108.76723571064565,412.518176675822,21.609767255043685,1
118.40380279411927,213.3137816531024,127.88026577794005,392.18020134511596,23.11623603557107,1
126.33786009047807,201.06829062623717,125.63863188354979,322.56942022717635,16.869910330649,1
120.84315976041174,175.82297261675606,93.29711136480041,219.67164378828943,18.293666077901776,1
118.84850789696384,199.6172102672409,117.42001798487807,427.2343677838239,31.49129727230491,1
126.70236414968166,204.04118033232515,112.34970862565501,370.4313990050331,17.84976124670637,1
127.95643282253444,188.7947224831508,96.17352958429584,307.1426600424395,16.493551609580127,1
130.51726462244952,224.78367033942266,124.90674059886703,566.4598098710169,16.38735970776556,1
117.22516458535517,234.07695191123116,154.6586758252453,535.7912634225568,21.794741732747227,1
132.2530520912922,206.66104607953125,109.74633122949561,532.7075556585608,27.85394905332863,1
131.64164285539678,207.67156914107093,114.98992893384826,494.5196037023168,21.363543150896962,1
132.17794148188813,193.83870616320112,99.29823141490023,431.22242795048436,20.030801672831487,1
135.74153694391356,223.271007102951,118.3120904737163,610.6209604371059,24.710365061481003,1
133.5136078458318,202.94779384682457,109.48957381212713,451.93210905937724,21.75293070338918,1
136.71215597574223,198.16003630638562,114.22120962155992,361.1098668922606,16.63523523157493,1
127.63984015915594,215.18276967343618,117.0,666.0863423899606,18.211416625586743,1
125.64133677559062,200.38049212179973,119.02737098192287,389.4749573839944,17.91592355377275,1
125.03420931535874,196.82355625209323,114.35061811150719,348.0347573113008,16.73152372913495,1
123.72296090102924,208.1530530390642,116.67641855217373,532.4463836479205,25.679866414503614,1
122.40118967256865,197.87395911998578,130.21132478923394,323.33526183687474,23.982266417157458,1
135.9794521193676,196.8505533767266,112.51333048568134,486.8634717160825,15.26785988392463,1
116.57949000450901,231.47351477902737,150.90850547132234,528.9354387564346,24.07625815568143,1
129.08230778151858,200.08016770629808,120.33034925594212,322.78936664420223,17.67194421717006,1
120.14121414882658,180.56543817015262,92.60421307689825,225.15179399304833,13.366585794314455,1
133.34841042727587,198.21685112941583,105.93751605898196,362.51740966847615,17.2085207690686,1
121.9260254976701,199.22678075796776,120.36321288548763,338.26355169296363,15.042084037061715,1
128.26907080015042,201.35346975795514,117.35339959857804,372.2908037374102,23.86188029992602,1
121.91075390193222,227.71351330372264,143.0516874059468,469.7632039949333,22.949544682874123,1
137.0339257129856,223.29834425175878,127.95967623584062,514.425663053566,21.235474720745852,1
138.71630224675582,195.31597869526792,105.06804239127518,487.9966081380127,25.006609980031556,1
128.40621405972132,197.40435816091983,119.71271122179806,323.4196735704112,22.70475833480283,1
126.31058832696023,193.5920812061617,101.59410333280448,362.70022725997154,15.465066797543143,1
126.51603956709754,179.68889591449098,84.79490425929629,245.21730098701775,12.69851827763389,1
134.19234558303836,206.4280167362517,112.0350035288168,514.0641614698211,21.684465416556932,1
133.7998142841818,209.01456292265826,113.59758172309374,458.75255579242736,28.87212416913391,1
134.10170059592318,193.63815660869082,103.24169883550995,454.9515649541749,16.52091377112598,1
132.1889626719752,202.82172786253096,110.03519256308915,483.52869903992854,23.10098935080905,1
133.89348268472773,219.246667285467,115.8194950748884,612.5126996872472,24.119482328154145,1
122.27660559175267,213.65788457134892,127.0357517298166,527.4166743851282,23.067547432911134,1
131.23369278404476,215.11544453515893,112.77412138477261,603.1523183107665,29.253406082085274,1
120.60658565525974,232.67995392346253,136.63993080716483,389.3268422856017,21.789419203527956,1
128.21540013224592,202.6275538874588,110.29941589900056,366.4991853653503,16.93785091137534,1
125.57303185154997,181.29427432981393,91.61080273990905,246.53951861819053,11.729063077299173,1
130.33537496223596,213.4885976016839,125.85419480144434,539.2684457318421,19.360554933763545,1
136.63229147423476,212.6416624759205,121.99789578193581,513.7178424912508,13.175089470327691,1
130.85649385067248,208.97514860355042,108.44352288970094,561.071536245903,28.889113565484333,1
127.8490643532332,200.2723332745697,119.91419003604332,403.29300199204175,21.697279703096044,1
130.97393065150763,185.6066163576762,102.6036063362513,321.62481464964895,20.770363170072553,1
124.43999805031976,222.543400728309,122.10941535379958,567.8119605143655,21.623605483689303,1
124.71752234221654,206.2355950402063,127.89592839229793,403.8445202762047,22.067065526063693,1
124.18664122328519,198.87987417876585,110.40550516959463,439.4157082698939,13.528367711263074,1
127.99982845963203,196.3662796563861,111.57497540014846,345.0549117290489,17.652123776974015,1
122.02176361376924,205.4500292637468,116.35930681686722,379.09661638966054,16.262946530120324,1
124.22835686255598,199.69729585368708,119.74577908410618,392.25799273645026,17.970474677390992,1
128.82908526392228,181.06203293934408,93.82526520681647,278.0415018766391,17.75412350602808,1
130.3446508852485,192.25069644039934,111.75522441521626,326.0869012516,18.883706417996443,1
122.18063665910795,226.6196607137627,146.47378647183658,594.9574790435031,22.75541928019245,1
130.9410421510694,232.7967413451313,143.56524039566563,563.509758123954,12.362060585709584,1
111.80317016294813,218.66257948189167,130.48719547058624,484.4724689499264,23.200016366649862,1
129.87023288713095,208.21775239729368,109.14173579010632,570.4748529155239,29.863135392265278,1
113.9879645342441,189.0089227928133,93.61813570616296,365.94926157851836,22.476079365487784,1
137.2611584366534,214.875335110068,114.7026952177634,573.2205792065512,18.002088306889217,1
130.9573774490946,223.43000969038607,131.59550019628244,509.7107975570455,18.176498198066387,1
135.2460122355458,234.8732798345173,127.37618608729177,670.9035822162439,28.042606486866262,1
121.07269646110471,224.46244523697538,136.83434995660735,472.0361174940741,22.086999238919784,1
125.85719388103115,181.2900469778313,87.9350359662831,255.63915675877348,16.60348782580772,1
120.8307639378839,211.50658327077343,117.09446666602203,520.5322257229484,25.39503725191407,1
117.07939599485167,216.72303623181966,125.5228228647231,479.38750798492873,20.18900834700664,1
131.98264666326355,193.80528783054766,110.60190004444803,348.5033211319265,20.102575487504872,1
122.14162376358637,201.9919403449834,129.6502179410268,320.25877164572205,17.088000113173067,1
124.68805651930622,226.70109407348147,139.45612336476552,512.6685399774369,19.021654237139405,1
129.72801057367155,217.1907432621505,124.35360021040263,566.8073227692967,17.44318585864644,1
118.92417680881717,176.12559354068625,88.1129326523618,202.34043717661407,18.659109581574054,1
128.03439914573875,196.2016083184531,111.42653358646245,345.00683509171,17.62190611218788,1
134.80809071456025,189.119569027881,97.00015784181329,492.51707072458265,24.793759019423575,1
130.9178624755222,210.00099519576023,110.25962577511946,597.313262768021,30.35237980232334,1
137.0116012985069,181.32038333011323,106.35851430052438,333.1953847324253,14.263406281730653,1
127.66964169723965,225.0344107574546,136.29929973146915,507.8105834489945,18.56479907026504,1
127.31891250462384,196.85092959171124,105.01523255570272,360.9985935736713,16.06249587880764,1
128.42784467385357,201.6541498145353,117.05953932979587,372.9482741281537,23.93883941672207,1
111.66323811346209,180.20990169810983,91.36155153839718,305.3128938487055,15.682008716095298,1
121.5839941870856,177.3889507499908,89.24095619802034,267.8230133142522,19.38030467928512,1
125.06274993511627,210.5707309331928,115.55076906740574,517.8541087343117,23.17577786119285,1
133.14818552968862,238.60889082379057,152.00922526017987,593.326986632923,20.68630978845747,1
126.7504619599241,207.97830178302212,123.16454771064156,463.8672431228521,24.366511713172027,1
134.38777586142785,191.46351511634265,114.13099737042336,331.4027321218431,14.151500929236065,1
131.2917078335127,186.68433401443818,95.10509683417342,310.27890148035823,15.127879028895624,1
129.19824901167354,182.10600200510575,94.48107908302826,239.73257916331121,13.782903146084458,1
127.81004385665004,200.9140798770664,105.17310090685739,434.6142271845269,19.610867160741126,1
117.97097836151983,237.80716731542526,156.33331860158393,534.0491456686141,19.213919064297528,1
127.87787827749958,168.27091360497695,80.2781168820696,285.99728995259767,12.280351068245885,1
120.2028003915061,223.1818572014077,135.40033340138257,605.6346667310797,29.382080109327546,1
123.8737226435686,196.86793040908904,109.17628833618141,439.36640263232823,14.023024315326158,1
122.09754778807782,205.46767818431698,126.84126984114327,414.0755769694638,18.65906317966635,1
137.49350492929534,207.47066019374003,113.84015182863584,536.4147622837986,27.806855546280193,1
127.49414356693822,201.81301905344785,122.08971802755055,403.2350555736209,22.115933629621328,1
126.65199819420903,206.23058764799157,114.5024840652033,463.8319822952015,18.819403820353646,1
140.38953842657662,223.62177874158354,119.90648505456036,687.9804313290063,21.623212121453804,1
129.1735476280605,179.12793885340577,87.61651134332598,343.6399438746774,22.109790491913774,1
132.12634940817958,222.99768868140876,131.21290384735505,576.0825203271161,18.47314547945775,1
127.34710313417416,202.18732414814826,120.21978765859518,370.50737010442396,22.887019447997865,1
130.050371901563,200.47327689400137,117.36018281498933,399.95431142463474,19.036067229792433,1
133.593680423816,203.106661553106,108.5739433469345,421.8621091118686,21.4854282823125,1
128.04073485976636,212.96212909580964,127.06563846949065,543.3471614152292,19.140990064368463,1
116.6586349467723,232.45500737687223,149.77164590320422,530.9529413938064,22.097111929100613,1
140.83221320564454,229.03991651695398,137.11963697746964,539.5148020540074,20.54515407575419,1
126.90293637918923,219.4553386928217,122.07689246008444,605.2647554206249,27.874720722184655,1
130.3808509821049,208.0425710043531,112.62386727359416,482.7757017630397,23.913880048739493,1
138.27850948931325,199.98525687502786,126.64110964282942,367.6382305407528,18.095039272505094,1
133.6042075518509,192.97900195646335,110.63013578219949,349.90452276606027,20.540937908144326,1
129.55117138179648,204.343873171434,119.067629828864,437.39970401661856,14.134668955300684,1
128.14925350141073,196.65260297119124,111.6697090419957,344.8864463812469,18.02379869755432,1
130.20058843948485,182.38567111475206,94.70970114142322,239.10413043988345,14.652382381887552,1
142.14267999096023,228.81526667905536,141.33062403749162,543.2855548891607,19.573192790879112,1
124.6191484836893,222.41581410870353,121.77871182306264,568.1324879539353,21.439085778831718,1
129.98035519380753,185.0138098648506,103.44782275648286,320.07602373356417,21.629814991983196,1
126.22871460696638,178.44180852674978,91.38946037911757,283.08843834658853,14.227950902374262,1
120.80133948149305,198.11048152830784,123.44213160750544,317.80997253943696,25.140367796100335,1
136.4203605215767,212.0754417093337,125.88744198109484,428.7274861460348,19.693272230021496,1
119.62322632503364,198.41607544657356,104.42257357932989,329.1501396420708,16.63382123697188,1
121.50772331299764,208.07734794565388,132.48125563776878,388.3540509066089,20.19355975304265,1
132.32570148306638,207.63813589413905,125.27427425890829,496.02438576115,14.319778146181706,1
129.54725288519396,198.62070016805282,120.26142576086063,421.44204185166876,19.398304454819623,1
134.40036229290124,201.63714791137448,107.73486705344236,452.5064140157302,19.470891882038316,1
115.74716033822969,205.46955571490741,130.9821186706393,434.20452936980354,26.682774544121013,1
124.78584493206081,217.65165465485256,120.51183944599654,660.6496777137162,23.601224112948316,1
123.48340931988974,200.9095652069915,116.28752171409138,353.3546785226841,16.28798112058834,1
126.45619815159733,220.5913338819892,123.08753417270603,567.4357630819748,19.712731909693048,1
125.2473835006257,216.84773464628097,127.43892344981326,599.2773907730898,29.551477368550763,1
118.10909681557332,216.20255462415764,126.80843647304452,478.14242132540596,17.541433955369808,1
138.15464094561935,233.75070905386002,152.0452527108435,513.9241857553661,31.67245499626074,1
114.83837698117851,172.77852699865198,83.17683969732278,167.03517175332686,16.728451759757146,1
120.55242681423043,205.47245650583224,119.22136691384975,416.61465626595736,20.725284679310594,1
121.81220286796012,215.92223244478348,125.2240688151229,530.7878776330134,26.07096744012044,1
136.83230276797994,225.57923924756,120.05356586789327,672.3994532686946,20.238021726827323,1
142.20811084378403,224.84657739332573,121.37208453627245,695.4839327054605,24.06285295562064,1
126.27461999751476,208.5009845113182,137.9775480873351,411.2986325521143,20.784873250645397,1
129.37444929794452,207.35794028560736,123.7280499228963,464.81380754707607,26.350550402568768,1
121.4335393901436,198.7653617564672,119.75392723813543,343.92024376880505,15.237288704802852,1
128.27801756186895,200.52725263830874,103.89772227453042,566.691311743699,36.826264575770196,1
131.1970413471498,206.63632788707696,114.72499570983481,483.3130008965173,22.723820826122942,1
126.06718253416905,208.53903452831528,115.407725485228,444.8174355953813,24.65177279580304,1
127.89633911081654,198.48490005891574,113.7698780157204,406.8988177022496,21.32912877117382,1
126.61116050936741,202.58996556074695,107.0301688500717,435.61834127992483,19.235931818948554,1
129.25863847195225,203.11375263068638,116.12679801192621,424.47610715925407,21.89814099685063,1
116.49937636030693,230.07350662122454,153.03909267047763,526.1708248825772,27.12261625419806,1
128.48100549933085,193.23892713748037,104.74937758415552,444.4209225269899,16.920587610610074,1
135.59719435199588,165.9791929012761,76.1603312825984,251.5185730440739,12.392072585776983,1
123.93327548997718,218.48045166946596,145.54509567008802,448.07169331367106,15.760059116378258,1
121.37375814507243,236.48001072674396,138.50455495287434,389.1419533966636,21.520716769669765,1
127.9266456546526,219.06300971764577,123.65654101162922,567.1533237580202,18.692732015654276,1
120.93857605811118,216.26478323381497,142.24574819778272,495.30686957128916,19.019316168616406,1
138.56642086134386,192.65480832403225,92.16886281555463,561.2901650294907,24.809643472189876,1
124.1126655804342,204.0956083045678,120.064024914987,416.1899813726505,23.992128536815546,1
121.51979166542867,208.71244009864387,117.583600307081,531.2225535722254,26.915464577078335,1
118.53229890900568,180.40798704907445,97.51556425963143,274.06883677406114,14.2489221601138,1
128.71916285399192,202.38549597740595,108.50921643294213,367.701447097537,16.751757348113866,1
121.7604955292982,207.911708694739,117.31139104494952,533.576720395484,26.714913949463778,1
123.34168557566147,189.871724119432,99.0848312802172,348.5682801340212,24.573837635323773,1
134.51843075697462,175.99884129525364,89.59942252180197,271.2076009713888,17.005283358832877,1
139.55984980017607,206.76327842854536,111.3796709685811,524.15141516878,21.157799190500313,1
129.14781352215408,199.28845812477505,111.26925102895719,324.40238652301014,17.647374441099487,1
116.6344664503328,199.39143631549095,120.0415618175804,423.44898085678443,22.898547628138463,1
128.2290765075737,211.16416953317713,140.472489569337,411.30139021981006,24.571517468842515,1
132.82657246954793,198.13497899654334,113.94807237158669,324.0913788221643,18.013038902266366,1
129.90096383988813,208.35631246653583,109.24632545122323,570.5358036677043,29.748654996752013,1
129.5290146764851,229.02630708197694,127.78161717225471,563.0691792879396,16.69128667052775,1
132.01647605207143,188.58724416556134,97.17759766580595,263.2031125245364,12.423885092853538,1
135.7859338529366,190.9753902401444,96.74619165160121,452.79895264188997,21.66113691377256,1
118.22235650031672,229.5767432592232,149.08060139579362,523.1145938019122,23.895653570142024,1
130.55227378849685,182.4837970845631,94.78991651175345,238.88363007593247,14.957451802502659,1
133.29866739847407,178.8962551533955,91.60557494089872,272.99989407577,18.672358629383822,1
126.2009674032244,194.06353474610773,112.0885388230075,341.20245147409554,15.922325303432327,1
125.09894663437392,179.9593709238549,90.59054543051066,294.17841456675455,14.175254967823976,1
122.06640666549573,183.57654782198946,92.59422884024126,232.9875327211185,13.31178510003157,1
127.7856171092195,199.88678678404057,102.78201392386636,568.8159377668051,35.69325772623001,1
135.73638936082105,190.3256029432571,107.40559166957595,330.9971338694833,15.768351640852284,1
139.7400073608378,184.7724706067116,91.1262565163436,241.8113783099432,11.723614112635273,1
136.35584536744375,212.412596581654,131.4854534770771,417.67646525117084,17.38739972053167,1
124.14812736264385,200.75568004577246,119.36832185040646,389.2862471865521,17.723146763681278,1
136.41472983880448,198.15519729420149,101.93871726911227,431.52891487293505,21.602245264166832,1
136.4160774273003,215.65378597188536,122.75216235403178,513.852285817395,14.769760434595153,1
126.61514111797409,207.46326828799207,116.77897455755549,492.25219234618737,21.16098388273807,1
129.00778624215366,201.91625180954696,122.22159816597176,372.21314761554123,23.33984783362534,1
134.87752995880652,191.72587970790775,114.46004130891255,331.75122500236307,13.692558460577263,1
132.8977494790491,212.67464925522611,116.6698670923635,643.6469179691175,25.066106658033153,1
128.6245201305641,232.9514220296261,130.83253437086157,559.3603542262429,17.50865390895293,1
114.1507978116161,195.62759893696227,101.66077326578821,361.1785164797224,22.526368334926183,1
136.11932981473748,189.90847141230702,101.53742906226447,331.67948055412137,15.237765916866582,1
138.1776411092565,202.15243052800622,118.06847801842561,446.26082402794833,20.27810104177167,1
131.706350220298,185.40187799073988,92.3522519571626,308.0672930289802,15.171767868918987,1
127.39614982036987,203.21180988477607,116.42840827525205,344.11520411770226,21.7583924432339,1
123.23899040915146,213.62369475090392,140.7636492296057,492.0397567022026,16.842240109447875,1
119.49212006310765,202.1175870407757,118.2595977615739,422.70650835357264,26.89457984196479,1
128.1446953170093,179.0237239249107,87.00780545507753,256.74362779820115,14.835190460218152,1
130.30211841908718,199.45279544378303,109.63780568665766,360.3599350695078,17.629990923458525,1
123.93349212011161,208.7516044896218,122.32147744977883,462.9419025765176,21.91199069486504,1
138.43739525404482,200.4482425146271,103.63631996786744,430.7503084604186,21.74671784687163,1
126.873731821747,207.40278273998484,116.78638470626878,491.4019489072039,21.226935538763282,1
131.94462495703516,210.98189482568066,111.52216306634071,621.0762186070008,23.302413536542474,1
129.54815716178945,212.40121389892911,121.94847130238581,533.8304922649403,15.280351510345941,1
130.17340031682045,205.20681291791436,110.82283361190566,445.53616944371356,20.95213634724308,1
125.91158522062439,204.33620646646483,129.72212487971416,390.7658748608329,20.841722797915715,1
124.70624925128087,201.3626611105737,121.86714734473526,389.7296836530167,18.371350838556737,1
123.32454914579435,219.95216067101592,146.31418304372733,496.05077301459517,25.55574372075839,1
133.84779480255972,207.66630139776626,126.97039780672897,495.84081997120825,13.131432546688654,1
121.32649453298092,201.55603957379668,126.1280291828551,317.74094981612825,18.643979164307726,1
131.03492243195237,188.45749066961827,94.79741678955241,246.91395137704478,13.146661022986812,1
128.02031833395174,200.12109600928122,119.00921764007165,406.60416017033236,22.94100455525453,1
129.3651281525655,202.7752389565215,104.63055394594579,564.3243579537801,33.76133027097032,1
113.13410958467347,181.62223856253462,92.09155181772813,306.799850820828,16.09096435780672,1
120.80301880559637,225.1741123701202,124.40758285145074,542.7264298569019,26.565750481735655,1
125.89439427235041,216.383628187551,126.70244846746597,598.9676253107315,29.43860588336013,1
137.15788731175928,214.86186768190112,114.68344791216764,573.2177555948576,18.121063595199065,1
133.6911365190488,227.40848653785713,139.92446290424738,582.4009921757144,20.746891434917696,1
128.39327753563472,175.5886715819346,83.91732308638693,340.2505466594408,19.29643258295122,1
120.48132729535953,176.54126624463558,92.60465814610366,220.85909991595548,20.05139597040856,1
129.45998437482285,198.2772087634789,120.62656060071414,419.5234202834369,19.934888956102675,1
131.6629378381516,175.9596919269011,90.15361501068617,274.1716531170455,15.235634390225352,1
140.0170193867048,184.63956086053142,90.99270332732779,241.65967759299295,11.68195578993312,1
141.17842121147675,198.35229340644293,122.77863219816699,363.05814336048996,15.5273330172851,1
126.06183224593732,210.48957220786247,111.28608848000945,421.9852976142565,21.317284667151576,1
133.42993165839187,193.05599101672374,114.96049903835694,419.3679500731518,18.13584346043782,1
132.54371917658258,191.0990570110905,98.14217547849104,366.5578563807967,20.595489148124145,1
129.05311812516416,231.65995186308962,148.46111494054918,517.3303743592573,25.82119079159384,1
122.7115419576153,220.3409883581375,134.1254335984263,598.9701779114508,27.989682095589377,1
136.02184931251747,189.58649886111832,94.60052348240801,453.1348451844938,22.583496278943045,1
117.32206817745487,216.87995894482393,123.68628818939322,481.65807593182365,22.14267389244438,1
125.64291065313748,187.3090929703121,91.98723072536,239.97524429814956,14.58133828702644,1
122.55815691391098,218.34169381829543,142.8685946022584,446.897910188602,16.379137289912137,1
131.96174152421565,207.4007964329802,112.65429817869943,514.8017483653457,22.064818425863443,1
145.92397656003266,206.05236226508637,109.47839415117892,535.9352345175646,16.02434278257895,1
121.7473186259537,213.90178278398702,127.93702538118333,443.1935662635433,21.950145051211408,1
133.79161544216657,209.39747509391623,113.86151838843996,458.42168742122533,29.506654045661296,1
125.6874195807323,192.0956041728894,103.96191327721911,434.85392273801705,19.759188632798278,1
122.67480914419758,205.40027818931512,133.35926622506005,410.7770909494056,16.211543389651,1
125.82579440066066,195.54867519855085,102.7015982218273,361.31824719536513,15.277952238124403,1
120.55966456234064,210.33663297546764,123.62128701332894,545.3871542032809,21.29589915648564,1
130.23335720053078,186.75944623510532,94.44540837114529,307.24362918110086,16.095801900466903,1
130.9020160722887,188.22485990717527,94.54454953577172,247.18892489992348,13.235335280737573,1
125.84647327464386,202.1974631007716,114.31089162310512,355.47664663857284,16.906282618687573,1
137.52053157831423,197.64136082227455,112.20182115383027,362.00644245653984,16.475906528913395,1
136.7275241449084,200.8891430064218,110.66933316693948,484.0328888290965,23.766959254742503,1
116.25710762286212,216.919041872005,124.84688554233087,480.2721224976498,22.31342794634069,1
130.1639265268753,197.36390667492077,103.95468248219272,362.17147688156126,16.63487443623584,1
130.09430835288504,195.53354629035627,100.72027561788285,432.78148017909825,19.95899855232841,1
125.0392330350191,199.57810736063058,107.53085418987507,436.0046991280496,19.457047283473347,1
123.93958210671506,200.97607552226827,119.2348951717096,388.91132742535774,17.591113024473284,1
145.07369716563306,227.086563392958,145.38868637948963,546.7570622978584,13.382544050676414,1
138.16623380587097,214.8582936657268,112.87568593378958,534.5627405199253,28.437385747231158,1
139.3598390599904,190.4420367941001,89.98921407848881,561.6114831160801,24.55847013919756,1
119.40158894708513,209.7165867967689,121.96109134152977,384.7396614232223,19.39692644470625,1
123.28154972536608,192.17369494846952,105.8870926562296,438.9610841102172,15.671343733723507,1
116.56572328801009,216.98268174330096,124.88148646015851,480.00862726713063,21.5097674227966,1
116.52271282160095,230.48131775640974,152.41846972663555,526.9761347059256,26.235236600434916,1
120.89905680990033,216.2189458126124,142.3752583083179,495.2307309468683,18.844694264058408,1
128.004519540897,202.63670949205724,110.5465255917098,417.00929749803686,21.547367695151642,1
124.63130655732562,203.51109478516457,118.75359589720652,374.1618555531849,20.89961416235625,1
113.74041370966357,213.2305954429088,129.6257648958833,480.8381963705001,29.013513334415876,1
128.33197657960747,181.949150946286,88.34948509325511,361.97506179731766,13.919749099166204,1
135.66361453252046,203.27774730044712,114.71506741614083,391.05376793146365,13.412136571715699,1
123.66180437406197,196.69599867818874,109.04935139134716,411.16971284430747,17.82287672522084,1
120.35603339509825,199.65569296279583,104.97500223142416,329.60465976433136,14.816909358027946,1
136.4361695890825,196.9553600933794,110.31967074598752,423.3620733367496,18.417505780903753,1
130.22767660147008,192.57026348934818,99.35276042087273,432.7718669130484,19.53577631774619,1
134.21716722448662,198.00754898726768,104.10138314272389,452.37553331787655,23.03956613209715,1
133.96247590196612,208.30628153823895,122.56389362447219,424.1339711435568,19.751732715521413,1
133.60870799933235,186.13881736542066,96.87674008966444,311.00570880682875,13.809649032143849,1
144.69031719280835,210.18994645442353,123.50519959820592,415.8270552073175,17.312127886369648,1
129.85414382520239,185.614331563884,104.62490685191278,321.3246560743239,21.20095051909717,1
134.77489372159462,171.68787495873687,77.47565833183965,249.8348614337931,10.767674236532262,1
150.10005045594835,224.04949643841087,136.92278387866654,530.01277740215,14.085049347118938,1
124.52459150100982,223.53200086973274,132.15111594073707,587.2446057083091,24.503767514161535,1
126.12986608333324,212.17404858445292,122.9704728279609,456.5966579771387,16.437927266183152,1
126.42582093681368,201.547974309111,119.73369392176039,386.2315645643162,19.472382434254882,1
132.59023656516618,173.54603798890238,76.81537425637732,244.54081951962706,10.787082199675531,1
137.2554673679111,168.92206340766353,73.76500432460611,246.9625403750701,9.195718222571529,1
135.18967137394893,182.35241408521586,91.2719522165615,241.227173977878,10.68450703863553,1
141.42643614370274,168.71594206078214,72.73799423370416,242.01319906330758,7.742958032767132,1
127.78114503295379,224.97208124539117,136.18124294477096,507.6289088278284,18.547713905158325,1
129.87725879745753,204.18404250411615,119.38382238124791,437.22866652494497,14.325521102469512,1
127.41352768864807,189.62976897905352,98.39214792981102,307.11013427361206,17.21998655136727,1
135.566396195257,223.37395192668728,118.27512056860255,610.2338543396422,24.742238556093607,1
137.9767350636008,201.90177798413112,116.95440366037751,445.6314325272596,19.301765160932835,1
129.83692124821732,203.0067710854817,120.71633597403742,436.4761094370571,23.375097807403677,1
126.88520456667207,203.34343583030383,104.7903636677317,591.8607110925674,25.207648181942652,1
130.89389547545215,213.49052721443627,124.95783683752333,537.3239971119317,18.856555068438148,1
135.45922393262296,198.56514225042898,107.6755425382205,447.33996711360214,17.56420431992631,1
128.0949941957062,196.27227180264293,111.4046542661382,345.1325702418435,17.678077379239795,1
135.1944973191947,188.63164250269136,102.0805891727448,329.12434919595876,18.186900986192462,1
130.21266288280472,220.47617700326012,152.8547149300843,449.29105401217106,14.243112308262134,1
132.06465318654404,208.80070853242486,114.10505917959298,532.0759774865736,21.743410342603642,1
119.79344987240164,179.8851113312826,91.64640336027321,227.26776388284688,11.907753160847857,1
110.7741426006692,221.74766724881474,130.87674738900012,486.48015961575487,19.84708701221779,1
138.13375126446758,199.16334497135267,111.63801624466578,485.21471165819815,21.0390206540894,1
129.15491872192916,209.98708208536462,110.45945413083992,482.1818728372226,25.098782529710217,1
133.05931620433842,208.48732719040254,124.29276748260736,436.26994826389284,21.68543761602829,1
123.19269936785592,198.54692389146743,121.18160694979046,400.27181901659935,18.123694696023342,1
129.97852579418566,204.90019667058166,121.80542876016916,416.84824709133926,25.459943559195178,1
124.33508444392227,198.99814911809153,120.01001125789007,394.2019886317611,18.178313183886296,1
127.40901620991814,207.79751824151393,123.36164158629757,464.0835702346542,24.94033228642083,1
122.38722901013595,229.59488175721188,142.48573956698672,472.36914893845966,23.988420001442776,1
137.08544263390272,223.41655798256608,128.15866357048486,514.4428808892856,21.42245563095554,1
130.48697413589449,185.57512361346858,96.22998442260025,277.131333515262,22.51515672112449,1
133.26591549519713,188.53307067781427,100.44726365643454,455.92183307584594,17.718266966644418,1
129.44619916620002,207.8393783693496,122.6375530484731,465.261568754556,24.89744903905894,1
122.3142687468132,212.36510980054135,125.03458312380825,528.4423260154095,23.763441722308052,1
127.96441289235325,202.69208579690195,119.71789391521112,437.95146610906426,24.391176569124973,1
130.69982324783638,186.34714641175955,96.54574401290105,274.57282600856945,20.68600404862147,1
126.0870747313154,204.13597430428484,129.7607393422718,390.7767915973675,20.798082924856732,1
123.41496711508915,170.64998956176333,75.50860033641193,221.8006535591984,7.759606850122426,1
118.03376507921,217.6462646125522,134.2450376573554,442.9745163532304,18.62405562312046,1
134.425500139515,195.7854840827086,113.98664202412623,392.46153774399176,22.10662114687555,1
123.84651112690341,173.8499785236425,80.45266357926019,216.79247921050305,12.354910942401995,1
127.28135248113901,202.58775567441552,119.8655929581176,372.12478788980013,23.524110086677226,1
118.68213768786606,215.38138280609053,137.52038124401386,499.3490483212472,18.895245209231504,1
128.27081939557007,181.35003535868134,87.99339336189841,255.79589523019868,15.523762011029506,1
133.5832996095691,192.06890661278624,115.88993834016738,419.55109704985443,17.597077900447406,1
121.77299277427691,173.96947706933963,92.51033447981087,217.81443140455352,13.998082519485395,1
130.589746908059,216.94572092895277,124.807004310594,566.7435009508166,16.71882781259122,1
127.27425724485278,197.92907510794907,112.38125759648972,347.4761496022682,17.452906469839302,1
131.3840887940276,185.01142940261505,95.90903825141442,282.346176361308,21.42241560269288,1
128.34619049359873,201.35257628872233,117.50358502348105,372.3190497557547,23.849916471946166,1
132.6254523465978,197.11765994457343,112.44505939569602,355.1166643834033,16.05958948862285,1
135.73330771263005,190.25846799254504,107.13489753120028,330.9468858501645,15.872635586683682,1
113.40224666211613,182.33304764340417,93.41888042525945,306.79548212311397,16.490564629651427,1
135.46365937471344,189.29088220509786,95.8880456993118,454.13064206332075,21.500032733971384,1
130.51508690899416,211.40667903430713,111.06230108629101,616.7602517645901,23.015993735575215,1
135.18242483583725,186.18309945143955,100.05171419532934,270.37021008538625,14.64689582617564,1
127.45541153080225,213.56560241087138,124.58914836742548,561.5023242854431,17.618355874777873,1
131.91876467515576,188.4210021348258,97.13070657178636,264.0468811749263,13.037033082067119,1
129.49486297120754,185.06064041623515,92.06404618831864,258.0416660345986,14.028836222565669,1
133.25845556913063,163.23616237985098,76.09108561988187,266.61663005830314,13.21439742020659,1
139.76636591044078,196.88258497036688,116.58545966779563,360.04223262641636,15.734835546457667,1
125.62808408517905,186.7055285683213,102.59221599152306,271.1777667405189,14.131159419329126,1
122.60046161674563,227.49316397309798,140.36322592532565,467.93802362700654,22.195340441083793,1
129.7302617527619,203.211265854066,119.37289082088918,431.9791479371895,18.156986218871758,1
131.67099706588832,198.88055225632434,106.85180059769398,361.66576452049765,17.521524021366755,1
122.79241020707728,202.28174961709652,132.45461441390583,322.30006575945436,15.946777741900167,1
130.41309351205783,224.83718880331588,124.52355919144586,566.0854506841512,16.758479340086936,1
131.16823410290698,212.27454836757164,118.61337991153191,500.75172394346623,27.886333877836275,1
118.61840489612295,211.26400021655786,123.80962526452214,386.48593625226914,20.569986427663114,1
118.68794017666839,176.97433518499926,87.54127125991748,261.8369291239734,21.391490547908024,1
129.3716091586851,198.64123219971097,108.19595177895872,360.5591427907977,17.14106434698234,1
131.58058732777846,209.76283363321258,117.07166922633351,566.3250410963745,35.93007208167241,1
126.65472064717744,232.82386309940208,137.88656468212324,674.5018204717722,19.662583837354173,1
133.68011314939014,195.65201578522124,100.76653378003161,430.20492608830773,19.850424527662874,1
115.19543489825666,218.60325337760142,134.78226921099366,570.3448480618003,29.69594656371331,1
122.04189442170812,215.5847939022334,121.82470669940366,477.01611034815164,20.240934289530465,1
119.81361493481391,179.69800480455683,93.0710705157079,226.22633455153627,12.566114077626104,1
129.004027665111,210.62996014540792,117.40620316079374,530.7320624820169,14.991728984548637,1
132.59193753277444,202.54839877384404,111.42594581769066,486.1072453873312,21.01936794195,1
124.32545838998978,199.77241412934472,110.95081123047007,439.43758127249936,13.308927790725487,1
137.26544945314959,229.45156094371882,125.83562217442045,682.2431333767387,22.896472531702287,1
128.36404096902484,202.43608890057746,110.27933190499965,366.1013988712468,16.989960467848835,1
122.56116378434102,177.79770727258796,87.43739500444788,260.04506372001,18.76246195463634,1
120.49903335621958,226.6906121425601,126.60539554965618,659.667541417266,22.602471775150796,1
114.66816343497015,215.36915639105115,135.8584463838535,452.80928129687595,12.229694941453795,1
121.3795147670043,210.37197687361967,121.54671070674684,461.59879819327614,19.538321932858473,1
111.70826143936915,181.0897929367163,91.81844768974175,305.9430411998123,16.19623557780477,1
130.8108813152059,208.31215545134532,112.51301961854399,531.2567791238313,22.58566289468952,1
128.1053638307052,214.8294790720496,141.19846881014385,409.4583400592916,24.472894165200227,1
123.40310558397482,210.7901024138211,122.15881953715136,459.4446155972631,17.97578598062565,1
121.35154664792704,198.31354574611981,119.14959416310691,346.59269460981454,15.33794861050404,1
133.885290563344,192.37570150596352,102.68376502372803,452.95127715968994,17.876551902892626,1
124.81930164034078,193.126901884294,111.54914973017497,338.8910221834609,16.15564524134174,1
120.12732903577987,225.61352363489772,124.616903520442,542.537720421902,26.513853459904805,1
131.15582061261034,203.01622857253594,119.59383133742243,376.7084370422873,23.98365783631113,1
123.28773646030062,205.41462548542873,134.15214579234237,411.012890341777,16.30681685031143,1
132.77894992367143,203.32760873181053,109.0350570313831,421.07531794567547,21.84212285040216,1
127.37231509577568,213.7742589595802,131.5625379893065,472.25806945443884,16.125328108976223,1
133.52738504214557,208.47666735465486,123.5748399649573,418.5544013164521,22.519603732255753,1
134.67660355284983,190.2627474007963,103.9522652517273,271.03743223194647,14.361756208455926,1
111.44609168456498,222.0463168421952,129.83450429072647,486.0636789214838,18.968302373267203,1
127.2858587314473,182.7548232079982,93.31143610442874,370.6171831676466,17.203059223372993,1
133.54987581380328,174.05721052510907,80.29101527666616,388.4240497572796,15.033519736628044,1
120.80447922610308,213.21769962358533,124.70450226500313,526.0577507072046,24.186394039186528,1
124.39093972804656,198.63225457554358,120.1482956915158,395.2193680352764,18.28708430643637,1
116.80376006450479,216.86236158659193,125.17868280397425,479.72079957104154,20.89772549660542,1
120.62050055572016,222.66751777499832,124.19039056708758,660.1104131694142,21.76073449633219,1
136.96072070523695,197.86987643593446,116.65918239896916,390.0885310612464,19.7329466550237,1
119.727715625892,179.9497456721569,93.08893729161828,226.59959625972215,12.500314615757413,1
121.14760381432231,198.68250596848767,106.09883449768765,331.16610270661135,14.891590282545081,1
135.6894447983132,203.2504105119226,114.71901293194195,391.0507979552944,13.442078731827898,1
121.23325605552749,225.27739888362575,141.9027466544023,467.5105920060743,22.28297308840155,1
121.65597460289464,216.68397461735827,124.61460624285384,531.9219735536814,27.0813385532728,1
124.99489840877987,205.83182818475632,132.4775582041357,407.9722479914726,19.225082546930224,1
122.43539138289121,225.178920336239,139.95679758615512,580.9808624850947,26.584659608796578,1
131.1690276529008,203.367999955487,120.493343018881,376.90009627813515,23.89313853571861,1
123.27881113623401,177.64986569643276,90.07406189064871,270.660178547176,18.20745672422859,1
135.95880303081043,198.12856306398996,112.52554662455518,531.8942373055634,18.024541008252083,1
114.50061684870984,223.29956893078392,149.1200120135386,529.3166563707574,32.52102388473278,1
117.7473057674948,218.4918121805737,145.82236208042738,495.7139870972466,15.003070492536557,1
124.72051099013575,222.03473481629186,121.91848547611319,567.7413329679538,22.204176167724235,1
136.31536940986695,192.93488338913173,93.4067911606805,562.9876740221071,27.8528673958777,1
129.43731137265448,198.33804416309448,120.62788116063462,419.47240244112174,20.035359940794915,1
125.19383745285779,203.14271626481366,119.0706776655005,373.1025433009649,21.73781578164029,1
125.04135856043072,218.84138300849364,125.98203760490486,602.6736435582404,28.912356989304403,1
133.2941046951258,195.62950661212443,113.73090787020041,392.78617761482803,22.35251686079332,1
135.7710502740152,201.64913407464766,111.32792347468268,445.3066633280707,17.242465267635502,1
129.28046740390053,207.6203267137144,115.019123424259,483.34861760681207,22.722209219229146,1
125.11549807720444,178.98172245433418,93.91617678834788,277.1491382135416,14.758382427819699,1
128.82285294256633,186.98111434244765,102.30724327840448,315.06126203347327,20.355991026304757,1
129.06951137062404,209.0547519779578,110.8071515726346,587.3193154744723,23.09281811747997,1
130.93588991350367,186.07239749221773,91.94410843236838,304.38397174244426,15.665851198335574,1
128.9120340301867,213.58611637588837,123.79861881664593,453.69083019850854,14.86881944643958,1
128.34868099186323,189.8592669609674,100.39874937978853,309.8885377112011,16.817912853067188,1
117.12441856544619,234.3477333084692,152.44171877655853,535.9246703162364,20.413708466515065,1
123.68298183323266,212.0586203978485,121.32561055574685,522.5481397135787,23.051475087160885,1
138.0836764453224,205.78163916517605,114.51754874083142,536.4536455114898,25.765109560539983,1
121.64081585091326,205.02135372421802,119.62324770682484,416.44799318773715,21.806416315034433,1
150.11220629090664,224.19216854817338,138.23752898495272,531.586926341774,14.058425873977873,1
135.03746753955218,196.75330080021197,104.059309930499,451.28356797449334,17.9162595066484,1
129.60997413116812,187.45103522408735,95.61255751707465,307.21273902071727,16.44733568710589,1
130.60599598427905,233.80448356929256,150.94232842537025,588.2064411218613,23.06418470604938,1
135.7311964814748,215.63242604563206,119.04132034394853,570.5458039499962,16.116241579301086,1
138.17824946886583,201.95554064427006,117.54952645514206,445.7419446624529,19.596213091287463,1
133.90552388675303,214.43773198236576,114.07728396446431,573.1288303371165,21.868005216831225,1
119.70717299506728,221.51402690799432,150.97364809962892,495.6403953740617,19.58607692964722,1
127.26204560060002,214.48377729066527,119.03300994142035,649.8989506966196,25.45730530021501,1
125.68289916684493,219.05296562301896,124.63623881040996,603.5665976205046,28.55476473968825,1
133.18157658242654,195.19527786300586,114.86298742586175,350.7744890885091,14.705524619912532,1
127.50630150982994,212.52984094933245,119.88297015700094,463.6879346902108,19.777907940916233,1
129.1119189348022,202.50761778517517,116.3948533077977,340.0199192173758,23.96519252238617,1
129.56996652755507,208.66985127096447,120.75646359151786,466.0339495897322,22.390872707759158,1
122.35512469372759,209.31418514820527,119.6709582428276,531.4857713282896,25.914708549665203,1
129.06986748735503,200.5191342776826,113.82479974700351,321.40048751839544,18.940601001506877,1
137.25651921799508,200.81135420547656,107.30326314508963,437.934627010535,19.389786437977055,1
136.83721165046697,215.9918433803152,123.25301307607829,458.7984432211909,28.853281899200894,1
122.75304276213008,213.85190930373602,141.45284357625147,492.2518084552502,16.53572587014898,1
126.10745572579194,232.99033042173954,152.00499322416235,589.3665355248858,24.02316934267365,1
134.70491807883107,232.21777755228587,138.2395057890796,547.5605070052369,23.254962957303995,1
131.93076460408523,201.31104725071356,124.48430242273545,373.6319432795065,23.293829873032884,1
135.220594677423,236.5204767614743,129.23705589584492,669.1656957796611,26.533741846617772,1
121.91516799378948,220.88738160083454,136.36284039748514,454.5599389220581,17.673665245243438,1
125.05277830176743,210.09130758730913,114.74600727007268,518.4068305841024,23.524976792556707,1
136.13556403292802,219.5616772402903,123.73073835036534,514.0267109035636,16.83866655533954,1
124.0973313046099,213.7932166720109,111.59336291643558,423.92604072161186,20.379176177926738,1
134.19737335112256,189.97455199949727,103.0966071558374,271.8346873350004,15.81412053076242,1
134.47715759052463,233.19128023688467,151.12259824068278,515.7545322503387,29.59626755188982,1
123.11969891355854,219.83529288579885,135.78666974789968,503.39974642786143,24.533727579654194,1
130.90848522388356,187.86961115879052,97.64934322888332,312.3229239663032,15.08731589221838,1
121.34757835222243,225.87789649275155,140.54818764819132,469.0421397609586,23.037918363480344,1
134.09150386684337,167.35125696286377,79.96354583984531,256.42604274683987,14.355261741613848,1
129.97437264611816,187.3263273130772,93.78965350460854,295.4271910376494,17.524862700085368,1
132.5119982870104,184.29330329868645,92.92273326529285,301.0269573722101,16.788759319967333,1
128.12062033643488,207.53575865600632,131.84554732122143,413.291148723571,25.910022916119217,1
134.1313281451654,211.75478759962564,128.45883265487487,466.910173661332,18.84240659935244,1
126.37971943511697,183.81757639088679,91.4938730207758,307.17323631319175,15.426770913113756,1
120.2239071816174,226.3013279931496,125.39587739825599,542.5186554820247,26.37681536689219,1
131.55473289566262,205.39181841255893,113.58295371161154,483.2181587403489,22.847744512943812,1
131.4974337538268,187.87866671557256,96.34745291940467,368.1662145602511,19.489999534955725,1
138.19928267382016,199.38786849426785,111.84318028974182,533.7392100871522,17.187453451972935,1
115.56715675772865,215.08949354653035,133.74388530603284,453.46120799564034,13.17818365791394,1
122.01043156860679,217.91538697597636,135.88530977153857,499.3431875537865,26.069051264768436,1
143.59008720554024,221.08289359177778,138.68723465611282,539.5975294071347,15.818008477195272,1
132.56484131237445,200.0986497855636,121.17829216390527,419.1818621993936,18.649282259504226,1
132.73030470237038,184.8546596217571,92.34199590266736,307.7834484718746,14.661494524262418,1
138.08809858094205,215.95869833925718,112.55959321483851,534.1508287484842,28.570301305289785,1
135.86622432858465,191.8675482176211,92.1808597173531,338.0424293034256,17.48887591717594,1
126.49393342427967,178.16333498391305,81.59481096991978,242.47949016315332,12.631119153785749,1
126.09305299689458,185.1914256386884,91.698806851111,295.94754378735075,15.246008752466071,1
134.52716628793465,184.6191534797082,94.20186374200746,308.7177630982901,13.594902189312572,1
124.3019486270847,199.215213890634,119.92797483580487,393.59843431997604,18.1137853589805,1
137.68186675553127,165.46704557689986,73.07414479582222,248.10780486631896,10.259588695446851,1
117.14515444176604,221.37499612079668,126.83765529275713,482.0430645471707,21.73529837231991,1
129.63488699472188,216.03379106631692,125.7256503860589,451.5695538995025,16.64450358954829,1
129.92943034101822,207.48305705990842,122.48076148866795,463.86593931969776,27.035843394665996,1
124.68880854583726,241.9446042402054,151.8841298710855,609.6391807561114,20.77269477289662,1
129.57468049450762,173.1974975641681,83.04211227914831,264.0265885872517,14.103635636021918,1
126.5164100142021,179.04799359999052,85.39438019483417,359.8026686232722,11.148069740403992,1
121.87920303732264,224.66392950336484,138.0750199467163,465.52562916292334,21.577574163966133,1
120.39222981768354,222.90102530036592,123.23910652651976,540.2531765228696,28.097896369970904,1
134.5247085374335,196.1671533132857,100.64329896836726,431.6408806696795,21.064096935296487,1
131.69347601280563,212.11597762064946,111.69058069923672,599.345283525474,31.06900054147285,1
132.43165646549105,202.4909294724492,111.00966468498429,483.6065276576274,22.722266008083356,1
133.7138211838347,208.5795204070963,109.94325232779003,533.1763651227452,28.750060452368228,1
129.3819047664436,188.33122080965293,94.13879399151584,244.2939021428712,13.527574475220614,1
111.92447563437663,224.46280172979067,131.05551934364783,487.0482456098678,18.829123855255187,1
131.5383503123572,195.3625419435046,104.04843890380197,363.4432915742332,19.175830575075633,1
130.98835524837423,195.61185062721478,115.44136096233066,350.92095362806083,14.855622661594426,1
123.09359620807304,227.55506695286996,146.94521876080032,480.3710253095927,24.49392686170498,1
123.75686701147983,204.0644671467213,116.82066954178987,377.2322361005034,18.976174046451064,1
128.0127650285756,198.9016939894364,116.46853121053398,404.8206854401066,21.373870130928392,1
125.58893326824057,223.70339494976375,121.14208257802989,565.6089949178988,21.631358457988206,1
122.14140325208723,228.86915714736412,140.77561953422165,472.5134708683631,24.283139721043923,1
120.98426735965162,182.4008322513205,92.82273975672297,230.82518972631127,12.889327652903123,1
132.738518116492,192.77250460599697,112.20467232980926,386.029831492264,19.98508057255434,1
134.66799993592358,211.29503528149874,116.56396472555328,458.5301006573999,29.31864316744636,1
135.63026775574406,216.01695413750332,116.90723662295407,579.3285663990897,19.358869096615088,1
114.76595233034763,217.6515956362338,132.5985145884822,567.0236624538773,30.795631874037234,1
126.17651503741958,197.76164982152082,108.49541915471829,411.19296247051085,21.496812624585672,1
115.80557153494284,222.22603040004932,138.83550551723144,575.5037911356393,30.044313114543503,1
135.82837707134644,196.28629774264414,101.58946973813929,453.4211013346341,18.368938048960977,1
126.35057033107609,211.33497224204362,115.42769389667883,516.7186141746653,22.656896543391383,1
129.3784218691077,211.57609745790407,139.21795375922648,412.2573353352883,24.19791336251572,1
120.72014327581162,199.52939148203632,117.91587479441321,426.04134494157967,31.99090266458641,1
125.41411874269993,206.61812893198194,120.4849872640517,436.3161224973049,17.247753276290936,1
129.81962146113005,192.50030464850056,99.71711618530958,433.13717234502377,19.300944792815795,1
120.85510086498358,206.84474097098123,118.53039572865562,381.49874854606736,17.21984346715737,1
121.55100657226684,216.9751265906746,140.23872764009832,496.48679123003114,21.72543502545001,1
136.5239334955921,210.10196545845682,121.92131866484326,512.0358639989321,12.05292718627784,1
130.0644522714702,209.62208957844643,116.12384100524892,492.62763560273277,25.509033374951606,1
129.21840985625778,187.35161949643614,93.58839218900322,307.2062342719641,15.704166905042806,1
126.61870512732142,212.07382802334448,121.62461070956229,529.7923896632483,15.33226586604508,1
130.19717576397045,207.78732174105892,110.07979629089735,482.7485629568149,24.568960901306653,1
116.74504831122417,232.8085245520971,150.14945955083832,530.5409924496101,22.012225126262102,1
119.8540515574166,179.5794991892664,93.06265983017757,226.0506236754492,12.59708880886012,1
124.39369909832645,198.24926624145624,107.68625571697632,436.22088309253945,19.455956014483725,1
134.62451500949692,198.66275533277238,112.79195374706295,360.84044117969984,17.010986643719825,1
150.17339602231604,224.91034776876432,144.85565930685019,539.5108370516881,13.924409315158488,1
126.97385514978198,192.71369420685718,105.03754391852175,442.99037663168883,16.496996755490112,1
135.59434930459238,199.3620435252608,105.05957927895709,453.06796808423775,16.40919484203569,1
130.51377655682532,211.6233800314106,115.60119214091483,499.47227540333944,28.087068807440467,1
134.92280013087853,189.03435746662976,89.28906063428883,339.84478087569994,18.15342686805546,1
122.42243516785814,219.82033555045845,133.36355014721823,505.5113813567465,20.49953691462103,1
125.2894233518564,214.0872680337308,123.16397477376607,557.1388201295866,19.322760784486785,1
120.94225507276246,217.17432159791667,121.99495484521589,657.0478166897855,25.671764332535908,1
119.87599359524124,221.42144262850607,122.62188263625625,537.8569927696908,29.82205205892222,1
136.08367599506113,189.47621780294534,99.959171072837,331.3168432155748,15.955553001641762,1
120.10398942566871,237.9018438050097,146.6276028512242,541.8936444427836,21.516253161621695,1
107.21389182512819,199.17664143189498,111.08093791630573,412.1744197471065,24.321333190517862,1
132.76201497464552,201.39809381555744,110.04024391023368,483.75283570650237,22.6749951931311,1
133.74200658999234,193.3171156184937,111.29668506985875,350.0388763293149,19.531368149557366,1
116.07660085001136,220.98872173233727,146.14981115389696,497.3988935492755,15.164624672367228,1
125.10011426161218,181.06411964135802,92.50744707865583,244.60717814996164,10.78258129311664,1
136.65799356853816,198.05811850125957,112.31502023128233,533.3010427527068,17.41952605308583,1
127.93135817284674,201.20247269874503,119.72444574674613,410.444146335954,24.743243048866304,1
121.11050975279827,224.63265272781138,143.35711832683862,465.8661899095441,21.47239856394025,1
129.79729704747788,198.70134543726587,114.91770263958804,352.42947676023493,15.616482246557139,1
106.55917432488872,199.36450912307106,111.14679765370488,412.22532151000786,24.86790450898136,1
121.13180620010738,191.12268128417648,103.58969141555481,336.8870257858962,23.185290849056244,1
127.92927374995152,196.07901535504843,111.46449167396102,344.7886991642826,17.52445546755805,1
134.43465950129493,210.14825381313807,116.81020382445797,594.8150839270717,27.90680797198301,1
125.8963479881018,205.35244975249753,113.61053642604458,463.03157679839643,18.795598890329334,1
126.09398855083296,198.09946736412138,104.92394873164488,363.9013885516672,15.606414851600912,1
134.88556088613643,208.34393678942578,114.45428213890567,534.2766286117198,24.233622101262682,1
144.3780298618372,221.5511806361738,139.52343171414336,539.7054190691823,15.589630144386065,1
133.57592519643103,195.63923234094727,114.6071841343081,351.0071016967367,14.801641546521244,1
132.46541368579605,216.7512825807539,118.44200726895319,584.4530827871132,22.562778290517407,1
131.9868784801689,201.7349744712913,116.32982183904362,396.6060187368125,16.68779367244656,1
134.4060018234802,174.31356483553108,87.71610118927283,267.61439479158264,15.414324074550404,1
124.47786164748658,206.97925032499523,117.42354729568572,438.0978508808054,14.504321719196946,1
129.85977300980412,204.12730631615182,110.70406866180973,418.24284102161374,23.120749086212086,1
134.44245762454514,216.2941526640753,117.48621124755613,581.2591120121084,20.560721938781757,1
137.5370682821674,232.12413894867925,124.56961271872422,672.762691881224,25.572528559118272,1
121.41801360360716,226.2478698162195,139.71362862623135,469.9857435394138,23.50304862913444,1
118.87108680289279,199.70492733495087,117.4494717363686,427.0755235022627,31.330037346061587,1
126.83932119826991,205.67307756167523,116.43806858230758,438.8221080436019,12.547479737105926,1
118.6323036802621,222.90068817774053,131.84140910584784,389.80264506223267,22.480912158304967,1
140.0804786113591,196.99528684648556,116.70555074184341,360.59076390716916,15.800162983023666,1
131.93524360575418,184.95886451603585,91.5190562974208,307.37004032879315,15.133431861161615,1
136.1430762624349,228.03623333760547,137.99481932133597,514.1394597163602,29.281543635884574,1
134.41251430197076,185.21880931239033,95.82052883008829,308.9392540762625,13.645226219309873,1
128.25835681640152,199.40214821485048,110.5871105093736,324.7634433974935,17.375686011171403,1
130.56647422116544,208.64810332179914,110.21123252811957,482.6514094175387,25.058365556507827,1
128.82416135975043,195.84751993878194,111.25083156829204,345.7902485272469,18.139209634204587,1
138.39298455430756,196.38982343920267,116.06039066659618,357.6439130677379,15.449207225280515,1
124.62728320042137,211.05128414408713,125.06788808565354,554.6135286024771,18.485773522461677,1
121.61474549562449,216.02650774248812,119.41275020116504,481.88187072592933,23.375220236647863,1
133.6921678566962,189.42299365436472,102.20824098749993,272.55643315667163,16.720673922965908,1
127.5906115094711,224.9392305891104,119.50165062607535,562.234215166344,22.218596747089354,1
125.48537704243863,201.75015807653847,118.82375865101194,338.66100986576026,20.05686147707269,1
141.4759326508475,199.26653962520584,127.31268726863097,364.28098810651954,15.305057265362706,1
117.19698266168108,190.52755956283872,102.77116847693748,328.5808392562092,26.66214360778057,1
132.70881914467404,192.87247215517675,99.34399462545939,365.7427132070892,19.712263035200788,1
130.8905298959932,193.96137726176303,112.28556220603356,325.3040453175179,18.825264521776134,1
135.25887170680377,208.97096370960404,124.22901404386101,504.7200333132117,12.484230128171953,1
124.3464430552903,191.93858345762635,105.2924819521758,435.5787059570173,19.668029899084903,1
130.01003961671094,200.4469990870233,117.38164249544764,400.0240474616538,19.08497552634654,1
129.76895215351766,215.13870462091273,124.97319183411265,452.0619413858606,15.558287142933663,1
121.66386435753694,205.2613618306192,117.13720736204525,380.6184101194591,16.330845257149665,1
122.88610550338144,212.91794153608942,124.660833688112,525.2591475806686,22.979684807166958,1
114.61402238088091,215.31092706045885,135.55405081962414,451.0972117338348,12.761919470324997,1
125.68199658138111,223.2793489897321,135.22482468820493,508.7605588392913,20.20287602167714,1
127.85748272448306,202.10048352507314,120.31839472802692,413.6329973471481,26.239881264446034,1
123.9257712146429,207.34332455450476,118.94681120471147,437.1537102224749,16.279816649364413,1
130.02734036016597,213.419029981829,121.9980269491773,596.9889195275468,28.71761052512048,1
140.13967334451092,176.54382949709907,84.15197179492097,389.6874792388606,14.056624757029457,1
132.81333738353828,203.22497290548299,115.72274705762794,480.62050336580245,22.713395612936036,1
128.2152511010158,182.0968349801281,86.20312017021632,246.04501684090468,13.309883666071473,1
135.97349386265103,201.4939043164058,111.37283271327537,444.86635752995807,16.81326271771534,1
131.66638267717684,205.02247765413497,113.25532292657962,483.2676058144759,22.83176860793405,1
132.00459855420195,193.62945950685514,99.12879683148564,431.3398424614431,20.051616272858656,1
122.56399724611767,212.79079539787998,121.8701454728185,460.48300359627564,20.127724823851878,1
129.57483915779204,197.9690344613818,120.61987103124571,419.781861718018,19.425932398174375,1
124.17654597888847,250.36313755607964,145.31677246540553,388.4664803636695,20.539039347010405,1
128.67456682179656,227.27625386857432,120.82310385183068,559.9042873545797,21.620706846576898,1
121.37192335583434,202.43175347452274,121.4710585494874,405.8508871255539,18.02971907672744,1
121.19081447360115,209.7225690479684,128.68337319286792,390.47220824633024,22.01566097421711,1
132.42748314089093,184.50820205854262,94.60168800024415,293.406157219546,18.531917524931472,1
134.61378844341,198.04230855100255,107.837440262143,362.3624365376531,16.9863234933331,1
131.21454629642236,176.2502922928206,90.42081958173279,274.69067029044373,15.204486184449044,1
133.90118264456086,214.4371658476651,114.07647485915803,573.1287116400244,21.873006620098252,1
116.48598249348383,217.99156710478547,129.22027872441657,480.05204986041366,15.570723833879647,1
125.59015906193292,215.86932560232654,122.74618754572606,457.4253134337166,19.48818741061091,1
124.65492962416216,181.16099009740114,93.35375822034129,242.46023102638165,10.055251081099062,1
132.37701570053613,206.39061299073984,109.36198542118072,532.9614820302446,28.757009011150974,1
127.55267912297502,231.47771027049652,129.71545117110944,660.9771948671454,20.68680086142971,1
130.03239421982602,231.9364235368508,148.9416289539164,517.0458660115432,26.50275707636748,1
116.71013526986408,231.056423277208,153.7485863371662,526.3256872082294,26.44101491471326,1
124.6382359561517,206.54607739301406,120.21734649316653,434.0636546010095,18.995647638628146,1
128.3196672750333,188.96832508602748,107.96625967627656,384.5145603496821,19.070184105000102,1
131.9571417838451,192.2959864649268,97.8689884543517,434.89044448425625,20.489910041595152,1
139.39659187776067,209.52459295349846,111.60346345941055,526.8067007762128,23.361763591554446,1
130.00339777221265,215.84375156103,112.5900067027416,560.7233582158003,26.28934579058166,1
135.74624573791704,190.54032809990252,108.27138274634322,331.15784768106596,15.434808734113764,1
128.21684593509997,199.11051805307605,118.2826228700989,403.0745078734641,21.43104902238827,1
127.37197914473907,182.16976757138912,88.2000268659263,253.89001419882112,15.329417303776484,1
125.59323379413378,206.65735534974363,114.02282366652298,441.00432817837776,14.269724040809129,1
122.36095783463482,177.86877355228552,87.2206144701651,196.5029938059341,19.376901269377502,1
126.25999776469418,192.3805537562392,111.99782868005379,337.43430781150903,16.035342974978,1
134.4022859199971,185.42720221446854,96.12384510393058,310.21748978207484,13.482076191019832,1
131.85558989109052,205.70794749357032,114.67852618940883,488.77317061001673,19.055980759724214,1
131.7360088260903,188.7382331481279,96.3968291467053,256.181403723197,12.482743374002865,1
124.61970202934347,207.41116952657754,115.44214103366814,497.05681703763685,20.831891255328788,1
134.37800991075656,199.94403954740233,116.66756371813509,478.31895314007386,22.532923781346433,1
124.76536692325017,224.53935433828218,138.3737031537672,580.5757521503929,25.035064780127946,1
121.13561708448543,205.38775925278344,118.68636624373073,416.7169349540997,20.875857934803495,1
128.24531606107422,204.13349759549433,118.11285091980659,427.41020151636354,21.090632907362398,1
130.63162483160426,203.90636710036347,120.10277761322655,378.5901383513067,22.788350056285807,1
120.03510509093353,236.55574865380237,143.37897475724435,537.9381118677783,23.244932557819297,1
119.28505035566968,218.89483288300752,136.35927263694091,454.9389630667034,15.355866626010652,1
124.27886457520192,212.68339319769936,124.1390665576529,558.1003576279394,18.84263698139839,1
133.64812455643147,208.93804027753478,113.31167320859642,458.52639491704116,29.30252150567008,1
120.39287519237526,218.39540940109302,122.03703286672554,536.695465999344,30.17274342825668,1
126.40826236083046,181.57551829892327,88.04400175059642,360.03549057742674,11.779972993732775,1
129.991475141389,188.7239743058989,109.6004112528051,327.99236975328444,18.866447788573222,1
124.64131177299782,223.11833367852168,121.91868520433383,567.2066612003266,21.353351926209292,1
131.5036118910636,232.95336871429254,145.063563153007,565.9401379385188,12.864841742808387,1
136.51338948418078,215.29069901391136,122.2544650262324,458.7583847659783,28.92275151020226,1
126.02462778873124,181.26826959012163,89.95580405731519,300.00792664869294,13.517574655200894,1
133.19878999072006,206.11137346824546,111.7922401447877,454.6150663257791,26.117739805198354,1
120.18561088836462,186.49254354655872,97.17897583175244,306.93641262663266,17.266966728422528,1
127.69141712985075,197.7512984731109,109.01996176626953,410.5565512040687,21.250379225982464,1
131.32312683661877,218.24914527231127,115.24545038939233,606.6579895735168,26.385186229111994,1
125.80365061161916,207.5901391104959,116.59928188798078,496.1250226343516,20.586172917897848,1
121.36279697132514,225.29109423025872,144.69991224634617,595.9971907558804,23.45758475446954,1
125.2776459657998,217.6997284041658,124.25814335095939,456.4727506869514,21.73812598815346,1
126.43133251365485,178.7723885646749,85.06045230201843,360.0634072489482,11.255248945702702,1
130.00789641744348,188.60900055534324,98.94202988134657,367.3108055226923,16.740391484578804,1
132.74847894880557,207.25904207952175,110.17524858109485,524.3739530602703,21.39515294921562,1
136.43395014800763,198.17541443143426,101.95189084565857,431.527776252311,21.60771788887775,1
127.26347461279974,201.7381144858133,116.55309751434962,372.84758162209886,23.234258947094755,1
135.50617838659727,208.70374686395567,118.28852977971064,484.7844795562959,23.34943335625081,1
128.76118070209748,236.7638366420989,133.81058208721626,661.8386136068231,20.99790114209941,1
135.71898643332406,189.03381669720272,101.76083346098001,330.1339011642554,17.65215508520255,1
123.54542527134484,178.9107464579949,88.88712426291781,207.61260751233024,19.937239069525944,1
132.29328975173374,188.8384798657373,97.77126557293091,263.4102803776302,12.301840158721834,1
127.20831559472232,212.89098301233517,120.11409992674118,463.232459532864,19.892715375035696,1
119.82582664740474,212.09323836372167,128.00759234561298,394.1075777755097,23.16093390421575,1
135.38540714887844,201.05477679028948,110.44998030986685,483.9388804761687,23.39651552811882,1
128.3973167664464,182.96530976614048,94.18856528230431,367.8257746614259,15.476205954532192,1
127.54269779295166,188.7992311799917,98.91988831726668,366.1002389259993,15.94573160297299,1
121.48956460447917,197.42214483561153,117.74449079337266,351.3062567186011,15.617052494875619,1
129.1854462466259,225.93348162587654,138.07266357466668,615.5517282006061,24.56281742684572,1
134.57878694899847,203.423687885337,114.95073985243464,392.12451153742336,13.544757553873165,1
129.07250357941524,203.5864637308599,114.50486465662374,417.31749217841855,24.69609189884784,1
127.94777312785887,198.66902904443856,114.9620745393556,405.9807515856613,21.348894368941117,1
133.7619560738725,209.62764829652457,124.86044944393079,436.28871565533944,20.124846776542974,1
139.30914709828988,183.40696623633048,108.60870869183586,334.83575389719,11.919916406997002,1
137.78263300477482,213.0240435845507,126.02632289864125,423.9293254900545,18.831218139621203,1
119.29022436245032,224.64217663696687,137.0975614399222,607.2412031950408,29.229913313849934,1
121.70477269693215,230.32501445363062,139.6126584028911,476.4248333761456,23.753719670387003,1
130.34110011464392,182.1231150111291,93.32649023107695,293.1834014946303,17.178282491397145,1
122.30802166679459,196.82425693346474,129.6770920425638,323.58179070131564,25.89589412648518,1
130.4924016700083,205.25915678155673,106.17461097231904,562.3327481661393,31.217680400261298,1
115.92545354767664,207.55523447525684,117.69414913612175,540.5194812608764,25.16972192617242,1
134.1414630293295,198.58949727314453,111.49318671132205,485.67941930682764,17.796048887487377,1
138.0840762976694,216.01534550851395,112.54332123946259,534.1296241531231,28.577143597307725,1
124.8708443959554,235.71489584441701,142.90708211328996,676.6438244670111,20.85645580954384,1
119.2674627379365,176.33357551140747,84.95828950731385,192.38794976499517,17.70606437512623,1
113.69565296017947,220.75898976983007,127.5336009746093,486.68542922468714,19.76095309167097,1
126.7690970151902,180.57391701924917,83.98624523486427,244.9653135686654,13.613284567662829,1
122.62024727745,212.90566296255574,121.88550510543976,460.43001549206264,20.15571504884074,1
117.8895257768104,237.4712460052145,156.11082526217018,535.9543617012524,19.03538778753129,1
127.26267876423208,202.20338602738389,106.24010568228418,435.05339775153374,19.527446448453276,1
132.39331224655058,189.088828427038,95.64000082130073,366.92178309147926,20.311689131020657,1
127.01088410508606,220.08880913078394,127.726509451357,452.19597969325093,23.07354659074339,1
137.42842166694606,204.52913299618237,107.572944269173,513.4286536272541,22.388195610428216,1
130.9252336,224.5740741,126.4074074,567.9259259,14.93393086,1
131.14926793988136,213.76811615660466,115.48469459086888,585.5748821728508,22.766231816286545,1
120.39745471511601,205.49496324465088,119.3635335121363,416.5874775837939,20.68527260321059,1
140.55379072325735,212.52995899889254,125.29140299750827,419.2876813316178,18.008738580212377,1
117.68248855295482,208.7946839770947,120.68066667896859,549.2580332463193,21.84116500849384,1
130.6840958497876,212.1888484824139,124.03551319037109,501.98505036049227,25.327079007748566,1
121.13740853598739,224.7739432324674,143.03840544161577,466.2265463071448,21.650028911309736,1
139.25151026577092,200.50757527302468,111.32822207644608,483.9817208192071,24.436849298972128,1
135.1072330793738,197.27555449011862,114.23029686704825,483.96767283564225,16.739334100289348,1
121.20968108206594,212.32089162148827,118.22504803100512,660.4066173056808,21.076961489554705,1
128.70305259732962,236.2520094389222,132.64918381275837,660.7366017511481,21.107596845143142,1
128.24019722187455,201.5500986236052,120.69760553837725,416.7787061884557,25.340137694731858,1
131.50720454171935,211.36086127877624,111.32432113800013,602.1607455367108,29.785741289814194,1
131.00200406693148,206.6048366216728,110.4491171502092,532.9458091985217,28.498629125945914,1
128.76689441759413,189.66981530274631,100.27546570260907,310.65431898099996,16.489381361925805,1
119.32078089102491,201.4519493962309,118.03608908444873,423.9118921652778,28.11829468180633,1
123.19730830909042,202.43558360793432,110.72647238676939,460.2644915840351,18.726075894153524,1
128.97734494689067,201.46866965983622,119.46698165943174,436.61980772963966,22.166222548609806,1
137.79678924483187,204.669979305149,105.52906184128048,516.0913888552302,23.181260655335507,1
118.95598085312338,205.42216874306138,120.77821096085721,414.0864965749279,19.049633034624602,1
127.58731299970742,200.01809980184382,102.81274675367958,570.7992033626427,34.573858754448146,1
133.00248516958257,222.45076074000497,128.571288818382,511.47590147739606,17.944236438286037,1
130.5359373769153,186.06831787765452,96.46709618268498,275.9880323488137,21.71440315001266,1
120.26574504269706,174.58829155143815,89.28776142515943,206.43682423789664,15.194139778943441,1
137.72580126446707,207.1447289968859,122.38535546956832,415.7135830434959,21.449322190450285,1
132.73000936394092,201.63118835247846,110.32609372240913,484.2646384044099,22.315904210066194,1
128.435246095334,188.11028986713373,94.19202034697753,306.6595100769991,15.911433705109813,1
130.56778437074857,188.7499370243673,108.82765056304463,328.1949428265907,18.76423933375473,1
129.66213079166303,186.52794175932024,106.4156764980414,323.22427641894376,20.54849290512632,1
129.05075453684938,204.72740304181391,108.41699868386276,591.9801292393498,25.286084100020005,1
141.6268579484616,225.29531995229735,122.24926646227084,694.9388299096145,23.937358033372437,1
129.95728550030833,201.74555490628939,123.11206999487251,372.65824471524553,23.30643137946953,1
114.6933234543798,225.90361784190924,149.7669253330631,530.6858838714226,30.13514070517369,1
125.04860359199864,222.86539403521533,135.04360886600156,509.1793183074976,20.657260479286695,1
124.81165787707626,191.9930574642043,104.83087784707043,435.32726240848126,19.699654907617195,1
135.7982322112822,195.97473292351472,114.29692652870078,392.06764932533025,21.808273708339385,1
130.90682709576552,204.4822251475784,120.56896632312524,436.808572375739,15.31333033945245,1
128.97853582862143,189.57394124945094,100.21307666918841,311.041850845132,16.323124460367573,1
116.09137825876225,217.54792323433412,131.37008724724268,567.737850347816,28.45276737970805,1
130.81299637974502,224.63173657088183,125.99455573833838,567.5225795753546,15.333786787014528,1
123.14031704405646,220.03178754422518,132.7319173903859,445.46845249054417,21.22012130095894,1
135.31386917361738,200.6516491624303,126.01842506090651,370.75105476428064,20.681901480155908,1
121.14196744436263,228.94198308463902,130.78030718174938,663.2474018215287,22.110159782657917,1
129.32601741523993,200.16354957981173,119.68264376706178,423.77437828548545,20.13238549116775,1
126.79264204350915,200.1057205639149,120.23592579296754,418.9557972920772,19.48631343572989,1
126.3470779038828,208.5178156563913,116.51912778829517,497.05220934237866,22.25258799858141,1
120.13951633445305,180.5658763905747,92.6055561825105,225.15830507749237,13.363920847534711,1
127.07784519627282,201.49199293639415,113.83587866966387,320.4242449273491,19.107041912806455,1
132.21386576168018,205.0599274871391,114.43758856981351,491.1527183094932,17.469159626224517,1
121.99251618258478,215.58454803584192,121.94506427222217,477.00905631763,20.132216555659905,1
130.34054170257076,209.04788997193245,109.4766387976271,596.5326680786172,29.61585304928842,1
139.34950889293984,166.58723079870148,70.63255809076838,244.53779496220483,7.868710184071874,1
131.55391238542163,184.40234650146127,88.87971364092294,500.97910528869227,25.23003540388908,1
134.9671803814448,197.22824520391697,112.99521772801354,487.8439413919276,13.978551088725101,1
119.76973813692689,224.20416976122274,131.61583848162144,591.9792799285104,27.258335973982593,1
131.93512153164764,184.4017746543528,94.6730022536664,237.44236958510552,17.170598558788832,1
131.18709801230554,187.0078838965071,95.7996100329515,310.83686654146226,15.116806345894181,1
124.05667999559566,199.45501247547602,110.23097266829501,414.36327078220575,18.16823258655539,1
130.9252336,224.5740741,126.4074074,567.9259259,14.93393086,1
130.6892505985066,186.32915855046522,96.54067026295087,274.6641241801604,20.752348407710876,1
129.4228404265182,222.31010802054925,120.73845229741376,562.5358166695922,20.51584437611006,1
136.28209327168005,211.97916099152525,125.8733459153157,429.21448745204884,19.780768564133712,1
127.02966052787612,198.39912066929435,112.6661336953708,348.1378696722509,17.38094085014216,1
115.07325322896506,180.07837386836326,96.38370583505493,268.9386558908669,16.22140436636829,1
123.17354308064073,170.86016571968875,75.8535716522697,220.331240628719,8.158387929804638,1
114.92735358025305,214.9701650044943,127.37191812821688,480.5712208571644,25.853574637956275,1
131.43120477778749,222.067235742984,149.93170870813074,445.868303007522,15.106509104103253,1
126.65514486258876,206.5755509258714,129.2954571492994,403.3903007517796,22.99561339360871,1
117.69788583751675,228.59359532519443,147.36645953691658,585.2264304515443,28.658818997682886,1
133.30445457662668,209.37075855346478,126.76461813507403,498.23007736618825,17.07628931387984,1
108.83432143439413,219.4282814017057,138.7232609626701,382.38713830413667,19.122364634049717,1
124.9177743293694,194.30429831126065,113.7040634015344,339.5551644730543,15.260477643573587,1
134.0612152674238,202.960201896035,110.94862083149908,449.0254783930045,20.867502492656705,1
120.23849005022862,178.45284426114196,92.98269787834577,224.38010769202202,12.891571340397554,1
136.29378866426978,200.94267131212715,110.59844432701473,484.0025079023503,23.647241980993666,1
132.915237101319,193.81052124211348,116.15918899726468,421.1013425354725,18.247935424439408,1
133.20698141542715,191.46285764455476,96.86398206027364,440.5003376656897,21.133657970102767,1
128.53038826977644,224.59211307624906,135.18442033804595,507.61609708129714,18.452130025235768,1
124.95964252577014,183.48449440122602,92.79162392075519,241.4302067871463,11.800455502960283,1
132.75143834964103,182.00061713359057,91.77045423926955,241.54559532750497,10.48149395039156,1
133.35280118865666,213.90205502044404,117.7775157918856,588.9951616409332,24.904508845957242,1
123.47912604623572,221.07558551435437,135.1537403313926,507.17059674626194,22.85955376359005,1
120.73768393761935,207.84922311794804,117.3784838634233,534.7937015780949,26.44406066035807,1
129.09543608349898,213.64037278416137,125.82789712199433,535.4571414243651,20.23361939734329,1
135.22138772365076,223.2460313410102,118.80745682151479,609.8480589303337,24.91195082546248,1
139.45538842737218,196.77100799283608,116.46656724530777,359.4991763393761,15.670160155302755,1
134.39701021490862,197.20683519197271,103.19749524723719,452.4903304267277,23.001502670226103,1
129.31911201335583,207.17460254858528,116.76905080168402,484.71988635406507,22.25269482535502,1
135.5942403875723,195.6684031018843,116.65016840466673,352.91799317524226,14.719997271820901,1
123.34864193646295,215.7138775600489,117.68590050325335,478.56343494437937,24.243383422421303,1
127.40567936400174,199.76887304693034,113.80217173274949,352.96929435851496,18.02879369792093,1
124.67115942182973,221.97750622919233,123.864008873993,661.2944785082168,20.077418708063494,1
130.97424634979242,198.41930009970082,113.82023530090207,344.1546867380013,22.7438205968917,1
130.9252336,224.5740741,126.4074074,567.9259259,14.93393086,1
128.47805649021737,211.5350165865378,119.55549188918044,531.0525362203279,12.43663532099464,1
130.767691777768,210.99517299037734,111.00392794985719,618.0725175761655,23.050376224041884,1
136.56519831845884,192.64195940227975,92.58050294149483,568.2617233430794,23.78762250553923,1
125.75606852751368,206.46076272187764,137.1508910059263,411.0230034374969,16.1549658975103,1
123.71710084675449,205.43750313396825,133.79264424760007,411.7361912421817,16.775790998177186,1
135.5831198801978,192.70707011829683,115.00367109793964,331.7551357426124,13.224066258819967,1
127.5476857680829,188.7798281826135,98.90906223536304,366.1140032660228,15.947677488596078,1
121.89743234094735,215.50666818121385,125.55655777810384,530.1691778247874,25.51976502191911,1
135.24366362929592,201.94782589013118,111.31694188888989,444.734721056662,17.186597656837357,1
117.58744938785026,225.9077572127042,139.66988332259697,585.5396272434431,29.42118071679271,1
127.05250049749887,236.68070947362884,137.33769168981954,666.266911457035,20.873299026464508,1
132.7605456114817,201.22558560930437,125.48213227476823,373.4320030711091,22.909860194683063,1
114.39503413782462,225.05413363047847,150.90329139211195,532.7365430234917,31.44955247306448,1
125.25640618817812,177.1269545111865,81.81731257436952,378.80323197020647,18.525165399847545,1
137.75842955269323,222.01201902416489,118.01067044809282,677.6572159348674,18.36696966658416,1
120.7096999230994,221.09317877497708,123.23383016201139,660.3174465000419,21.441701165721206,1
129.95990766661404,203.38906992983075,119.55899441992219,433.33899844768,17.20269420471039,1
128.9903016032915,206.41752520084728,115.62868888936983,493.8245965354915,18.90195582098613,1
122.667744550494,218.26656957205512,136.58411351420276,498.6350627740796,26.64968024878649,1
118.15064773812978,225.1174393148545,123.16448477895764,541.6715590379383,27.77579429139461,1
128.17329531689904,189.31124786491637,94.88203699777507,298.7937036844017,17.160063870962755,1
125.58604585898892,197.14999330074127,108.68635161723458,411.14326339269513,19.46661324412614,1
120.45398797350659,180.48470856884728,92.35678421432969,223.9523125796892,13.857526152616613,1
127.59175132960506,203.2421312166014,116.50903803409399,343.36284897270883,22.13031254216015,1
127.88701311995652,203.60738678802554,119.12456848693623,429.14098842084417,20.725315284995297,1
123.5556198665959,218.4423439137459,144.81003492925836,447.74933144210036,15.930079620512895,1
136.11672004616915,189.92900736267134,101.65721707450255,331.6860641378252,15.216278718873811,1
130.8704418381497,197.6606326323373,104.16180252482494,362.3094445230724,16.856377910742268,1
123.10635567184104,171.43812400999528,76.87092235460563,222.27513562678317,8.10730109717596,1
132.41004756915714,192.62625935433167,112.07956658469863,385.8729587788672,19.966119532181192,1
114.39605297749165,220.42191990898215,132.221040798083,564.8600349890787,34.76325749780836,1
140.29764592273412,201.198235223008,111.20080139450063,534.3357459533461,16.871501943857872,1
135.87285460033172,190.60062507328647,96.17314580970249,453.0031083016715,21.91191647642054,1
120.5733355074051,229.00119165626933,143.81268128936372,519.372737446093,19.65213481788755,1
121.22677329638778,212.0082459386521,117.9675751154037,660.6714465884078,20.716644718436708,1
129.4465713836734,197.6231840428682,115.91582719532914,391.4960274492191,20.53689073002563,1
121.83041794615491,227.39630568830253,143.14710888711164,469.32382935786046,22.77438539288454,1
125.63923534005848,193.4084656474638,112.29136588153824,340.0368535360635,15.401602872331523,1
130.61120580135648,210.44383295964073,130.58632261672122,488.78877066276016,21.351534093133154,1
113.67115436178081,213.97551517592717,124.2189757608172,462.4850456878545,21.16330266507718,1
122.25660486206823,196.24495578929225,129.38226399954894,323.71784305509374,26.95197149373138,1
121.94705780121555,211.77330989637053,118.98826588161712,533.8981720649072,28.15614151126919,1
134.12678970000871,176.92914160142558,90.24355701590224,271.78306961528665,17.54054711835663,1
128.0630776967804,196.60452484387318,117.74945962467635,396.3784311178248,20.22750520052443,1
126.22973004449226,214.35810050523224,128.27445609262037,503.81560941549526,24.81866789767467,1
133.95690887571712,195.90923711713754,114.38092604429798,327.23394166064327,16.049296103531177,1
120.29885927290377,180.52474861428104,92.47950330049734,224.54722806931497,13.614030905100897,1
129.30726478362484,203.748714946929,113.35121861453587,417.5982325849274,24.22058949767388,1
119.41270591875649,216.29223491557727,120.9372210997967,530.2923964832773,29.09400380966162,1
131.3875332792182,208.2321202199598,112.53277060781573,563.7801220215704,33.35060792146398,1
131.4844563244109,223.84013109258737,128.64477934793038,571.7235222070203,16.581739695992002,1
125.6485849,201.3018868,103.1132075,590.1886792,23.6300097,1
132.51482592244756,218.98065232850456,124.21705237343446,582.3951881857316,21.482778669230562,1
127.16387854502359,203.35971778717143,112.62139046936089,370.94733529711203,19.090909047815423,1
133.51990332781966,208.50088560407386,126.88109661362047,497.09460010285585,15.060191236284497,1
126.79603777978575,203.53791968565434,107.32825113907147,436.1298680121783,19.746442189008558,1
133.61060813166856,178.15527421067583,91.09252406742256,272.5415353120116,18.24602291552427,1
123.92582764577487,232.59549581627283,152.52034692369116,589.9291390317309,24.4882419420835,1
129.83022275885995,204.0919892672766,110.85793618957071,418.4330626165372,23.08824698915594,1
121.52906882209913,191.51653488171544,107.91957610059787,437.7029333500582,18.616030199235237,1
128.48218373807066,188.53675569343537,93.76247444803639,301.75718187587717,16.409822811497285,1
134.40153830819222,193.3392949299811,111.09278983090174,351.269567472198,20.43984262367949,1
123.40089933216349,183.1921928252591,92.52172727816061,341.5028134984832,19.82484297230045,1
135.84765712807433,192.04623062834713,114.00716737921502,332.3648209687501,13.000983361348514,1
137.52190730981778,196.21236379193635,114.68653618742178,391.57306216384984,21.43365286200436,1
132.3656498309486,202.43086378349085,123.08885471076715,376.01966077824466,23.604106475115277,1
138.63275469209148,200.65401406788382,110.98072015119112,484.1663403733495,24.2928304761513,1
133.13655765987707,189.7472917822714,101.93709478495401,455.17195576845785,17.180885456490383,1
123.70743815807812,172.81141974906808,78.84246780106768,218.4173160287062,10.862807984822641,1
133.86732566718558,233.7826941024732,149.47351301860172,587.860464379677,22.14134067189619,1
119.52507346358176,224.91839771716576,133.54173763203656,592.1320294798824,27.230255588518283,1
132.5794282793638,201.84828355378863,110.02644854453956,483.68163523421447,22.81321137577031,1
121.80105889469031,223.74771535499764,125.01514519632559,561.9856278296564,29.268288372298553,1
139.64690331443094,199.06213744428376,115.32350594153576,390.59576750466016,18.02952113284103,1
126.51604462948762,188.96804172734792,108.88993569837147,327.9125557639554,20.85401795818809,1
125.00551561485767,206.26705588983057,128.01403570264128,403.71303404724955,22.28566831333493,1
131.90164550465306,195.49656994529516,113.284224991753,348.4950737856756,15.850620890749138,1
136.1454406320667,189.55114384024924,99.65403751518811,331.51718891795895,15.668212691338123,1
121.14932087554695,219.19714931357117,125.3928840235321,534.9468571564505,24.81167691580746,1
130.86904893297412,223.29653763382444,126.13938450417287,567.7279026888001,15.232851333943902,1
126.52359499864995,206.79967972809513,109.84630315123802,444.1634972890277,22.934311394981435,1
128.23278133957936,202.6802132412669,120.00603081762162,420.0721271522782,25.084952955395174,1
135.82338213850105,211.11783839171528,127.99676570147662,488.4462075717906,22.531401318710962,1
127.4438375319399,202.52577046378235,114.24160806203692,371.4410378249626,21.107074692170478,1
140.971943631794,225.702572512936,123.05668400096754,694.2237635872862,23.81693995371908,1
121.9925825407903,225.62406150506038,139.44425274552898,514.9972505024601,20.636816857491475,1
132.8246541993243,168.70713126379925,80.30126764757806,254.92887475596518,14.311764310949611,1
115.27917874062923,226.72655221047188,151.82050241544718,527.9286839595054,30.427767310132467,1
131.14225960697524,202.6899431415377,116.34926704434429,390.4869826934357,14.585290125647308,1
128.3067766160594,196.55394948547683,117.54644919201658,396.204726033537,20.33641129111518,1
126.29704452555703,201.77913369229432,119.57933591261529,427.04794572309186,21.610411918707662,1
124.5998041166705,214.87590052898187,126.09336510471857,542.8537151821569,22.918982936365627,1
116.9489529,214.5625,127.75,390.2083333,23.07050636,1
127.85747913794037,207.29503578340507,115.87024436436327,490.6568484264806,21.72979427245133,1
132.70413084041726,186.06842170887097,95.40980393586852,241.41521219841866,15.580793400873993,1
131.2424200731213,210.26538833608404,124.10782023122336,438.68551150587905,22.696188070988597,1
129.4886327095882,207.31778598786218,123.84417456631309,464.6849149528846,26.548051684557198,1
122.02182149151133,200.64366487896837,125.0158678392705,332.6462549822557,15.30154107634713,1
124.11356424563657,222.28766550534868,148.4575195933039,460.2539664168588,18.162329162952414,1
134.7598809475772,187.16192404455458,93.52727777926961,244.53865610602412,12.472548071627891,1
133.44796950674788,207.84257037397083,127.31706583773622,495.33548543787765,13.715739728018583,1
118.07069597396081,212.2494383836725,118.69179763752248,522.7069052513028,26.747439996448048,1
130.24960896100905,209.85812544905303,118.17019554394308,466.7562458294556,19.123477830027284,1
125.96993516928498,196.66553905738144,113.45469350625459,347.1711371670535,17.025725160424454,1
129.70299949778507,198.50043920901234,119.3528091285447,419.79676054913176,19.48207862122288,1
134.38332483656416,200.87322347789558,114.28917452050473,391.7414187163154,16.254314735539875,1
127.22298967233446,201.78180691816974,117.81466809974414,371.6539882034317,23.72734984933068,1
118.71987252201482,199.25715615470838,121.099442975071,426.3364538510779,24.27578778786942,1
131.14409108956247,214.17898847536893,114.05259262196273,572.7743187349422,24.662739007392354,1
118.90574315682842,191.46037585378102,105.01918121912,331.15909658608945,23.641853721595396,1
117.70306754998893,228.84355671423393,131.03093793406725,485.6775404623616,20.87445790626787,1
136.21485291434735,221.11119113910615,117.04277256783,672.0137307891238,16.71594026196954,1
116.94298502362778,228.26733756524908,131.0341712303734,485.85783508198995,20.60542650632665,1
142.21742316924826,183.4185913221618,90.00265584431718,240.11711060134442,11.573405964311362,1
128.97720373842498,214.0353883974401,120.83198760398507,460.27207995110695,21.23797536462456,1
126.2121024086252,194.07651993678778,112.08451825779454,341.22555668774845,15.932647390175868,1
133.1767344576918,207.62295075210722,126.31282330730069,495.97088424517955,13.526806509782938,1
132.23358126615872,201.33633221886552,125.24685550031371,373.72530467842887,23.226319960264806,1
137.5681767842636,209.44561743668746,118.94006486383005,516.1297742280537,14.222442197579602,1
123.76700209619717,201.30105200779002,119.07581613636532,388.28243056132754,17.49554008946471,1
132.5224184546583,185.98306054140068,94.76603311802424,308.35057035094934,14.221554051788216,1
123.89502681184065,195.30471889596308,109.99948886614187,336.5856385365859,15.150796645632065,1
130.76542910217285,186.22772519056264,97.06178925297809,276.7376257416789,21.97248724502615,1
143.11839371657086,203.36363306392346,118.86501965503066,438.43551873272895,14.513116225551594,1
123.08403532887952,223.38751765843568,136.48471811123858,511.92026458417575,21.22630168869278,1
129.23315400682807,191.16787773013036,104.8550019546732,348.6268067927148,22.798296130263576,1
130.0939538348013,199.27124031852725,109.31524799478963,360.4044999054031,17.52061297111606,1
131.81241148753904,194.75878931627778,111.2713481229652,350.71470409736145,20.21330841235671,1
122.31148807089076,179.30964698004425,89.19695873121685,294.9108570644994,12.630493276260037,1
140.5209176025546,223.70215888369634,120.00114877725044,688.4959005083273,21.785806096470044,1
134.0813095305046,214.88573944899295,119.86008543421357,536.1995829099642,23.374470834283645,1
128.74640283345397,187.77936940312958,93.97677925625273,307.1851623187529,15.7971602775131,1
134.61517491510338,174.4799665793475,87.82627137592411,267.72479176046465,15.511866707465495,1
121.00681671739686,177.34073220216825,86.30582197767076,197.51517746420342,18.570611542532074,1
130.60772444881263,225.5865404770043,126.719911528825,566.8214705253046,15.333564858893393,1
129.75000328586742,200.3226300296215,116.54629933325927,419.2937749982336,20.662911043887473,1
122.71378573709056,213.09667681282284,121.91104671567548,460.34190130741314,20.20226013456669,1
133.14757039392833,207.6234711320028,126.27723325195396,495.972717689558,13.553980868540004,1
133.17120598757447,235.61453089695655,154.30748816256295,518.6145087372004,29.077412508921803,1
127.3948815949076,179.27019734033243,84.12054544321094,249.62758820770233,13.917316153250923,1
134.24927218934002,207.8648812856634,126.86031169020869,495.4887790193834,13.612322755227925,1
127.45059633776442,220.69490473677072,128.60641335329848,451.11098826612454,23.412334874603395,1
140.012552546009,231.0692849466854,124.66875874243613,683.4847637273846,26.760809940094877,1
125.68684369753838,206.47138125945665,120.46152335335618,436.3456207847481,17.11386305882423,1
131.55813914442007,199.3291159340786,105.58366299714334,363.86843596686356,17.211664037107877,1
135.7513046981851,190.65053959297381,108.71576536433281,331.24033689382713,15.263611924530377,1
128.11627991676292,213.0976322776078,117.00764830558526,516.2393862990341,21.734670224803914,1
136.515341225555,187.3344222629741,102.19844928059518,330.8820241643961,16.977162697187723,1
130.62564253604506,185.05383967594543,93.49462766754067,260.792478378937,13.174655607311612,1
138.25505379998685,213.6074117911694,113.23500343064002,535.0309800514418,28.28629436564987,1
132.2039115104977,206.71730604182667,109.84060347281775,532.6581218448254,27.674437274335432,1
131.8686743712401,188.54911844888696,94.92118787095175,246.12197404721763,12.907340807353634,1
133.00340934185357,183.70883508818952,95.11969695960688,290.5707072119772,19.425722863081813,1
121.0517714836299,200.1211463662657,121.18677271167242,426.17094608744225,22.211927235710135,1
133.51700644358755,191.36989959549558,102.511831898341,455.5521309476976,16.645552525841886,1
116.30160139499415,229.41940583146157,153.0506241897452,526.183395168255,27.925888757462012,1
124.86139510094722,180.71741612552586,87.88597176791193,256.47234432504195,17.269286194750393,1
130.8441338399741,201.0449167176957,111.88040586701715,418.55721373960307,21.73775726530363,1
129.1722705057579,223.6264745834702,119.87253606273819,561.6318108900699,21.31874486633872,1
128.449087259242,202.32654035931787,110.2678406538769,365.8738014871423,17.019775453817484,1
129.514711530285,187.22937195765638,107.79055159721716,324.6827223532668,20.04756430794162,1
129.57870706226257,222.8175268378033,132.7200828317331,582.2119393311416,21.575831308498397,1
127.04884380536149,179.692894241249,83.16288728717215,246.75428328770963,13.651341248798332,1
129.8851628387195,209.78596906849796,117.96083954825588,466.77661851931424,19.317161426073966,1
127.155995465785,182.06465484689144,88.60952853623074,253.00750525392266,14.897154638651989,1
133.37017112228793,224.598957763499,145.28056728043813,440.4219584616798,16.480362014683024,1
139.82346364415818,164.94091345439338,69.90368627841033,244.6039015648122,8.068874769924065,1
120.72290584305807,222.3495757527842,134.43303037427518,604.7190516519856,29.468804697036674,1
121.11985063090806,223.63870563972148,135.8093658332381,475.05825622554676,19.815686823586525,1
120.32969219098331,221.24674539373413,124.55562135897361,542.9380744845827,25.249681729449335,1
138.04793340664577,196.26602102183878,115.9284712542229,357.04135434471016,15.377445380264373,1
132.72952068050364,233.555508256558,129.83654152124691,670.2403753362593,21.850108567936058,1
135.74073300029102,215.6311509520479,119.03092342734867,570.5529971793383,16.114861201124633,1
130.7021376734556,204.4783061474424,121.67661158490769,436.4207549458489,22.921422273970926,1
150.15541560005795,224.6993129211553,142.91094121435367,537.1824192401031,13.963789686041764,1
130.98356587596774,226.94583319751715,131.6594519289098,566.7464973477213,14.0715233181696,1
128.74697927742776,221.96190967415353,130.70915065725788,448.30849298730527,23.83846788470249,1
123.5344378047356,213.56784505187028,126.88559261846491,528.7495391412062,22.436987587220454,1
130.11194289618507,206.7749121129148,115.87923515868067,483.39080300545413,22.319616997075336,1
137.99515203354278,206.58891378593293,110.74808608439868,526.270071870343,23.192933629199796,1
117.73020271544773,203.3214281454647,123.28931964798795,405.81401374315436,15.966693725397322,1
122.90899386580827,200.045118898414,116.72384707971588,352.90716533008344,16.096305793140647,1
128.93014062050216,210.7419720267913,113.54052828384815,500.2186866284885,27.519562291206814,1
117.48974177002174,179.30710519037447,89.96079996911834,299.3081948771429,13.767598744872302,1
125.40255825952799,178.14514009880787,85.1458714232248,353.5765379647417,11.92118856334614,1
132.63826985893067,212.26211679655242,132.27181202757635,469.01001675713144,17.523162468016363,1
130.00705642073783,209.4336178050436,116.17352618562673,492.01868956692647,25.258274987366907,1
116.55438555300078,226.74522883240508,143.84056902705288,581.8494753836027,30.53328323492881,1
121.21933762930668,208.98110158565382,117.69356355682865,530.6506208785382,26.9289259319666,1
124.97820052772671,199.24052921350582,122.31741842428502,399.7395656425497,19.663637302461975,1
128.90449073204712,214.22445979438584,123.27613652043394,597.5264995021213,28.913492434217122,1
121.56978183785772,196.43535338380758,126.48791799603343,321.29832769789965,27.29489400472569,1
118.81564064298057,210.87430223793507,123.34409360763367,386.04615735265725,20.27456498545801,1
129.1737956576178,223.61846221348725,119.87780666246466,561.6373133306334,21.31385782653657,1
125.54052472013825,194.1358280550632,101.84653784862304,358.12129951400703,17.416799144901187,1
109.28530068448295,199.38649533488456,113.60341864458783,415.3226572997561,24.367497349539285,1
122.71183574933791,177.18137775603122,87.7018105638197,293.5625496288743,12.320774129801139,1
118.4349389362004,229.77765460428762,149.61368317962848,587.3420919417046,27.462664597107004,1
134.64065415614135,236.54563763220463,129.59565303029166,668.3649236502634,26.006643426842416,1
129.56504617229956,202.3552475332637,119.6811733348727,436.7137845717098,19.396368794325387,1
128.60202244369802,221.6160725379535,130.4936631019243,511.63762017219466,20.012605556348497,1
133.34298279460498,217.9691637135564,115.04432397539017,613.2048261008141,23.939672030814272,1
124.06040119986551,197.5631676070785,107.76649162628549,436.3325017959876,19.455392577551564,1
123.2718933384174,199.0550988210336,111.76626320653033,438.46555876828313,15.526634685995495,1
117.15135283096767,228.42530136057013,131.03328485969863,485.80840940350873,20.67917834374844,1
123.13894172752579,215.5902563704611,119.15069577192885,477.17283131099526,22.65634032981814,1
123.43338048494468,200.87395322840092,120.45691824669446,426.5691465642749,21.938810034384147,1
139.46249403251147,197.31498834335156,116.13577308026301,390.22414111472693,20.134539176136574,1
131.44427664973605,188.80205186971799,95.68060892876068,250.27933139523122,12.796449960954774,1
131.59416077200515,203.73222415167737,120.430878144782,378.4365882834504,23.478696619233396,1
129.40199373115604,204.8725191600037,110.76364218520169,418.6855306131209,22.912312584291815,1
130.35910563860458,214.54480670001632,112.27021732610606,614.4493531892236,24.05516078560325,1
131.8865897040731,212.1689308369609,112.3984798335075,596.5986153005126,30.264278312534266,1
138.20811755472155,209.99475180211553,133.2253515009417,413.0060139502155,16.38395966994375,1
120.72750305489785,223.41304044386848,124.16215852077241,542.983474408739,25.811582317955292,1
133.15531588586143,183.0309539310685,95.46428495629964,235.6334183819047,18.189558631360576,1
122.45285640804018,191.38727376115796,105.04818548361884,331.59212782729116,21.641215730331737,1
129.40736895467094,207.71436130605161,111.47010468289842,559.9394685664911,26.88181983439538,1
126.89564785786565,236.67307860404617,137.66147167507077,666.6734183066014,20.861860858755524,1
129.80136328860627,187.4462032005441,92.58953212566475,300.7187448121322,16.263502162323228,1
122.39701237053468,229.7507993562791,141.5153521500583,473.1356092704625,24.407556803231508,1
132.44460244097814,229.65133543968574,125.68986946673768,665.9809509990085,19.021120734919045,1
130.31230193550908,188.73842754611877,109.17022148299459,328.1051405825077,18.80954914940372,1
125.0462175909358,176.5287772933622,93.44805318142414,222.82912445954852,15.110466405840702,1
131.31592306909815,211.14771980358927,125.82498291158268,468.14015415611294,18.159314961990862,1
134.28248628834024,194.6432756013659,113.91104553845894,350.56584207827245,15.571602058721469,1
129.25362618396804,184.72193079778577,91.5816323568499,257.594721571345,14.207102141750443,1
124.93369643668586,198.42484145092075,121.16914143449053,422.5253199270607,20.48213860313226,1
124.85164327447947,182.66097585685347,92.99086091780958,241.79527779681356,11.181903515448214,1
139.17557234906835,200.2818131530114,111.2147134577638,484.4173697497364,23.829959408651014,1
133.7731011968136,188.15372104620084,94.85495484646609,370.3147435081781,20.11371651346108,1
132.10751830421455,205.59385054916834,114.7037250075612,491.9526997223371,17.814703055033732,1
127.76682764639222,198.02126109137393,110.76791304124554,409.2105190632354,21.27935876176626,1
119.76290275202787,229.27438681680638,145.34728037835606,520.671610766119,20.721761679063835,1
131.8230919137028,207.51876494491805,112.73891678541428,593.4399341382772,26.635574997915757,1
115.25627043862922,181.11774583037186,99.30674443367248,272.5359718317658,13.995397042782919,1
128.3453338923691,188.694583184174,93.18889490568029,296.5649891429532,16.803796508103524,1
122.89233770756422,221.110253892745,134.1849226269395,509.1980190160699,21.67260844705309,1
130.7858545640041,193.90462476142602,99.37221173892272,432.2266279500184,20.06439306562606,1
135.42165664342113,222.79298532432472,117.97135070472464,610.5913740333931,24.61863122687315,1
125.65247835824776,202.57132139646706,125.23052575525911,401.28017685885845,21.38179008707647,1
128.7989071756233,225.5879350896584,118.58227197990207,560.284791234721,22.515111931822457,1
127.05386066615036,207.36064977964762,116.7915464599788,490.8096872137591,21.27287607495805,1
116.9489529,214.5625,127.75,390.2083333,23.07050636,1
126.11981146318442,181.98336337248566,94.26072086085162,231.83715779568058,14.897928131993728,1
129.11890220441046,182.54219359882597,94.76289132221468,233.66610598291726,16.07042535682225,1
133.21924544445545,195.2962357656864,95.8087873679607,574.9823571289708,23.73931402382804,1
128.84423051044448,204.03411264178843,105.92167424482278,509.9065496258755,20.981238112165233,1
122.14039189395697,214.32203915342697,126.50436804836782,528.4054800852008,23.94847884062252,1
128.18567606485635,193.61840905779488,100.56676166110574,363.3966871708566,17.2095804524793,1
128.2292977269321,196.57002884519397,117.61099204206397,396.2599518712478,20.301786915499832,1
119.18765729968827,216.48397374025018,121.82955141419454,484.4187409285435,22.389000915795407,1
123.03363018259189,202.96225897986804,111.51817007657075,460.39073526329935,18.771513939214625,1
139.34002793982796,213.2015985224627,125.80439252063488,420.35928417958775,18.194098155452835,1
124.56396529852682,198.48269908321436,121.21239742410184,422.72019146549195,20.601319268022884,1
118.89008526168048,237.20134255751375,150.99702772484483,541.719486674839,20.02966689783683,1
138.24885511308977,202.12955109239084,118.16811803440652,446.18953176389317,20.237048920663394,1
133.0715155577266,175.0467995936604,89.31421825513334,272.5412119546048,15.333483400695174,1
123.60313475099791,221.50350836271485,134.93536851131796,508.47160666266393,22.281934247415805,1
131.43658698394907,187.09194103462178,95.5849365405937,261.92498002272424,12.585871970497823,1
115.95707842171736,228.51200229130936,152.63611341050498,526.7715003721266,28.768939949709786,1
131.18196690285163,205.61104302809775,114.96114951947628,492.24244522107085,17.743611158243464,1
130.09588797659347,206.31416579354504,116.36175443174926,483.729122605236,22.055881669648723,1
122.78685129022898,204.71895324688282,117.71393186759471,377.6351831137252,18.151275530902435,1
123.38077088324867,211.32724207820877,125.28950580413911,557.351658342272,19.457132207677482,1
120.08848917324535,210.9803136131382,128.4408191002084,390.40363551607425,22.289781837554216,1
127.93904688372206,223.81551404220045,124.53984875192513,567.895803978379,17.756874740988057,1
147.19475112946748,219.615870160893,123.4545223061156,478.3283508004762,23.249787015037843,1
119.0344558509263,198.74561214969458,117.14180087298037,429.06318044029535,32.889244388462586,1
117.08524515199868,210.37662913006298,122.54081170890022,462.7525662849423,19.878214328836204,1
138.78693055823538,183.43754379122163,92.35388270017215,238.67173019414912,14.278929521491548,1
136.589012047617,199.47749297044552,112.3284123713837,530.6294770805508,18.526968018397326,1
123.61425823099621,179.66901576538075,89.85676019211533,211.83273883041974,18.81799307829652,1
116.87333905039802,232.08488889121446,153.99746253076273,531.036423737168,24.509292899090973,1
128.39119961955905,211.46525426318894,119.36582527240532,530.834142059579,12.218132033675248,1
127.87234031079775,203.62065911919802,119.12950392027926,429.1632211988317,20.717503397012948,1
127.4650154681995,178.38898525537127,92.09410295179181,279.7668010930917,14.76743235166662,1
129.68047456994415,203.83570306764545,112.23831443581999,420.01626739759416,22.776453573823076,1
124.15229139773471,222.26203988996573,148.51293163846498,460.1932685304433,18.125537133492912,1
122.36512803536466,183.90110064430147,92.53114907441741,233.58444113951427,13.428403234717194,1
132.98708658414515,175.38797264855808,87.6174310848171,265.2792022945219,15.30180715376862,1
121.50445835044493,215.7432497648099,120.77080294398299,534.9889413016912,29.483817536451113,1
129.82824957564583,209.07548315496106,113.98573525471845,530.6319564090425,20.26313297503596,1
127.24471962237124,208.77431187693827,122.4604750554989,436.12454946085245,19.269983808842806,1
129.73257271522917,209.76093078514134,118.2850787133034,467.0487074521077,19.097719998641633,1
128.50242768904238,229.83396609381685,124.49390735904582,559.3920071533696,20.107233018639405,1
123.1157100000139,178.39243242706914,87.85078023039192,200.42067220513678,19.706984892983503,1
132.6744527311637,195.39007335498198,114.06060444169805,419.1310815093485,19.18819564276479,1
132.33254330804945,203.38304572424792,121.1270063640034,377.8931306388488,23.92886939754426,1
123.59357233914916,191.85042658380624,106.03950934019024,435.9856243860748,19.616850225294055,1
126.02339402279944,207.12449292975705,112.24910577753568,443.553389106956,18.971415275023496,1
138.30031534737404,212.45221738786432,118.59228999288224,481.37878789754484,23.089810237232264,1
127.68350083151132,197.7229588631377,108.83646874155497,410.6978523446785,21.247337068714167,1
133.18453939032668,183.6095757737197,94.4332290310983,294.6704896582746,18.406232072561757,1
123.16814256017553,219.55244968726174,144.0058749507867,496.66372747062053,25.815328924586417,1
135.9873791638215,200.8607615437675,104.08549482740423,432.2423116090527,21.603095504874293,1
123.79381991308728,211.93909682640688,120.86171206355911,522.1710637543579,23.061460446856834,1
138.56366383837712,210.0087872935956,132.6933269276695,413.15140045630136,16.438702824356387,1
135.99719866394756,192.4192170723741,97.54915787279457,453.5190907243054,20.80713296499273,1
122.7978339,202.3428571,132.4857143,322.2857143,15.8353776,1
124.50861470406268,197.86139408859412,120.43963101753613,397.3627659032655,18.51624148355934,1
134.45691839661308,208.2150736085996,117.42782132776289,484.36418033874423,23.241667759108818,1
125.22957368681446,193.79127835194606,113.0100484133016,339.68977605228616,15.283238573722203,1
121.21788726857896,224.97771996631124,143.87466087734626,465.973767215052,21.438863364884472,1
126.28414611740588,192.1654774524191,103.36981817178722,434.53139853874325,19.79975372430009,1
128.71445587594687,231.62375472893058,128.58333576016622,560.23573703314,17.716533941592335,1
129.35397171407712,236.77500172841079,132.8645902831405,661.0651613449404,21.201664538821433,1
130.86771453308316,223.26619582330238,126.13301889337734,567.723199588018,15.239950769945692,1
128.76802534271826,200.13384882918544,120.66686286671397,417.9664029759694,23.0011703777639,1
130.1442295761513,189.14546090077988,99.25591257388957,367.05232406730795,16.774617248771435,1
136.924038579851,200.97999123744748,108.47690874046376,439.84414327376163,18.57727343916323,1
135.8497265357917,198.38465992218926,112.97856297681201,533.5044488491628,18.890979073810676,1
126.58998926893891,196.74891453069057,122.36206470077012,323.58113201888744,24.519978692924504,1
118.53655648754138,215.9864871094006,127.34213321313801,477.6255485363968,16.44234647463251,1
128.9290671173306,202.4281125486484,118.82249125704496,428.512462949526,21.609975150730506,1
135.23314777319942,196.37300516002924,112.66250278501525,487.2087592322121,13.918319186720247,1
120.38874573624759,233.31605302392853,153.87815349068654,592.6504594037572,24.667222885690762,1
126.18462316912064,201.25559687609484,106.88373591509819,436.0465608913019,18.77929288437614,1
127.43501480786307,224.84316522493188,119.6291665253238,562.4965473370094,22.172948880734012,1
132.0666771757865,203.12658984795067,110.03793100311252,483.4808026873444,23.191115271770794,1
127.97831460433088,201.3568383101835,116.78717142961347,372.184310772077,23.906986250887744,1
136.266629888536,210.2589929699434,118.24709619872553,462.4304394881208,21.872896986212794,1
113.277251352552,197.43679278760018,110.47100880018051,411.7030169070454,19.259518881277472,1
133.6784658319084,210.58754635260865,115.25345221046346,595.9559200765497,29.009612129920825,1
131.81607134142646,205.76365826390835,114.68131475840303,488.4455136893805,19.27608255959521,1
119.95855884365453,195.91908168406968,110.42443434528802,410.7042853233147,14.645864928557213,1
129.21655653190746,188.64801235574242,110.57123221610117,327.63242472673596,19.03443777559602,1
130.50315829516634,175.36935091769786,83.47535873414938,341.9918197538635,20.907159225421854,1
135.98254935403406,203.7034458209954,110.76107066108172,483.6111975428818,24.725161166026727,1
133.1865131288241,162.8531795988737,75.77109385636753,268.09557808997755,13.098378815301,1
122.19203288104775,195.51743834269615,129.01200313057464,323.8887048978843,28.278250092273446,1
132.99070627476004,208.6381520710533,123.9710367472434,434.0514824312599,21.100379486009786,1
133.04154487586482,202.74644876633346,115.86054857011821,480.28482225915525,22.687073795810598,1
134.3042022032959,208.2294844370928,113.2372192923355,506.49303503448004,24.608123125955117,1
133.60194334614636,214.3981425121468,114.0207037011625,573.1205299185312,22.217750437297937,1
133.55345198040635,210.40646913181294,125.33105358231437,436.18348767939625,20.847094915385696,1
139.07254713397376,204.79337176998126,111.55154339392138,525.6452951490326,20.50693827390386,1
131.27305854273945,218.37588686258303,115.21921525035854,606.8442221145483,26.36070376663167,1
127.85683309529328,209.14246601976203,116.89905491085922,482.01085453556436,22.545493224972216,1
133.12890924362952,193.9860117974416,114.60193384910444,419.2735692181901,18.555155745251305,1
136.52595657038864,217.8766286350434,135.51125730256203,543.8353073787737,16.817292204406137,1
130.84713237973125,222.7981953375581,126.0348339501223,567.650657659483,15.349454436344704,1
117.49010485018475,235.57706390322946,155.15659882384284,539.3718690361391,19.750564055330603,1
130.93690791194982,225.04874537100517,127.4585237020406,567.6898813326761,14.761333194227952,1
120.04805375474784,216.365986826962,120.97186004283417,478.8267279155051,23.24839791048333,1
125.22096907256271,218.61038780558943,148.05143462064376,449.1708516144938,15.180339661595784,1
138.36333357205396,182.8103213794125,90.62309010642892,240.8127091624539,10.948753711310852,1
133.92421909051032,183.7314451007687,95.57228892354509,237.16847792302042,17.754618003418443,1
120.41202147074502,226.04027501142963,144.23697442840987,599.1501510365038,24.4904948852005,1
130.55903365011162,204.2349189650963,121.51778507696572,436.4299104012598,22.996458752975666,1
120.45550342170498,206.7205099477982,106.68808359942928,511.4617010592969,22.07948112156916,1
121.91648447611682,174.30310974451027,92.46614791680027,217.2352890780035,14.40782655574889,1
132.38574720255167,176.89413168668213,87.88499859979432,263.53293769067676,15.516046756854779,1
116.06958018740835,227.6052086858299,131.0378865856576,486.06501020740905,20.29628464652299,1
131.8357187142163,176.25979261413931,87.5373659866044,263.38432828324926,15.210506162828395,1
120.8321465076708,218.93203751160254,121.92073167287244,660.6016472177447,21.00375476715908,1
115.1828984018943,213.76701531430624,129.40591194160817,479.72593303925294,25.246126314982373,1
122.28540617227125,208.47364846196902,128.92422559480215,390.54029988975816,21.743463265115963,1
126.44746302579414,213.60583735159764,126.33153856144693,532.2631914827813,21.282794259576132,1
129.4720153748743,208.01260385861994,122.24518306155512,465.4226770192763,24.374610894023093,1
124.22931351809213,200.88685905011897,119.9820861586012,389.47457051024986,17.840245935420434,1
135.8926041977959,202.63962507286493,119.03302089385352,442.9440168061451,18.319180276357088,1
122.58362779778001,230.39446981096984,142.05541707023852,473.5898208589171,24.498391383351645,1
121.26736773610287,225.45657637761397,141.4985710432031,467.96757781996115,22.50823493862573,1
122.35659777530616,218.338447959664,125.6936507896967,544.0713957640426,23.146418828169804,1
128.4473709020974,188.22045338267512,94.08106119528159,305.39315372282965,16.040176250657492,1
134.125640289217,188.91021835747202,104.05699784127694,329.4455315228466,18.13325350641064,1
132.8475801834549,195.61158680078483,113.76378778519864,392.96810656578464,22.365641318595955,1
135.81584097898275,192.0564885404059,114.384677531374,332.2926375080751,13.079683846522972,1
130.2567053191281,202.14359061597418,123.74875200195137,375.0355457506345,21.84519089321853,1
132.3532241735773,202.41221823900887,110.03151411973892,483.59303640651694,22.97992659543856,1
130.8689541651006,214.32491814976188,122.47779702036523,566.4585849890566,22.649748116904412,1
112.63287806017475,213.88095367584924,126.73631728199686,470.14940312577176,18.11669597789738,1
128.04411395013346,218.63792577838365,119.5228513248691,663.8894288900843,21.638314725970005,1
125.26719543897354,205.07145017851673,129.5803342678531,390.7257890833745,21.001966496590438,1
125.2074530187611,201.43560044662485,120.02869395671182,418.37042356790437,19.77969156242225,1
115.3562657440695,215.59877523425962,126.5574688726279,480.47474668189386,24.711700329569716,1
132.1268784701328,214.06672826174713,114.90222914144002,591.5794357067302,27.07587705770668,1
125.41790319453087,206.00578755209025,131.33610251419623,406.5270268125674,20.444549538181345,1
120.50649152534213,224.717346414682,125.6672169143294,659.0741775133607,23.193810291189532,1
120.05841248303287,176.7723753664778,92.70257685610451,217.57891833330973,20.441928375391594,1
134.4402985296518,218.64037703915298,126.60216180700637,455.33560770706555,27.333997859726697,1
122.74699179450569,179.49486455548032,95.21116599067743,276.0409060112928,14.575088589365627,1
133.8372352715969,209.03344062111947,113.66811371679925,458.8083483856183,28.76594761022726,1
131.58061722683027,184.85334036981953,95.81324004318836,283.34434448854455,21.180087488329697,1
117.50026473311996,213.47321922620208,126.44874951562494,388.97906672345226,22.244746631148153,1
128.32455957666147,210.67434952338886,139.08250897851076,411.6559440833117,25.032334171516457,1
125.6485849,201.3018868,103.1132075,590.1886792,23.6300097,1
133.5189874096815,225.5583472612837,123.4546704594044,681.1848275538719,23.465927397068608,1
133.68389963655724,216.6187662487537,114.59559196453918,621.3977789236262,25.41773697310256,1
127.58113822862354,190.01526580057683,100.34248301008539,307.2629040838429,17.58191665530182,1
118.67471713141803,199.03717130355432,119.81323905216529,427.2292579351483,27.193182078950592,1
139.11609334563252,233.65098060180594,150.8155538377586,514.6164691188461,32.51809214118053,1
140.02384139159315,229.78158625985984,138.96732021810442,515.5626569041674,31.383704785914333,1
142.03611396344743,202.84026383331593,111.56537460958619,429.64055500057003,15.483950923747454,1
128.45899724754267,199.37650241495749,110.740985304024,324.68199749181395,17.43697250590946,1
135.47687376715385,210.0306758966345,123.71868412741067,423.11371226796473,19.280727107329426,1
139.4332522628411,165.1953435483586,68.70901381404644,240.53951568165016,6.847931857415172,1
120.7097237231257,229.3044239095785,144.36715415555372,519.7543744636102,20.014272440378313,1
124.76832498130895,206.7877052298965,116.62213454338,438.59457791482305,13.570206317224068,1
124.134429919389,215.47954550248792,125.6061284450152,541.9438734733724,23.953846442828493,1
138.60560868435803,185.31675253702198,91.67317342504106,242.43261160113616,11.894210121923265,1
127.9397012662328,224.75487533087656,135.87076144092563,507.2679069958961,18.583240288624484,1
114.9174263269571,215.926262499407,130.07432565116324,388.4927596177432,22.27980988855451,1
120.48051687357082,230.0134323810003,136.20256579883232,480.0132603979506,22.73936760332345,1
122.93270179585696,178.57728255814615,83.22645598814834,370.40402475211386,17.58118325938785,1
128.91435410239683,225.6071741733447,119.01061923916846,560.6994385295856,22.097883101528122,1
131.07180641756128,214.44547539553335,115.37274673515927,572.0129275157979,23.6936957890361,1
127.17137019855252,201.79921837125653,116.56012555046264,372.9627487803112,23.122416260322183,1
132.62949971182763,203.36813821077055,109.11964148944955,420.9309927897576,21.907553172152827,1
114.41686270482215,182.95520077157911,93.98129355748821,306.8165616855564,16.606694325585423,1
123.73380998421679,221.24387020896776,155.530548138522,493.4173855198258,23.806010726260293,1
126.83274651309117,222.72877958520934,125.58414107180927,571.3723353239361,20.804521014822228,1
132.08277765600351,213.71842062815296,114.44270960306922,592.5006186233376,27.661052525600898,1
123.0336384330015,202.68201116499193,118.39982368655825,385.60998833239603,17.08941125965457,1
121.46124659702032,198.91804063182238,119.95814508814999,343.0171620286656,15.203273440084805,1
128.6813232202839,202.85718297197783,105.09540308650818,568.1168089251095,34.292117792049915,1
121.27561647166101,174.96113088706915,92.9990577674811,218.7762859951224,16.289974362513,1
132.66924217597312,216.70796687286867,118.35053014980299,584.1411158065382,22.354900966779276,1
124.5398464102653,201.19665380788877,121.20944964034301,389.640674696919,18.186048378268655,1
118.6155523175275,196.24958034116355,103.47625160602016,328.3910091829946,19.82836890401204,1
121.1604905753085,232.97143057650942,132.950112279789,542.3337699063495,25.047864587130785,1
126.19283003436297,181.59591136067516,90.43567509904896,249.07201293911834,12.969506872124224,1
139.26548354379426,165.0779939927897,70.72973004562901,245.51682235126972,8.639652016810896,1
122.45453509198506,223.38543904916148,146.08372773397164,462.8541979772169,19.73845976353556,1
134.51611099792285,208.40375947324296,114.40854495179447,533.9884127610915,23.907482945416614,1
124.47479505050869,177.62360924957684,85.17452696436868,348.46438946098823,12.614220318164444,1
128.2241284420553,219.89107303006617,119.30534742034091,607.103709662604,27.1382933827276,1
121.39445254065043,208.23672364233286,119.44673805361668,461.65502036304514,19.226559638667673,1
116.59007923718971,230.48105021868085,153.4651101695028,527.2082337188319,26.694817199982232,1
131.6294148316112,205.6534437370833,113.527615859801,531.2360946216999,19.326179114412497,1
119.83288309404183,224.58648096982589,134.45673743579135,592.8948491323706,26.507696736981558,1
133.20934737957066,210.45630425803216,115.02054743603709,601.7077673407315,26.39459117945858,1
120.99886494918523,220.28658551718098,124.93133609327701,543.3122348462546,24.555299984310867,1
125.15125026478744,211.51043024125553,125.93332891044801,552.1196056063732,18.634671164525436,1
126.10448508562611,204.10051266255317,119.9531955509311,436.3365329531482,21.336213923384392,1
126.520820294844,209.7255664441635,119.35868467335358,465.2174435366238,19.07268890124025,1
117.08697138043772,223.42577313998135,122.48630853310067,541.6675062005252,27.745911003458943,1
115.42154943512885,213.87016414165512,129.34654263468897,479.54910647688746,24.622167947247412,1
134.7827509439036,216.21473861948112,117.32034197968645,580.7060339084859,20.216405551592416,1
120.98561444846115,217.36412656221444,134.78803763552312,500.4530154599757,25.16059636793692,1
125.28021164012456,176.7087227725612,93.5036559308663,223.18857366752687,15.185540710003018,1
120.99818122194063,197.68138605132754,124.22233052390263,318.70353845886325,25.69226435051735,1
128.89724336926392,202.2856873137216,118.86823224396508,429.2482114409311,21.831650583453207,1
115.29652231961411,210.00799231966477,134.54531220699153,438.7448306223069,26.267620115472447,1
127.85038595730067,202.59602645790244,120.72030959533102,415.9015691652691,27.067510245794168,1
121.60609458988299,227.02278048340295,139.22643662800317,471.2105593065356,24.022579603995972,1
130.8011460309483,207.3130113387464,113.75159580343065,482.92032811688125,23.372194118437765,1
123.06444821881344,178.53218452196273,87.89993409799278,203.58061633024707,19.593358784968977,1
129.57723650687734,216.41869472588135,126.04922142414324,451.35781821028945,17.111596670364886,1
118.95349724752263,200.1709564004574,121.57465438345368,424.6130097649404,22.246836475075217,1
128.29734446320225,214.3129504737401,124.61281110455275,562.8964537850942,17.414050090160288,1
119.8271178111732,224.82051664576917,123.63058436692177,542.472559809303,26.787039193307212,1
129.18557542015407,202.7895407367909,118.9314804550698,428.75378252558943,20.42042652447708,1
131.65449400871404,207.34632196787078,110.89461666468802,532.1054258447577,25.667401306087807,1
128.37879300746158,185.968923989327,93.13964927349093,238.7128620651335,15.778861749531595,1
137.27768935713564,214.73969742175353,130.84664956121958,472.1209002005478,19.11535885553421,1
117.69146356031543,216.4136551921434,126.28700832086452,478.6474122744568,18.615255680540244,1
114.93240836812193,182.37977314522402,92.3437623771038,306.8434910725475,16.063743882698667,1
131.1511940697481,205.80434213264743,115.42282229735773,488.7817177146066,18.823402926451454,1
121.49040814494934,174.78390965288222,92.72230300046775,218.94009784317652,13.850549217753748,1
121.11718655974765,189.66391448023765,100.73763201702026,338.6487544918189,25.90440342806581,1
132.97696803117927,210.90886362830457,113.83643124220359,596.9037470497768,29.92704869636963,1
133.38471641843387,224.617949659182,145.2456764069197,440.381102314508,16.49066807156845,1
127.87806435118803,214.28602793830726,118.774703199843,649.2155632311855,25.414544767726756,1
134.20281876461658,225.68615165801523,143.28323403384013,438.08314223711386,17.07033377471134,1
121.6155584875969,199.73760853574578,121.05426228375515,338.1295153214079,15.019420366463962,1
133.22579512417957,204.38330805633498,114.60121760746435,483.8944585345254,22.879763390138677,1
126.01159299189197,207.11167746088657,112.29776601675395,443.4834580794027,18.842428911629497,1
130.14192311490513,185.7648332996565,102.39424584983587,318.47658121596845,20.228270625104216,1
123.4335248132349,200.6879952981719,120.01016965742129,338.37853105884597,17.38871058002841,1
130.0099308319062,215.79115139761868,112.55825268704169,560.7260245835308,26.309254964344927,1
129.37027857118568,213.26717165585734,126.36371257320032,540.983901581289,19.268208747175695,1
135.7166418900725,189.03097255622424,101.77241612151353,330.12629617882556,17.663062326272623,1
137.54654625516756,200.66425000412187,106.2794773492702,436.26893198736707,20.098551733380457,1
128.21388657840112,201.87780625825,117.59437789341618,390.0326334299136,15.860165816752676,1
139.67442476537863,231.9637841267292,125.14719980362398,681.725410157873,27.14621783067692,1
127.44358800158636,187.29202370424704,92.59230822645563,296.3177824942106,16.180104893891357,1
118.2213595222178,215.21345030646938,120.8417276499027,538.8488321065412,28.495397998367324,1
112.04960056661776,202.97671574848252,119.12544286993591,409.65283481900974,18.893138947210183,1
126.11851227817888,218.05505023497764,120.10733258440388,661.9747710618547,22.79837289688697,1
122.47815437926616,205.39567492874818,133.1048746506819,410.70143585481367,16.180975360590878,1
118.09116160941335,175.34203309099146,83.56015474210457,189.57978013528194,16.660316995925076,1
133.47421996841118,208.2408087632694,112.82623918819486,457.5072498065668,28.75048601640479,1
130.9252336,224.5740741,126.4074074,567.9259259,14.93393086,1
120.37130060765779,209.7394035549546,118.003936843906,529.0363303720824,26.966920852767615,1
131.21638108612913,186.917313671141,95.6051972996479,310.68067726700644,15.119905884637436,1
126.81607979638869,201.68372560558248,119.79629658680024,385.7081767960771,19.772095585166674,1
126.83229155631922,190.52377267380368,100.76740847861058,307.07531207191556,17.997710336976663,1
132.69345026609616,201.87405024006011,110.6173160523114,484.75252973176435,21.97260322039364,1
130.02567217339967,236.46207311428375,136.90761579339767,674.2414625069789,24.389812053237375,1
124.18971709952451,195.50220934447864,115.32460115358096,339.2408439616727,15.207330453378963,1
117.98102820103463,202.83194686537058,98.60729109739844,506.34518570718785,21.203564136254286,1
125.62281316572079,202.42478151794464,125.10236213202634,401.21239689298636,21.30619909054768,1
120.8054426704259,179.9155054481334,96.27271485370635,275.1324485259694,14.424836088834265,1
133.38831926004488,187.32116159636743,102.45899409092048,325.8678702655371,19.4221521599223,1
127.90001890484815,201.58342472780598,119.97640937896958,411.7969131706866,25.37814337331624,1
128.8137948567419,188.17591675275565,93.81188135784699,243.6377170182501,13.687685362221334,1
139.82617475085982,206.8086302246003,111.66920801274898,523.4925122201023,20.847982771574493,1
123.10894432960566,192.74304935461853,109.68773669702169,336.66841747992544,18.185254973547426,1
120.39559245404686,227.52402571218926,126.78064556985547,542.4847640734839,26.133205157480425,1
132.97853615031366,201.1489983065951,110.76966112583017,483.11052935227906,22.65471617537699,1
121.11348800045295,216.58659403099313,129.52437580482558,567.2937298033971,24.491260019937464,1
126.28859866036967,185.49557387697706,91.82817804004776,296.0011511157988,15.381257708687109,1
127.20227245742865,180.61293657416076,84.93103448818174,249.50059073376931,14.334284442939715,1
123.33386751482928,198.42353563859663,121.12713700410627,400.12859121995285,18.179438406165257,1
144.80088431081458,209.7817511096045,123.20068276605521,417.03053304878785,16.85409304452561,1
128.44564950112243,247.3284088611998,156.23955694302197,610.8640859233838,17.26820606872461,1
118.72237055096919,199.26932587620652,121.17059670883692,426.28706328168863,24.11439542000224,1
130.23318949589103,214.52171366756178,128.41907750225656,502.56781364029433,26.66325918040132,1
129.8164407317125,203.62609098675256,101.89708572218264,511.0275630151134,22.755038360291014,1
134.91104745056273,214.56886075993614,114.26468987619647,573.1563230955792,20.709574377336942,1
121.37346791899571,175.12662060490717,92.746626185814,219.44824289163986,13.7609721997879,1
142.19103697475654,172.8030238135356,80.70337973349027,395.92953926336764,12.104978337896625,1
137.46870060942507,199.26383043239605,102.6611075531381,431.46647712316354,21.902343791350745,1
133.2458868010115,207.49032542037904,122.01746503571488,424.6167414955283,19.974605114563683,1
119.58075912535695,180.380423839519,93.11950376411482,227.23817222857647,12.387744924863824,1
119.6216433224155,216.0281305485043,124.18102446822336,481.7253170477234,19.092948710290923,1
117.32704282287077,195.82166286976047,101.20084595507798,361.8000994492687,21.659275917236787,1
119.34499235783295,180.23191522398992,97.07122123689048,274.44909882239347,14.311814837583205,1
121.31631995759282,225.46167216821854,145.06430299057672,595.8947432463364,23.301411161610588,1
121.7261262921318,200.36052020292624,118.00354691312715,314.2369385121228,21.34765465448847,1
127.45692392758309,182.21110762819265,88.03897288894655,254.23709843706231,15.499423011607693,1
130.4911050030824,185.9282317214821,96.57941079217312,277.1295301736112,22.46474127895343,1
130.52820017193096,188.39386266789506,100.1239257499176,314.6520692830706,15.807726015724537,1
121.31693517857353,225.71693793047478,140.91126631302754,468.631620683217,22.835561344522006,1
134.91957074617198,196.20100689988112,103.84754406545724,450.9057946943232,18.235318420997352,1
121.26051160929627,203.05199686050932,99.5188627777774,507.64262917633266,21.633463302243275,1
121.8838739176959,197.70387478704305,110.05729911798298,412.9069545199894,16.308429213659686,1
122.37323673579516,207.30215077589628,132.05496603963041,388.7615534066928,20.266715624118497,1
119.77785105257,200.3415848227308,119.38544850068517,313.1638320565634,22.270754186080854,1
136.95717135726719,205.20492735484382,121.17253176073517,442.3294711091345,20.435542031616528,1
126.15217318289513,192.15002417327582,103.50076681202852,434.60272847366815,19.790782287913107,1
126.83655948584031,223.2051699795811,132.41138565963627,584.9424494949557,23.164404635121763,1
118.54648104755685,215.98147055425346,127.35452433603092,477.6135480241818,16.416828372270682,1
123.62689257115656,177.14697114211296,85.20071587135146,343.79228848844514,13.247596741660846,1
128.02468617294466,206.05934789236002,128.4412399302972,414.06035816616924,26.32289262880764,1
135.80379490913262,190.92669851536482,95.37371314263417,335.41870663575384,17.609323994579988,1
116.56613155912906,231.24007224007215,151.26376746209309,528.4744568126173,24.584219173709073,1
132.85637614968218,175.18623039215476,89.44242369143579,272.79023772128,15.318538411932638,1
132.80131636497237,193.19393458437958,116.83673615875031,419.6456285983064,17.868570206826806,1
139.71568645443492,206.45125970469752,110.65759377183987,523.0476775717539,21.417910752931277,1
129.26341346979063,202.03136564974966,120.07981831648618,436.5128011021166,23.67581614759689,1
125.77416317458767,245.1600239099473,156.77781479543188,605.7133052600586,18.92573060493015,1
124.9174721070599,197.29147337178608,106.44871503517938,437.3187096205028,17.422716434147947,1
129.03100837319815,214.46474227179235,123.82091477707475,453.62118862637817,15.36777443440086,1
124.43526591808623,198.34188435754655,120.258036823094,396.02675006706966,18.373403972061087,1
132.13122272265733,211.90989684910315,119.60323416752658,595.9816564011115,28.35058676400477,1
118.9026090733628,235.30901154141577,152.40737277540828,526.0675670317582,19.66674339479711,1
124.9523140342051,183.42861300729075,92.80514352052008,241.45497936457636,11.758482498806568,1
125.44253852244763,223.12285080999834,135.1563149481853,508.91887339454786,20.374658820117652,1
120.57824806672151,176.35091436529484,93.4796912189741,220.22011660250803,19.52107532407426,1
129.58171527150594,214.2399391318115,123.99292454750126,453.0123395940866,14.70830357572456,1
127.8275238960253,187.90630011910162,93.24434252113089,242.49854249899587,13.965646925022284,1
132.39373770627964,216.58846508832858,118.28360911445596,584.5310607297762,22.570811456056504,1
138.52787444661672,224.86208201374748,133.52735160096634,620.2563139871072,20.9868398398385,1
135.5828429473452,197.50096402748267,112.7947047615865,533.1521167825762,18.069746420419165,1
123.64218540302384,213.09203500172143,125.41117329009145,528.0467315748848,20.56453038204026,1
134.26602088612788,209.249749331679,114.47629934615294,459.4476436851323,27.549331368797045,1
131.43791904569113,205.77824206120167,113.9257382011977,483.1664246212107,22.864459341630972,1
130.41027190828416,223.69197756680606,132.40453474485702,509.23859840330135,18.238632673635184,1
142.04307112947814,224.6334397803898,121.09791862903104,694.4681044248408,23.66961295311389,1
126.02401255424033,198.09185873213673,119.72534850994558,400.6855195330528,19.792112925078836,1
132.67238529532563,204.72470976555655,114.91250428041565,483.86522491064557,22.734089981812847,1
122.29490287106007,192.56035543963236,108.80180054148668,335.610572804266,19.15124404279807,1
122.04752939533203,228.25357320205168,142.88922814295583,470.51125861370923,23.2477610678051,1
125.96217148338611,207.05800759011387,112.5015501136927,443.19059409996305,18.302247235502755,1
140.82602020647946,179.56565160540273,105.78528258620811,335.8851391028555,11.534399085440903,1
118.06335307101138,225.4945182840961,137.66524214329345,587.2015700827804,28.922639201874624,1
125.56396949116139,202.13410600947105,124.848137638826,401.07794901270387,21.156257302867886,1
123.91541699640705,175.10542358096814,85.97224321112515,291.8000003223329,12.311356391063642,1
120.1592222846559,220.95683075594448,122.57566111429938,537.4252495328288,30.029535702733313,1
127.98919966669781,201.6691029510392,115.21393275928304,436.17038745541,22.49591569863413,1
139.45455318074758,228.85285719167493,137.30950148551972,515.2346781370759,30.02115366162883,1
122.95372911413621,171.58244858023093,80.28446416943356,220.6809057700501,9.512022813764808,1
122.33591424463015,210.74872863967462,122.19293241147919,530.0547446190944,24.903183790036625,1
121.92964287092954,210.0422578268955,121.72022551314016,460.9835697381104,18.80680046620146,1
133.16142184109677,203.65014578103296,110.749014422922,450.9824890614338,22.77516297024118,1
144.33981619471479,210.4349496786285,123.69126215642838,415.9450877597195,17.430556349862478,1
128.79104499879136,175.0791650073073,88.96838474796122,278.5680833806488,14.486999147327692,1
127.99330404320719,196.54727096869618,111.54380053917492,345.5308753418077,17.664465517215053,1
128.8002473169795,209.9982560256059,122.85953644055684,440.6773863203547,24.023092676372883,1
125.78252033304949,192.10673992945755,103.86755063954627,434.80252181631107,19.76565352162515,1
124.33205967913486,218.60745344848763,127.46997705852723,601.6863774193866,29.307717438942163,1
132.52392196777228,200.3903530253529,106.5466643457611,455.0818585480778,16.82615830416244,1
132.03102328154785,188.58590455939085,97.11716907581489,262.75512330306526,12.154283387508038,1
117.10338161982249,227.6385376276172,145.553857519395,583.5199459643886,29.623632574107653,1
131.76399545044092,209.16766837719024,129.14642308200104,491.87370746435676,17.833066213807633,1
129.29327989879337,177.70186325416984,85.36579382936235,254.3128512711263,15.13963342928861,1
124.38453562156161,205.9255143618513,135.56478019519764,411.2959657111798,17.12294624573499,1
140.90743048191953,207.32228740176905,113.28914967762583,536.8775067795314,24.15935114428499,1
128.7617773272878,175.82947680173626,81.17219795544823,382.86962860850093,17.04936401775415,1
128.44571300573068,201.94209956730523,117.49580793769228,390.06860226499515,15.759239509252096,1
110.29569929812453,223.2099303157686,131.049846825635,487.43480338482726,18.25371138371324,1
114.1283589978474,224.11771494999857,150.5301777865011,532.0152957750081,32.509310847160165,1
130.2354745076151,202.5566996368834,118.73882900950503,375.43985866408224,23.968537300490116,1
121.52765506429314,216.0779228087569,119.49872560130315,478.25558665523675,23.743657229234508,1
129.54300859173028,187.09473274405323,107.52664493537873,324.40277430690986,20.143717328664508,1
125.23835509988916,191.71487137597882,103.8077663012421,437.2384844512566,16.664473249224756,1
124.13123455903474,190.37945678012082,108.08711316172943,329.9272766134637,20.824810605143025,1
123.96388286805252,202.39079553467928,110.49933204142823,459.58141229808473,19.053730877319,1
132.29462136932057,234.1100937435431,150.54343397252083,587.7709743380983,22.70420886761748,1
129.7888654857671,205.9775078586958,115.76061655420418,483.69454753704366,21.96143503065673,1
126.56568316224731,223.02057741929437,136.0896754210239,504.8419703944866,20.74707071601187,1
116.05004221793507,205.26139677363793,123.63471722565441,408.932914359774,15.68947399220564,1
118.59823814471864,198.66458636334838,117.63481535983215,428.7413864046036,32.13432767055406,1
135.14625145312664,234.56657635518366,149.8017862899088,587.0838068464359,22.07413934856141,1
135.81492718326322,200.14879488414914,109.75615729549303,445.8093237730609,16.999656974956135,1
133.5429007459227,192.82857515422046,110.33358793708204,349.84474885225575,20.990095595276593,1
120.05030255347481,224.80686134691933,123.71748796724542,542.5687559799929,26.67282061669733,1
131.54614783114374,217.68459566776096,115.36231050875082,605.8284472964453,26.494239338529727,1
120.68536714124438,201.21318850921236,123.3577056477108,315.76059568103517,19.867810617278295,1
127.61311455922029,234.9900078111105,131.85551120039733,660.5860180881274,21.298732944841518,1
134.01477700977594,199.97285258729244,113.56377477375544,489.1020965909573,15.086279334825068,1
143.47861382312055,212.96329917490192,124.38426808459586,486.96739276189226,24.046177043485528,1
139.273596120337,207.83646043204365,122.64479216017479,415.699419258794,20.542730013496964,1
129.07436166878742,224.60304805466794,136.09962826739678,511.7987205064778,24.89207486640798,1
123.81665677546701,210.70294879873867,115.36644432403821,518.179616978299,23.93198281948188,1
123.18041818013751,227.54385237704824,141.05237101677798,515.124965360317,19.252663020696783,1
127.15807631927136,180.3479122940926,84.42170799065086,248.70949870712928,14.137558138203339,1
131.12727969352798,213.33952861643004,131.37058226887208,467.01989012338805,18.14046104750814,1
136.80069422625522,200.23184974905303,124.94657148226837,366.30150484071436,17.79199086365765,1
116.40480719379016,205.28102425756344,123.2859870894466,409.5620778417509,16.09969144384698,1
124.13533103237575,236.53878938996985,143.35940154820344,673.8271882345982,20.660570227920683,1
131.42936178256582,211.35582576588487,115.77901372991606,568.8073594113552,31.904914832249418,1
116.15962030999549,224.3282476575688,141.18750876197433,578.4974115249661,30.246462507277293,1
113.01205909119513,220.46714142477256,128.18049047861612,484.213249785556,19.938105758941987,1
115.19069315236386,173.04506929422985,83.85413171714491,170.50457716248667,16.992397501758713,1
132.47456884298853,185.60433343861706,108.85414591347238,330.01022384176787,17.020413497800156,1
135.9243145962353,220.78440179519615,124.15191186978502,513.7898886552252,17.86108291130992,1
129.6667054812549,203.1620572096586,119.32138521963478,431.6027988578441,18.421093867606405,1
132.173476769685,206.7521501023345,109.89899006990207,532.6275054930425,27.563258399805527,1
127.65430479469542,201.97530163893342,119.93075892509067,384.58400831051404,20.415840241442062,1
121.10891829072288,178.53624180596913,93.3906560168746,223.78080703948734,19.846380462251716,1
132.13586308215264,225.60725387464475,136.62576130809902,574.4597692431598,17.39349456924316,1
128.38180917563892,235.66889773354902,138.68071812276062,543.8970932173899,24.17959831419715,1
126.4941696819916,203.11661957634607,116.49053636698453,370.72807432974196,20.990412468845307,1
136.71270482382698,211.52140714038552,121.71737237280662,513.6678409379805,12.582006663949914,1
130.8279325476776,198.74049888569314,114.02251023201788,343.8298386194943,22.839777714193954,1
141.93771144221898,225.97637879474667,121.94471440765605,693.5017909281949,24.56645776991743,1
114.64547651264736,225.93355163017577,151.25369322362815,533.4138872774781,30.454302582244196,1
124.22837051950391,177.485084684605,85.18213820419628,347.1065442853902,12.798297487308758,1
118.96170702625314,222.92124971285685,122.77108968449241,539.2506970710815,29.15227701172186,1
125.62719356951938,180.17740940495693,90.8662440457965,294.07814802405267,14.477867260931294,1
114.87427301293154,216.84033869867514,132.70905335617098,567.6572553543101,29.633759293060784,1
137.3163093816762,223.94631828438145,129.05040084786094,514.5200405033596,22.260387593257406,1
116.56401505195107,230.2984997056966,153.435504671201,526.016750027932,27.12121594099035,1
127.97220608152907,211.96519097879593,119.52159597480562,464.4000755913222,19.598405133201364,1
134.00582389029034,218.9235301004497,126.93940185989617,454.7874703369475,27.109695580852424,1
136.97455352329712,210.138876231037,120.85155894744332,514.1941247717035,12.480600504458131,1
122.76949354434652,202.28080176255835,132.21291182537686,322.6640863524126,15.81588162702889,1
138.71407781186247,205.5214830422979,107.98064897268638,519.4166967855863,22.33832821629958,1
122.58543996469776,199.94986417889731,131.2678306017295,322.84772306308525,20.19785070984853,1
132.71073586854627,203.44011615576133,115.66079184395132,480.77142474767766,22.72522983576054,1
117.72825166694601,236.33737910188472,155.93003379390817,528.4782572866313,21.70160357208174,1
131.05784695141267,205.65671630135628,114.9989540848866,492.3320467420487,17.809211358838894,1
127.96057535058922,198.7148598081885,115.25881911253104,405.7522396478114,21.353814139932503,1
121.32009563220652,216.86820539751503,145.38795994269177,452.4838190533899,12.584597275978068,1
109.06922052211591,198.6442647678401,110.89430557376406,412.03017508982515,22.772467532085265,1
130.68704492869736,191.72086547294973,106.69070484942047,349.03525270518696,22.21250296897069,1
116.9489529,214.5625,127.75,390.2083333,23.07050636,1
145.09489711016525,206.5441067797079,109.699146903786,535.6352720711284,16.265443220720943,1
117.03696838148423,227.53184624914059,145.35136817412348,583.3293112176655,29.731413801045953,1
126.93759425433005,190.44044606068965,100.29959089270424,306.3080661447457,17.945311835573314,1
118.78651131019885,212.46586019425143,128.15433374136546,390.3226429299718,22.61355132352076,1
120.37826707488964,207.7868681821951,119.65585715184825,382.5619505408693,17.93404932591261,1
121.39779828472693,174.71763510501773,92.91484880976579,218.52332093372743,15.723872183397408,1
127.79834343390651,207.35820908246527,132.8658356798604,405.0752891899452,21.083233691904816,1
113.795064866062,189.2771053210849,93.90186504761216,365.7310509499247,22.537049521765567,1
120.5278861372157,222.22891166609452,123.08140877634739,539.4312500303192,28.60354940027157,1
112.97897257890371,233.577178219046,142.68291377369664,383.70052969656723,19.375870981904086,1
121.45702469854153,217.9504046602771,112.34963888332116,426.97083255099017,19.052555032495885,1
117.53376627352088,235.32858602658735,155.51332341769117,528.0670632033487,22.606948267655902,1
125.6485849,201.3018868,103.1132075,590.1886792,23.6300097,1
130.29950395641,169.20548842442207,82.89688619465275,278.7366534892676,13.611187862973518,1
121.18024967292787,212.8592421730048,118.66839554457755,659.9506027235492,21.697397795254957,1
128.02010389470868,209.9129215567927,122.46077661246251,441.3136836627897,24.44696764478699,1
121.61505207980491,226.54593063211797,143.40291626203634,468.14594707028664,22.3048156731637,1
140.52229119658725,223.70299927322327,120.0021385043029,688.5012898356956,21.78750604710656,1
121.83375933497479,195.85990861391295,127.53421517231156,322.49665735289517,28.035022956904577,1
122.55659560576348,220.90966579824806,135.3402495242574,598.6286355750266,27.46902625895462,1
121.47546493881451,221.97704469449033,124.66386598027695,543.425153309526,24.906252822874798,1
137.4516120634655,204.57166777760278,107.95127471730693,513.3740656633928,22.24867939968965,1
121.62200659874705,227.07766388790898,139.2724859708894,471.2492882526272,24.030324733460187,1
135.71869542635483,215.99631782589287,116.86413429872601,579.1848450693224,19.269396002845077,1
126.77906888832896,200.55330289797706,102.93800703589785,578.882559492171,30.011433752506317,1
115.96075613680233,230.5521014140757,153.09394246094683,536.9711810319287,25.227423930958174,1
128.2354515114125,182.60271430390773,93.4025548785349,367.12890424572225,15.095586015232996,1
135.66320645650094,189.10105533481314,99.0657457847009,331.69248981443644,15.549783480209369,1
129.54397352237996,198.0518520455172,120.62166876057782,419.71240915462494,19.562707438372925,1
132.22256002048312,212.68665781484776,133.49618599237255,469.61068321240947,17.211187857309785,1
124.67558097299666,211.09806503048029,124.51102052942753,556.899292814016,18.29291728146554,1
119.97348374825471,238.80129664043068,148.83717910784875,535.4075984429695,21.622228992351843,1
121.19575723149259,175.12028213594076,93.05409757422298,218.94162645852887,16.65998433983642,1
121.52388764322895,210.63576847063655,128.15963499792016,396.4090882130181,23.214308330507293,1
130.8669073093112,211.93989829788455,116.55347301336928,499.97087376797447,28.21696513641151,1
134.5187295360209,202.02300777324695,119.5134895734459,381.10988477762345,23.192197020165125,1
126.19644614181324,201.8579434667965,127.56312441465016,392.84876159364296,20.140307830119795,1
135.41701486387217,201.67889612292385,118.78208379449936,443.0050491496446,21.31573960087691,1
134.11761007714122,190.2004914606807,102.29984946104543,268.2481456653796,13.656517772146413,1
125.15206775423661,205.2028099683462,129.55500173570277,390.71862729577157,21.030595886049163,1
145.42542397059032,204.73055140155358,119.56705744553334,433.48384760918174,11.422174729302228,1
131.60053955522284,232.7093543601215,143.74822434019464,561.688755406972,13.444531885080574,1
126.43769253789478,201.6263297306657,109.1298425788084,458.45677268092567,18.063547876192608,1
134.9546759576985,198.0140260775212,115.19532022005744,481.7228499517786,18.854419584295215,1
124.5109330336865,236.50501396051254,143.40176661683782,675.1002795846481,21.160719036326775,1
118.55256646842582,214.69070917179508,120.17715836670018,527.3727748566309,28.265083303794263,1
127.86232220495002,181.7668647985831,91.59065573582325,365.52248923805917,14.218186761472612,1
131.66700179634367,203.07785143346507,112.14314947519176,483.7330068421517,22.410707301720723,1
129.2438610154654,201.30278840725325,110.16045272672322,363.7468606481066,17.29840216792278,1
135.72394525640237,206.82360041608135,112.31866165436,509.2270879338143,23.114785830887712,1
129.75214707558266,209.82986031450446,118.20111549389553,467.11147524707883,18.91161383392165,1
113.37640883096985,173.51282833100845,84.02070101048382,190.44813292972867,15.39637445231919,1
137.65409576036117,201.81570003260833,116.00156853381495,445.4544945150545,18.83033248610723,1
132.97097813227415,208.20217286539204,123.671547467408,436.432735488342,18.791876043325914,1
130.54426442766615,210.96126722491832,111.11509830970746,615.8925502261275,23.203521540186745,1
135.81930035808324,192.13185251157046,114.68855181775652,332.3490446438345,12.962617367688878,1
129.60529942900519,212.44746793801264,122.07625392387529,533.9788322397033,15.432203008709077,1
127.6236352043613,203.8456260291604,119.21315984884798,429.5400682876161,20.585091367994124,1
114.91012665399573,200.53385585105298,109.96698936598871,308.9395568958303,22.213455624139225,1
126.0393257590519,194.89990096984425,113.0670069336078,339.70752673024356,16.727423361170587,1
129.42416607015883,188.69841704436195,110.36110382349045,327.7929602414824,18.96706006514458,1
134.17159677855193,214.4724301379356,114.12687368535147,573.1361052315207,21.561471332885745,1
134.58159659159364,236.42659813624482,131.54256414501012,673.5319628197246,27.057481974090198,1
132.12859817658625,207.3280292544896,112.60797286529308,514.7465743958853,22.036366747224665,1
118.5521854573362,226.1391435410209,139.38300043741705,607.9353260756376,28.619412414687478,1
132.93896877239123,200.35134586702668,108.93182939147829,484.48919450861075,22.851603105941212,1
124.55388302478039,205.88533407642782,129.42337801786812,390.6814158119355,21.17934953837002,1
123.48978043434082,189.819371394487,99.07986534653595,348.42620392745397,24.582990530797815,1
128.55261437910005,207.8833053769888,109.64460786459252,587.7528721410798,23.173986980728277,1
128.99598316903334,202.6427483361894,118.77783609149078,427.6311101681898,21.20827581888199,1
123.58010066482989,177.69624884197341,90.22216403320083,271.1645446239996,17.998958214893307,1
149.13852109692917,225.49481105178077,145.11750143234846,540.8612652693625,14.642453603788061,1
112.93977745806932,207.39629214626964,117.9485082127756,544.1694372548885,24.331179813453645,1
130.5279966086597,205.4539425710002,122.07938716423756,417.11241140054085,25.00468996736349,1
119.89334523195534,229.2487854276062,145.03116935517906,520.4647563693389,20.453019128274427,1
128.02291976096882,191.0513446167249,110.59923290344405,384.7188592799857,20.051475157082177,1
123.64780817974014,221.65766512864562,134.8567013083815,508.94028806615717,22.073850110536746,1
138.31344668050866,212.78504519933412,113.47122933756366,535.3388145124952,28.186962440666424,1
