Set,nHM,piPC09,PCD,X2Av,MLOGP,ON1V,N-072,B02[C-N],F04[C-O],logBCF,Class
1,0.0,0.0,1.49,0.14,1.35,0.72,0.0,1.0,5.0,0.74,1.0
1,0.0,0.0,1.47,0.14,1.7,0.88,0.0,1.0,5.0,0.93,1.0
1,0.0,0.0,1.2,0.25,4.14,2.06,0.0,0.0,0.0,3.24,3.0
1,0.0,0.0,1.69,0.13,1.89,0.79,0.0,1.0,8.0,-0.4,3.0
1,0.0,0.0,0.52,0.25,2.65,1.31,0.0,0.0,0.0,2.24,1.0
0,0.0,0.0,1.4,0.18,2.85,0.86,0.0,0.0,0.0,1.13,3.0
1,0.0,0.0,1.22,0.18,1.86,0.92,0.0,1.0,0.0,0.83,1.0
1,1.0,3.446,1.23,0.24,2.01,1.12,0.0,0.0,7.0,2.76,2.0
1,2.0,6.188,2.23,0.19,3.84,1.5,0.0,1.0,0.0,2.33,1.0
1,3.0,5.34,2.1,0.18,3.99,1.46,2.0,1.0,4.0,1.99,1.0
1,1.0,3.726,1.25,0.2,2.38,1.52,1.0,1.0,6.0,2.16,1.0
1,1.0,3.056,1.22,0.19,2.27,1.88,0.0,1.0,0.0,0.31,3.0
0,0.0,5.768,2.21,0.18,3.4,1.47,0.0,0.0,1.0,1.4,3.0
1,0.0,5.901,2.21,0.17,2.79,1.53,0.0,1.0,0.0,1.12,1.0
1,0.0,5.614,2.21,0.19,4.15,1.47,0.0,0.0,0.0,2.97,1.0
0,0.0,5.614,2.21,0.16,3.4,1.31,0.0,0.0,2.0,2.57,1.0
0,0.0,5.03,2.07,0.16,3.09,1.54,0.0,1.0,0.0,1.05,2.0
1,0.0,0.0,0.43,0.23,2.24,1.3,0.0,1.0,0.0,0.54,3.0
1,0.0,0.0,0.0,0.22,-0.94,1.35,0.0,1.0,6.0,0.35,1.0
0,0.0,0.0,0.0,0.28,1.0,1.8,0.0,1.0,1.0,0.23,1.0
1,0.0,0.0,0.14,0.29,2.75,2.31,0.0,0.0,2.0,2.94,3.0
1,0.0,5.03,2.09,0.18,3.39,1.64,0.0,0.0,4.0,2.48,1.0
1,0.0,0.0,1.2,0.19,2.19,1.3,0.0,1.0,0.0,1.05,1.0
1,0.0,0.0,1.19,0.23,2.24,1.24,0.0,1.0,0.0,1.05,1.0
1,5.0,6.219,2.31,0.2,5.22,1.23,0.0,0.0,2.0,3.95,3.0
1,0.0,3.878,1.11,0.25,5.09,2.98,0.0,0.0,1.0,2.57,3.0
1,0.0,6.117,2.15,0.2,3.91,3.06,0.0,0.0,10.0,3.55,3.0
0,1.0,0.0,1.39,0.19,2.37,0.73,0.0,0.0,2.0,0.32,3.0
1,0.0,0.0,1.22,0.21,3.56,1.81,0.0,0.0,0.0,2.71,1.0
0,0.0,0.0,1.53,0.17,3.39,1.06,0.0,0.0,0.0,2.48,1.0
1,0.0,0.0,1.35,0.15,1.47,1.02,0.0,1.0,4.0,0.07,1.0
1,1.0,6.389,2.4,0.15,3.33,2.03,0.0,1.0,7.0,1.53,3.0
1,0.0,0.0,1.24,0.19,2.19,1.06,0.0,0.0,1.0,1.18,1.0
1,0.0,5.662,2.17,0.14,1.05,1.16,1.0,1.0,0.0,0.3,1.0
0,2.0,0.0,1.23,0.33,3.8,0.63,0.0,0.0,0.0,2.25,1.0
1,1.0,0.0,1.23,0.24,2.3,0.64,0.0,0.0,1.0,1.21,1.0
1,0.0,0.0,1.23,0.22,2.94,1.06,0.0,0.0,0.0,1.17,3.0
1,1.0,0.0,1.23,0.22,3.21,0.84,0.0,0.0,0.0,1.8,1.0
1,2.0,0.0,1.23,0.23,3.48,0.63,0.0,0.0,0.0,2.65,1.0
1,1.0,0.0,1.23,0.2,2.13,0.68,0.0,1.0,0.0,0.72,1.0
1,1.0,0.0,1.23,0.19,2.13,0.64,0.0,0.0,1.0,1.42,1.0
1,1.0,0.0,0.0,1.05,3.47,3.43,0.0,0.0,3.0,3.92,2.0
1,2.0,0.0,0.0,0.98,2.23,0.39,0.0,0.0,0.0,0.93,1.0
0,1.0,0.0,0.24,0.38,1.67,0.41,0.0,0.0,0.0,0.5,1.0
1,1.0,0.0,0.29,0.27,-1.96,0.68,0.0,1.0,5.0,1.4,2.0
1,0.0,0.0,0.17,0.37,3.15,1.38,0.0,0.0,0.0,2.81,1.0
0,1.0,5.22,1.59,0.22,4.01,2.49,0.0,1.0,2.0,2.0,1.0
1,2.0,0.0,1.23,0.33,3.8,0.63,0.0,0.0,0.0,2.8,1.0
1,0.0,0.0,1.23,0.22,2.94,1.06,0.0,0.0,0.0,1.17,3.0
1,0.0,0.0,1.23,0.18,1.86,0.86,0.0,0.0,2.0,1.03,1.0
1,1.0,0.0,1.23,0.2,2.13,0.68,0.0,1.0,0.0,0.33,3.0
1,1.0,0.0,1.23,0.19,2.13,0.64,0.0,0.0,1.0,1.14,1.0
1,0.0,0.0,1.23,0.17,0.89,0.72,0.0,1.0,0.0,0.81,2.0
1,0.0,0.0,1.54,0.17,3.39,1.06,0.0,0.0,0.0,2.54,1.0
1,2.0,0.0,0.0,0.3,2.27,1.25,0.0,0.0,0.0,1.02,1.0
1,0.0,0.0,0.0,0.18,0.98,1.78,0.0,0.0,8.0,1.04,2.0
1,0.0,0.0,1.24,0.22,3.26,1.25,0.0,0.0,0.0,2.35,1.0
1,3.0,0.0,1.24,0.24,4.06,0.61,0.0,0.0,0.0,3.14,1.0
1,0.0,0.0,1.24,0.12,-0.02,0.55,0.0,0.0,0.0,0.33,1.0
1,1.0,0.0,1.23,0.28,3.05,0.65,0.0,0.0,0.0,1.4,1.0
1,0.0,0.0,0.0,0.34,3.48,1.67,0.0,0.0,0.0,2.32,1.0
1,0.0,0.0,1.23,0.21,2.61,0.86,0.0,0.0,0.0,0.92,3.0
0,1.0,0.0,0.0,0.36,2.57,1.38,0.0,0.0,0.0,1.31,1.0
1,0.0,0.0,1.23,0.17,1.51,0.66,0.0,0.0,1.0,0.9,1.0
1,1.0,0.0,1.23,0.19,1.11,0.57,0.0,1.0,0.0,1.03,2.0
1,1.0,0.0,0.0,0.47,2.23,1.07,0.0,0.0,0.0,1.22,1.0
1,0.0,0.0,0.95,0.16,0.16,0.44,0.0,0.0,0.0,0.52,1.0
1,1.0,0.0,0.95,0.32,1.17,0.44,0.0,0.0,0.0,0.79,1.0
0,0.0,6.219,2.56,0.16,2.96,1.73,0.0,1.0,0.0,2.45,1.0
0,0.0,0.0,1.22,0.19,2.26,0.67,0.0,0.0,0.0,1.94,1.0
1,0.0,0.0,0.0,0.25,-0.47,1.0,0.0,1.0,0.0,0.41,1.0
0,0.0,0.0,0.0,0.23,-0.47,0.92,0.0,1.0,0.0,0.22,1.0
1,2.0,0.0,0.0,0.35,1.59,0.81,0.0,0.0,0.0,0.62,1.0
1,1.0,7.438,3.55,0.16,3.11,3.08,0.0,1.0,9.0,2.77,1.0
1,0.0,0.0,0.0,0.4,4.52,2.5,0.0,0.0,0.0,3.15,3.0
1,0.0,0.0,0.58,0.22,-0.38,1.1,0.0,1.0,0.0,-0.13,1.0
0,2.0,5.894,1.61,0.16,4.28,1.78,0.0,1.0,2.0,1.55,3.0
1,0.0,1.386,0.0,0.38,5.4,3.25,0.0,0.0,0.0,2.59,3.0
1,0.0,5.864,1.92,0.2,4.76,3.35,2.0,1.0,10.0,1.84,3.0
1,1.0,6.262,2.07,0.18,4.4,2.41,0.0,1.0,0.0,2.2,1.0
1,6.0,4.007,0.52,0.21,2.62,1.16,0.0,0.0,16.0,0.08,3.0
1,7.0,5.231,0.44,0.24,3.12,1.39,0.0,0.0,8.0,3.44,2.0
1,5.0,5.901,1.97,0.23,5.15,1.53,0.0,0.0,4.0,3.78,1.0
1,0.0,0.0,0.0,0.21,-1.32,0.9,0.0,0.0,0.0,0.03,1.0
0,1.0,6.124,2.23,0.19,4.79,2.09,0.0,0.0,21.0,2.38,3.0
0,3.0,4.66,1.32,0.32,1.89,2.13,0.0,0.0,11.0,1.68,1.0
1,4.0,0.0,0.12,0.32,2.36,1.35,0.0,0.0,9.0,0.16,1.0
0,10.0,6.747,2.34,0.32,7.39,1.19,0.0,0.0,2.0,2.29,3.0
0,1.0,5.979,2.11,0.13,3.33,2.01,2.0,1.0,8.0,3.32,1.0
1,4.0,0.0,1.5,0.19,4.0,0.68,0.0,1.0,4.0,3.25,1.0
1,0.0,7.084,2.66,0.14,2.32,1.49,0.0,1.0,10.0,1.55,3.0
1,0.0,5.42,1.37,0.22,5.43,5.02,0.0,0.0,18.0,2.38,3.0
1,0.0,6.455,2.38,0.17,3.21,1.7,0.0,1.0,0.0,2.35,1.0
1,6.0,0.0,1.27,0.23,5.21,0.59,0.0,0.0,0.0,4.27,1.0
1,3.0,0.0,1.25,0.31,3.76,0.62,0.0,0.0,1.0,2.71,1.0
1,1.0,4.523,1.49,0.14,3.58,0.83,0.0,1.0,6.0,1.95,1.0
1,1.0,0.0,1.38,0.17,2.3,0.75,0.0,0.0,4.0,0.75,1.0
1,0.0,0.0,1.83,0.13,2.36,1.06,0.0,1.0,16.0,0.99,1.0
0,2.0,6.072,1.81,0.23,2.89,2.46,1.0,1.0,11.0,0.77,3.0
1,1.0,5.736,1.94,0.2,3.45,2.91,1.0,1.0,3.0,1.14,3.0
0,0.0,0.0,1.5,0.15,1.7,0.92,0.0,1.0,5.0,0.96,1.0
1,2.0,6.924,2.55,0.17,4.34,2.53,0.0,1.0,8.0,2.5,1.0
1,2.0,0.0,1.56,0.19,2.96,0.7,0.0,1.0,0.0,2.0,1.0
0,0.0,6.711,2.32,0.23,5.15,3.39,0.0,0.0,10.0,2.67,3.0
1,1.0,5.768,2.15,0.18,3.66,1.44,0.0,0.0,4.0,1.82,3.0
1,0.0,5.614,2.19,0.16,3.59,1.39,0.0,0.0,4.0,1.01,3.0
0,0.0,4.375,2.37,0.17,3.39,1.06,0.0,0.0,0.0,2.5,1.0
1,1.0,7.44,3.41,0.16,2.73,3.13,0.0,1.0,11.0,2.53,1.0
0,0.0,6.477,2.28,0.17,3.05,1.74,0.0,1.0,0.0,1.64,1.0
0,3.0,7.201,2.29,0.16,2.65,1.43,0.0,1.0,1.0,2.51,1.0
1,0.0,7.744,3.53,0.16,4.33,1.46,0.0,0.0,0.0,3.26,1.0
1,6.0,3.367,0.14,0.46,1.94,2.75,2.0,1.0,0.0,1.18,3.0
1,0.0,0.0,1.24,0.17,1.58,1.05,0.0,1.0,1.0,0.69,1.0
0,3.0,0.0,1.24,0.23,4.06,0.61,0.0,0.0,0.0,3.19,1.0
0,2.0,0.0,1.24,0.2,2.73,0.63,0.0,0.0,1.0,1.71,1.0
1,0.0,6.832,3.33,0.19,4.86,2.73,0.0,1.0,4.0,2.84,3.0
1,0.0,0.0,1.7,0.14,2.24,0.99,0.0,1.0,10.0,0.9,1.0
0,1.0,3.045,0.08,0.27,2.73,3.0,2.0,1.0,0.0,0.65,3.0
1,0.0,0.0,0.0,0.27,1.59,1.8,0.0,1.0,0.0,0.45,1.0
1,0.0,6.124,2.21,0.17,3.04,2.02,0.0,1.0,0.0,2.59,1.0
1,0.0,0.0,1.2,0.2,2.19,1.06,0.0,1.0,0.0,0.96,1.0
1,1.0,0.0,1.49,0.17,2.51,0.71,0.0,1.0,4.0,1.89,2.0
0,3.0,1.386,0.26,0.43,0.49,2.23,0.0,0.0,10.0,1.26,1.0
0,0.0,0.0,0.62,0.13,1.4,0.92,0.0,1.0,0.0,0.3,1.0
1,0.0,0.0,1.6,0.13,1.64,0.83,0.0,1.0,8.0,0.6,1.0
1,0.0,6.522,2.46,0.16,3.37,2.98,0.0,1.0,8.0,0.88,3.0
0,2.0,4.559,1.47,0.26,1.92,1.38,0.0,1.0,12.0,1.89,1.0
1,0.0,6.285,1.27,0.22,4.25,2.96,0.0,0.0,2.0,3.02,3.0
0,1.0,2.409,1.22,0.17,2.27,1.71,0.0,1.0,0.0,0.84,1.0
1,0.0,5.614,2.21,0.17,3.4,1.35,0.0,1.0,0.0,2.24,1.0
1,4.0,7.371,2.62,0.21,1.0,1.48,0.0,1.0,12.0,-0.1,1.0
1,0.0,0.0,0.0,0.18,0.7,1.33,0.0,0.0,3.0,0.28,1.0
1,0.0,0.0,0.0,0.2,-0.47,0.83,0.0,0.0,0.0,-0.29,1.0
0,0.0,0.0,0.16,0.36,4.38,2.08,0.0,0.0,0.0,3.18,3.0
1,1.0,5.547,1.7,0.23,5.21,3.52,0.0,0.0,19.0,2.59,3.0
1,2.0,7.4,3.39,0.16,4.3,1.58,0.0,1.0,3.0,3.7,1.0
1,1.0,5.724,1.63,0.21,4.25,2.65,0.0,1.0,2.0,2.11,1.0
1,0.0,0.0,0.0,0.31,0.33,0.95,0.0,0.0,0.0,0.42,1.0
1,1.0,0.0,0.37,0.42,0.09,0.97,0.0,0.0,0.0,0.62,1.0
1,7.0,2.565,0.09,0.46,4.76,1.74,0.0,0.0,9.0,0.45,3.0
1,1.0,1.946,0.1,0.32,3.23,3.38,0.0,0.0,12.0,1.38,3.0
1,2.0,5.039,1.19,0.21,3.44,2.32,1.0,1.0,5.0,2.2,1.0
1,4.0,0.0,0.34,0.4,2.46,0.21,0.0,0.0,0.0,1.78,1.0
1,2.0,0.0,0.19,0.32,1.0,0.48,0.0,0.0,0.0,0.76,2.0
1,0.0,0.0,1.24,0.26,4.18,2.38,0.0,0.0,7.0,3.12,3.0
1,2.0,6.425,1.66,0.16,4.34,2.36,2.0,1.0,6.0,2.25,1.0
1,0.0,8.699,4.16,0.15,4.76,1.65,0.0,0.0,0.0,2.97,1.0
0,0.0,7.063,2.67,0.14,2.84,1.46,0.0,0.0,13.0,2.31,1.0
1,2.0,6.917,2.16,0.15,3.12,2.2,0.0,1.0,7.0,0.38,3.0
1,2.0,5.991,2.35,0.19,4.95,1.26,0.0,0.0,0.0,3.64,1.0
1,4.0,0.0,0.11,0.65,1.97,2.26,0.0,0.0,2.0,2.73,1.0
1,1.0,7.084,2.66,0.16,3.42,1.44,0.0,0.0,10.0,2.31,3.0
1,4.0,0.0,0.0,0.41,2.96,0.46,0.0,0.0,0.0,1.6,1.0
1,0.0,6.766,2.44,0.12,1.42,1.32,0.0,1.0,5.0,2.56,1.0
0,0.0,5.981,2.21,0.15,3.18,1.54,0.0,0.0,7.0,2.03,1.0
0,0.0,6.895,2.96,0.15,3.26,2.62,1.0,1.0,11.0,3.48,1.0
1,0.0,4.263,0.66,0.18,0.41,2.32,0.0,0.0,13.0,0.78,1.0
0,0.0,7.233,3.24,0.15,2.86,1.27,0.0,0.0,2.0,3.19,1.0
1,1.0,7.233,3.24,0.2,3.88,1.27,0.0,0.0,0.0,3.11,1.0
1,2.0,4.559,1.15,0.36,2.25,2.12,0.0,0.0,7.0,1.51,3.0
1,4.0,4.234,0.55,0.3,1.82,1.42,1.0,1.0,6.0,1.98,1.0
1,4.0,5.433,1.45,0.27,2.57,1.05,1.0,1.0,6.0,1.75,1.0
1,0.0,5.72,0.46,0.22,4.25,4.51,1.0,1.0,10.0,3.07,3.0
1,1.0,6.866,2.22,0.16,4.4,2.05,0.0,1.0,5.0,1.84,1.0
0,0.0,6.747,3.7,0.18,4.08,3.29,0.0,1.0,13.0,3.2,1.0
1,0.0,6.29,2.38,0.16,2.64,1.1,0.0,1.0,0.0,1.44,1.0
1,0.0,3.726,1.25,0.19,2.82,2.16,1.0,1.0,4.0,0.34,3.0
0,0.0,5.901,2.25,0.2,4.67,1.87,0.0,0.0,0.0,3.23,3.0
0,0.0,7.163,3.34,0.16,4.28,1.74,0.0,1.0,0.0,2.38,3.0
1,2.0,7.657,3.37,0.15,4.85,1.83,1.0,1.0,4.0,1.94,1.0
1,4.0,0.0,0.1,0.29,3.23,2.01,0.0,0.0,18.0,0.69,3.0
1,7.0,0.0,0.09,0.29,4.03,1.73,0.0,0.0,18.0,1.18,3.0
1,0.0,5.527,2.18,0.15,2.09,2.21,2.0,1.0,12.0,2.2,1.0
1,0.0,5.538,2.22,0.15,2.09,1.99,2.0,1.0,11.0,2.22,1.0
1,4.0,0.0,0.26,0.42,0.45,1.09,2.0,0.0,0.0,0.54,1.0
1,0.0,7.24,2.63,0.17,4.11,2.78,0.0,0.0,10.0,3.02,3.0
1,1.0,6.676,2.3,0.19,2.86,2.06,0.0,1.0,10.0,1.04,1.0
0,0.0,0.0,1.22,0.21,3.56,1.81,0.0,0.0,0.0,2.77,1.0
0,1.0,5.244,1.74,0.17,3.3,2.11,1.0,1.0,8.0,1.85,1.0
1,0.0,0.0,0.0,0.33,2.27,2.17,0.0,0.0,2.0,1.89,1.0
1,0.0,6.152,2.6,0.16,3.07,2.25,0.0,1.0,10.0,2.34,1.0
1,10.0,6.405,0.11,0.21,4.91,1.27,0.0,0.0,2.0,3.19,3.0
1,0.0,0.0,0.0,0.3,1.39,1.65,0.0,0.0,1.0,-0.16,3.0
1,0.0,2.303,0.24,0.17,-0.06,1.38,0.0,0.0,12.0,-0.4,3.0
1,2.0,0.0,0.0,1.38,4.76,3.41,0.0,0.0,0.0,3.3,1.0
0,2.0,5.059,1.65,0.26,1.85,2.17,0.0,1.0,8.0,2.89,1.0
1,1.0,6.882,2.88,0.17,1.53,1.16,0.0,1.0,0.0,1.98,2.0
1,0.0,0.0,0.0,0.29,2.5,2.21,0.0,0.0,4.0,1.04,3.0
1,2.0,3.956,2.09,0.25,1.77,0.8,0.0,1.0,0.0,0.65,3.0
0,0.0,3.219,0.43,0.24,2.82,2.38,0.0,0.0,3.0,0.65,3.0
1,0.0,5.752,1.34,0.23,4.82,2.9,0.0,0.0,3.0,2.78,3.0
0,2.0,0.0,1.26,0.21,2.78,0.81,0.0,0.0,2.0,0.43,3.0
1,0.0,6.76,2.39,0.17,3.1,2.82,1.0,1.0,8.0,1.99,1.0
1,3.0,5.048,1.26,0.2,3.72,2.19,1.0,1.0,7.0,2.06,1.0
1,0.0,5.098,1.37,0.18,1.46,1.79,1.0,0.0,7.0,1.08,1.0
1,0.0,0.0,1.21,0.17,1.58,1.26,0.0,1.0,1.0,0.76,1.0
1,1.0,0.0,1.24,0.2,2.46,0.84,0.0,0.0,1.0,1.28,1.0
1,0.0,5.411,1.58,0.15,4.21,2.61,0.0,1.0,8.0,3.44,1.0
1,3.0,6.173,2.29,0.2,5.47,1.24,0.0,0.0,0.0,3.88,1.0
1,4.0,6.285,2.41,0.2,5.99,1.23,0.0,0.0,0.0,3.85,1.0
1,1.0,4.808,1.32,0.19,3.18,2.45,1.0,1.0,5.0,1.12,3.0
1,0.0,5.852,1.97,0.19,4.24,3.14,2.0,1.0,13.0,1.04,3.0
0,0.0,0.0,0.63,0.22,2.96,1.46,0.0,0.0,0.0,2.05,3.0
1,1.0,0.0,0.44,0.26,2.06,1.38,0.0,0.0,9.0,-0.01,3.0
1,0.0,0.0,0.0,0.33,1.21,0.96,0.0,0.0,0.0,0.18,1.0
1,0.0,4.605,0.03,0.1,8.32,2.4,0.0,0.0,2.0,2.65,2.0
1,2.0,6.019,2.31,0.19,4.95,1.26,0.0,0.0,0.0,3.85,1.0
0,3.0,6.173,2.31,0.2,5.47,1.23,0.0,0.0,0.0,4.09,1.0
1,3.0,2.151,1.26,0.19,3.03,0.94,0.0,0.0,4.0,3.5,2.0
1,0.0,2.303,0.26,0.2,0.73,1.54,0.0,0.0,12.0,0.05,1.0
0,2.0,0.0,1.52,0.28,2.94,0.69,0.0,1.0,1.0,1.46,3.0
1,2.0,0.0,1.52,0.24,2.65,0.69,0.0,1.0,1.0,0.84,3.0
0,2.0,0.0,1.38,0.17,1.34,0.67,0.0,1.0,4.0,0.0,1.0
1,3.0,5.316,1.93,0.42,3.78,2.02,0.0,0.0,9.0,1.51,3.0
1,1.0,0.0,1.36,0.21,3.74,1.03,0.0,0.0,0.0,2.87,1.0
1,1.0,7.224,2.57,0.14,2.78,2.78,2.0,1.0,17.0,2.72,3.0
1,0.0,6.381,1.31,0.22,4.55,3.43,0.0,0.0,6.0,2.12,3.0
0,4.0,7.183,2.48,0.18,4.09,1.23,0.0,0.0,4.0,4.79,1.0
1,1.0,3.876,1.24,0.17,2.09,1.21,2.0,1.0,4.0,1.15,1.0
1,1.0,6.822,3.29,0.15,3.69,2.36,1.0,1.0,13.0,2.85,1.0
1,1.0,3.219,0.12,0.12,3.88,1.18,0.0,0.0,3.0,3.73,2.0
1,3.0,0.0,1.49,0.18,3.7,0.69,0.0,1.0,4.0,2.2,1.0
1,0.0,6.553,2.29,0.15,1.66,2.42,2.0,1.0,3.0,1.43,1.0
1,2.0,0.0,1.24,0.21,2.78,0.8,0.0,0.0,2.0,0.51,3.0
1,5.0,4.275,1.29,0.34,3.6,1.07,0.0,0.0,5.0,3.62,1.0
1,5.0,0.0,1.27,0.21,4.19,0.76,0.0,0.0,1.0,4.16,1.0
1,2.0,6.451,2.38,0.19,4.49,1.04,0.0,0.0,0.0,3.75,1.0
1,5.0,6.366,2.29,0.2,6.23,1.23,0.0,0.0,0.0,4.85,1.0
0,3.0,6.491,2.46,0.17,4.3,1.32,0.0,1.0,6.0,3.31,1.0
1,4.0,3.641,1.44,0.17,3.65,1.14,0.0,0.0,8.0,3.41,1.0
0,0.0,5.324,1.58,0.15,4.21,2.61,0.0,1.0,8.0,3.2,3.0
1,3.0,0.0,1.5,0.19,3.7,0.68,0.0,1.0,4.0,2.6,1.0
0,2.0,6.259,2.06,0.24,2.81,2.31,0.0,1.0,9.0,2.74,1.0
1,3.0,4.437,1.56,0.28,1.87,1.16,0.0,1.0,5.0,2.33,1.0
1,4.0,0.0,1.72,0.19,3.13,0.74,0.0,1.0,0.0,1.53,1.0
1,1.0,5.524,1.72,0.19,1.96,2.59,0.0,1.0,12.0,1.88,3.0
1,1.0,2.784,1.21,0.19,2.59,1.84,0.0,1.0,0.0,0.73,3.0
1,3.0,0.0,1.38,0.17,1.12,0.7,0.0,1.0,4.0,-1.7,3.0
1,1.0,2.784,1.2,0.2,2.82,1.68,1.0,1.0,4.0,1.57,1.0
1,2.0,6.208,1.6,0.2,4.03,2.42,1.0,1.0,6.0,2.49,3.0
1,0.0,9.298,5.29,0.15,5.55,2.06,0.0,0.0,0.0,2.38,3.0
1,4.0,6.668,2.4,0.2,5.57,1.02,0.0,0.0,0.0,3.52,3.0
1,1.0,0.0,0.12,0.35,2.57,2.58,1.0,1.0,3.0,2.61,1.0
1,1.0,3.498,1.32,0.2,2.38,1.6,1.0,0.0,5.0,1.88,1.0
0,0.0,0.0,1.5,0.15,1.7,0.92,0.0,1.0,7.0,1.02,1.0
0,2.0,6.149,2.29,0.2,4.95,1.25,0.0,0.0,0.0,2.63,3.0
1,2.0,6.196,2.27,0.19,4.95,1.25,0.0,0.0,0.0,3.58,1.0
0,2.0,6.423,2.39,0.19,4.49,1.04,0.0,0.0,0.0,3.79,2.0
1,2.0,6.565,2.39,0.18,3.75,1.04,0.0,0.0,3.0,1.19,3.0
1,10.0,6.988,2.38,0.21,7.37,1.17,0.0,0.0,0.0,4.24,1.0
1,1.0,5.932,2.27,0.18,4.42,1.27,0.0,0.0,0.0,2.43,3.0
1,0.0,8.486,4.12,0.15,4.76,1.65,0.0,0.0,0.0,3.5,1.0
1,0.0,7.097,2.69,0.16,3.88,1.24,0.0,0.0,0.0,2.48,1.0
0,2.0,6.027,2.18,0.25,3.31,2.06,0.0,1.0,12.0,2.84,1.0
0,5.0,4.275,1.29,0.32,3.46,1.07,0.0,0.0,5.0,2.12,3.0
1,1.0,0.0,0.89,0.23,1.6,1.43,1.0,1.0,3.0,1.02,1.0
0,8.0,6.803,2.39,0.21,6.93,1.18,0.0,0.0,0.0,5.82,2.0
0,3.0,5.662,2.27,0.31,2.24,1.05,0.0,1.0,0.0,2.07,1.0
1,5.0,5.873,2.07,0.3,4.54,1.54,0.0,0.0,7.0,3.78,3.0
1,0.0,4.467,1.28,0.15,2.52,1.34,2.0,1.0,2.0,1.61,1.0
1,0.0,8.598,4.69,0.16,5.17,1.88,0.0,0.0,0.0,2.41,3.0
1,0.0,8.626,4.72,0.16,5.17,1.87,0.0,0.0,0.0,2.24,3.0
1,0.0,3.611,0.05,0.1,5.57,1.47,0.0,0.0,2.0,3.46,2.0
0,0.0,6.381,2.38,0.16,2.93,1.22,0.0,0.0,3.0,2.26,1.0
1,2.0,4.66,1.2,0.27,3.75,2.49,0.0,1.0,14.0,2.04,1.0
1,8.0,7.157,2.41,0.21,6.55,0.97,0.0,0.0,0.0,2.58,3.0
0,0.0,6.423,2.39,0.16,2.02,1.13,0.0,1.0,0.0,0.46,1.0
1,1.0,4.559,1.47,0.21,2.38,1.38,0.0,1.0,14.0,0.44,1.0
1,0.0,9.194,5.9,0.15,4.68,2.2,0.0,1.0,0.0,2.03,3.0
1,0.0,5.011,0.85,0.21,3.4,2.82,0.0,0.0,11.0,3.06,1.0
1,4.0,0.0,0.35,0.31,3.01,1.98,1.0,1.0,5.0,3.15,1.0
1,4.0,5.502,1.35,0.34,1.66,2.25,1.0,1.0,5.0,2.26,3.0
0,0.0,4.652,1.31,0.18,1.65,1.85,1.0,1.0,2.0,1.38,2.0
1,1.0,5.43,1.27,0.23,3.27,3.09,0.0,0.0,10.0,4.14,2.0
1,1.0,0.0,0.62,0.2,-0.46,1.24,2.0,1.0,3.0,0.3,1.0
0,1.0,5.016,1.27,0.2,3.91,3.37,1.0,1.0,6.0,0.38,3.0
0,12.0,6.405,0.0,0.23,6.52,1.3,0.0,0.0,0.0,4.31,1.0
1,5.0,6.894,3.65,0.19,3.31,2.17,2.0,1.0,13.0,1.9,2.0
0,4.0,6.366,2.33,0.21,5.99,1.22,0.0,0.0,0.0,4.39,1.0
1,0.0,1.386,0.12,0.25,0.73,2.1,1.0,1.0,3.0,1.73,2.0
1,2.0,0.0,1.25,0.18,2.43,0.79,0.0,0.0,3.0,1.98,1.0
1,3.0,4.751,1.48,0.26,2.19,1.17,0.0,1.0,9.0,1.89,1.0
1,4.0,1.099,0.3,0.59,0.62,2.36,0.0,0.0,4.0,0.52,1.0
1,4.0,1.099,0.22,0.64,0.71,2.33,0.0,0.0,4.0,0.0,3.0
1,0.0,8.026,3.81,0.15,3.73,1.86,0.0,0.0,11.0,1.63,3.0
0,1.0,5.633,1.54,0.21,1.55,1.64,1.0,1.0,12.0,1.32,1.0
1,0.0,4.808,1.77,0.13,1.89,0.8,0.0,1.0,8.0,1.16,1.0
0,2.0,5.096,1.39,0.28,2.99,2.96,0.0,1.0,14.0,2.12,3.0
1,0.0,7.819,3.53,0.17,4.59,1.66,0.0,0.0,0.0,3.48,1.0
0,0.0,3.446,1.25,0.25,4.14,2.06,0.0,0.0,0.0,3.26,1.0
1,4.0,0.0,1.27,0.19,3.03,0.78,0.0,0.0,3.0,2.56,3.0
0,0.0,0.0,1.5,0.15,1.7,0.92,0.0,1.0,8.0,1.16,1.0
1,4.0,0.0,0.93,0.28,2.07,1.02,0.0,1.0,1.0,2.22,1.0
0,3.0,4.676,1.14,0.4,1.64,1.97,0.0,0.0,9.0,1.8,3.0
1,0.0,6.329,2.38,0.19,4.58,3.1,0.0,0.0,12.0,2.62,3.0
1,2.0,4.691,1.1,0.35,2.8,2.4,0.0,0.0,11.0,0.97,3.0
1,0.0,7.744,3.53,0.15,3.05,1.39,0.0,1.0,0.0,2.25,1.0
1,1.0,5.828,1.4,0.21,1.67,2.18,0.0,0.0,10.0,2.16,2.0
1,0.0,4.076,1.21,0.17,2.53,2.34,0.0,1.0,0.0,1.2,3.0
1,0.0,3.992,1.35,0.19,2.11,1.75,1.0,0.0,5.0,0.82,1.0
0,2.0,4.275,1.49,0.28,1.3,1.18,0.0,1.0,5.0,1.56,1.0
1,3.0,6.099,1.77,0.34,1.48,2.33,1.0,1.0,4.0,2.27,1.0
1,1.0,2.944,0.45,0.28,3.25,2.48,1.0,1.0,1.0,2.22,2.0
1,0.0,3.27,1.31,0.17,1.82,1.44,1.0,0.0,5.0,0.35,3.0
1,6.0,4.043,0.16,0.29,1.4,1.86,2.0,1.0,2.0,0.0,3.0
0,3.0,0.0,1.26,0.19,2.74,0.78,0.0,0.0,3.0,2.07,1.0
1,0.0,4.174,0.63,0.13,2.36,1.23,0.0,1.0,0.0,-0.3,1.0
1,1.0,6.267,1.94,0.14,2.9,1.53,1.0,1.0,3.0,1.45,1.0
1,4.0,6.124,2.28,0.2,4.97,1.24,0.0,0.0,2.0,4.14,1.0
1,2.0,4.541,1.19,0.24,3.09,2.13,1.0,1.0,3.0,2.25,1.0
0,5.0,4.66,1.25,0.28,3.21,1.84,0.0,1.0,7.0,3.1,1.0
1,0.0,2.565,0.0,0.35,5.0,3.0,0.0,0.0,0.0,3.95,2.0
0,1.0,5.485,1.64,0.24,5.65,3.86,0.0,0.0,18.0,2.73,3.0
1,2.0,4.447,1.47,0.26,1.6,1.18,0.0,1.0,9.0,1.89,1.0
0,4.0,0.0,0.12,0.71,1.32,2.05,0.0,0.0,2.0,2.68,1.0
0,4.0,1.099,0.12,0.68,1.65,2.3,0.0,0.0,4.0,2.48,1.0
0,3.0,0.0,0.16,0.66,0.18,1.31,0.0,0.0,2.0,0.45,1.0
1,1.0,2.565,0.08,0.31,4.27,4.31,0.0,0.0,10.0,0.62,3.0
0,5.0,4.275,1.29,0.3,3.32,1.07,0.0,0.0,5.0,3.58,1.0
1,5.0,0.0,0.12,0.44,2.36,0.76,0.0,0.0,3.0,0.93,1.0
1,2.0,0.0,0.29,0.5,-0.76,0.84,1.0,1.0,2.0,-1.52,3.0
1,4.0,7.131,2.49,0.17,4.09,1.25,0.0,0.0,4.0,3.48,3.0
1,6.0,6.028,0.65,0.23,5.36,1.69,0.0,0.0,0.0,3.82,3.0
0,1.0,2.197,0.61,0.21,1.8,1.79,2.0,1.0,7.0,0.6,1.0
1,5.0,6.529,2.31,0.21,6.23,1.21,0.0,0.0,0.0,4.38,1.0
1,0.0,3.684,1.31,0.18,1.85,1.85,1.0,1.0,5.0,1.42,1.0
1,2.0,0.0,1.51,0.17,3.11,0.7,0.0,1.0,4.0,2.16,1.0
1,4.0,0.0,0.0,0.43,4.2,0.79,0.0,0.0,0.0,2.17,3.0
1,4.0,6.386,2.31,0.21,5.99,1.22,0.0,0.0,0.0,4.56,1.0
0,4.0,6.347,2.32,0.21,5.99,1.22,0.0,0.0,0.0,5.08,1.0
1,4.0,6.477,2.28,0.2,5.99,1.22,0.0,0.0,0.0,4.35,1.0
0,5.0,6.529,2.31,0.21,6.23,1.21,0.0,0.0,0.0,4.28,1.0
1,1.0,5.784,1.98,0.19,3.9,1.85,0.0,0.0,4.0,2.6,1.0
1,8.0,7.529,2.52,0.19,5.03,1.2,0.0,0.0,4.0,3.12,3.0
0,6.0,6.751,2.29,0.21,6.47,1.19,0.0,0.0,0.0,5.97,2.0
1,2.0,0.0,0.0,0.32,1.39,0.84,0.0,0.0,0.0,0.42,1.0
1,2.0,3.726,1.28,0.2,2.65,1.2,2.0,1.0,2.0,0.95,3.0
0,2.0,4.067,1.26,0.18,2.65,1.2,2.0,1.0,4.0,1.27,3.0
0,0.0,6.186,3.28,0.19,4.9,2.58,0.0,1.0,0.0,3.26,3.0
1,0.0,6.081,1.36,0.23,6.63,7.19,0.0,0.0,25.0,0.6,3.0
1,4.0,6.306,2.28,0.2,5.99,1.23,0.0,0.0,0.0,4.39,1.0
0,4.0,6.241,2.31,0.2,5.99,1.23,0.0,0.0,0.0,4.71,1.0
1,2.0,4.799,1.24,0.28,2.43,2.71,0.0,1.0,8.0,1.8,3.0
1,1.0,4.15,1.38,0.21,-0.26,1.09,1.0,1.0,6.0,-0.12,1.0
1,4.0,7.128,2.5,0.18,4.09,1.23,0.0,0.0,4.0,3.76,3.0
0,2.0,7.064,2.38,0.19,1.32,1.41,0.0,1.0,8.0,1.43,1.0
1,0.0,2.303,0.07,0.09,4.17,1.07,0.0,0.0,2.0,3.12,2.0
1,0.0,3.332,0.06,0.1,5.12,1.33,0.0,0.0,2.0,2.65,2.0
1,2.0,3.446,1.23,0.32,1.6,1.12,0.0,0.0,5.0,1.89,1.0
1,0.0,4.849,1.6,0.2,3.81,2.65,0.0,1.0,8.0,3.29,1.0
1,3.0,6.124,2.28,0.18,3.84,1.25,0.0,0.0,4.0,1.7,3.0
1,2.0,6.975,2.48,0.16,3.05,1.25,0.0,0.0,4.0,2.47,3.0
0,1.0,2.409,1.02,0.24,1.24,1.69,2.0,1.0,0.0,0.42,1.0
1,1.0,4.766,1.29,0.19,3.18,2.49,1.0,1.0,5.0,1.3,3.0
1,5.0,4.627,1.21,0.44,3.63,2.17,0.0,0.0,6.0,3.77,1.0
1,4.0,0.0,1.26,0.22,3.62,0.64,0.0,1.0,0.0,2.52,1.0
1,2.0,6.019,2.31,0.19,4.95,1.25,0.0,0.0,0.0,3.92,1.0
1,2.0,6.099,2.28,0.2,4.95,1.25,0.0,0.0,0.0,3.44,1.0
1,6.0,6.609,2.34,0.21,6.47,1.19,0.0,0.0,0.0,5.56,2.0
0,6.0,6.609,2.34,0.21,6.47,1.2,0.0,0.0,0.0,5.88,2.0
1,7.0,6.724,2.33,0.21,6.7,1.19,0.0,0.0,0.0,6.06,2.0
1,1.0,5.356,2.1,0.15,3.51,1.57,2.0,1.0,5.0,2.35,1.0
1,2.0,5.758,1.79,0.19,3.14,1.78,0.0,1.0,4.0,1.81,3.0
1,4.0,6.326,2.35,0.21,5.99,1.22,0.0,0.0,0.0,4.45,1.0
1,8.0,6.853,2.34,0.21,6.93,1.18,0.0,0.0,0.0,5.81,2.0
1,7.0,7.447,2.51,0.18,4.8,1.21,0.0,0.0,4.0,3.67,3.0
1,2.0,4.995,1.47,0.27,3.07,2.73,0.0,1.0,13.0,2.46,3.0
1,4.0,6.285,2.34,0.2,5.99,1.23,0.0,0.0,0.0,4.53,1.0
1,2.0,5.526,1.3,0.18,2.01,1.98,3.0,1.0,8.0,2.19,1.0
1,0.0,2.944,0.06,0.1,4.66,1.2,0.0,0.0,2.0,3.4,2.0
1,0.0,4.159,0.04,0.1,6.82,1.87,0.0,0.0,2.0,4.26,2.0
0,0.0,4.123,1.35,0.18,2.39,2.08,1.0,0.0,5.0,0.94,3.0
1,3.0,6.149,2.35,0.2,5.47,1.24,0.0,0.0,0.0,4.23,1.0
1,5.0,6.442,2.34,0.21,6.23,1.21,0.0,0.0,0.0,5.05,1.0
1,2.0,5.154,1.35,0.28,1.21,1.11,0.0,0.0,5.0,1.35,1.0
0,2.0,5.247,1.47,0.19,1.6,1.09,1.0,1.0,7.0,1.56,2.0
1,5.0,6.442,2.34,0.21,6.23,1.21,0.0,0.0,0.0,4.7,1.0
0,5.0,6.405,2.34,0.21,6.23,1.21,0.0,0.0,0.0,5.18,2.0
1,6.0,6.609,2.34,0.21,6.47,1.21,0.0,0.0,0.0,5.77,2.0
0,6.0,6.654,2.3,0.21,6.47,1.2,0.0,0.0,0.0,5.88,2.0
1,6.0,6.545,2.4,0.21,6.47,1.21,0.0,0.0,0.0,5.43,2.0
1,3.0,6.173,2.31,0.2,5.47,1.24,0.0,0.0,0.0,4.57,1.0
1,3.0,6.326,2.27,0.2,5.47,1.23,0.0,0.0,0.0,4.58,1.0
1,4.0,6.326,2.35,0.2,5.99,1.23,0.0,0.0,0.0,4.2,1.0
1,8.0,8.281,3.28,0.19,5.91,1.18,0.0,0.0,2.0,2.89,3.0
1,6.0,7.348,2.51,0.18,4.57,1.22,0.0,0.0,4.0,4.0,1.0
1,3.0,7.04,2.5,0.17,3.57,1.25,0.0,0.0,4.0,2.83,3.0
1,0.0,6.428,2.25,0.19,3.56,2.92,0.0,1.0,15.0,3.04,3.0
1,2.0,6.332,1.76,0.19,3.95,1.99,1.0,1.0,6.0,2.82,1.0
1,8.0,6.751,2.39,0.21,6.93,1.18,0.0,0.0,0.0,5.88,2.0
1,5.0,7.275,2.49,0.18,4.33,1.22,0.0,0.0,4.0,4.26,1.0
0,0.0,4.888,1.63,0.17,3.55,2.63,0.0,1.0,10.0,3.71,1.0
1,2.0,1.386,0.0,0.48,4.76,2.39,0.0,0.0,0.0,1.93,3.0
1,1.0,5.178,0.54,0.6,5.52,4.61,0.0,1.0,0.0,3.88,1.0
1,0.0,6.637,2.45,0.2,4.8,2.91,0.0,1.0,0.0,3.59,3.0
0,4.0,6.326,2.35,0.2,5.99,1.23,0.0,0.0,0.0,4.84,2.0
1,4.0,6.285,2.34,0.21,5.99,1.22,0.0,0.0,0.0,4.26,1.0
1,4.0,6.263,2.38,0.2,5.99,1.23,0.0,0.0,0.0,4.46,1.0
0,5.0,6.442,2.34,0.21,6.23,1.21,0.0,0.0,0.0,5.43,2.0
1,1.0,5.187,1.4,0.23,2.57,2.95,0.0,1.0,4.0,2.27,2.0
0,4.0,6.698,2.17,0.24,4.46,2.64,0.0,0.0,4.0,2.26,3.0
1,2.0,6.745,2.46,0.16,3.72,1.6,0.0,1.0,13.0,3.18,1.0
0,1.0,6.709,2.4,0.14,4.12,2.04,0.0,1.0,7.0,3.21,1.0
1,1.0,5.736,1.67,0.2,3.32,2.0,0.0,1.0,7.0,1.81,1.0
1,0.0,0.0,1.23,0.16,-0.15,0.61,0.0,1.0,0.0,0.07,1.0
1,3.0,6.193,2.31,0.18,4.09,1.41,0.0,0.0,5.0,3.5,1.0
0,0.0,6.196,2.27,0.19,1.59,1.67,0.0,1.0,0.0,0.28,1.0
1,0.0,6.423,2.39,0.16,2.02,1.13,0.0,1.0,0.0,0.78,1.0
1,0.0,7.247,3.15,0.14,2.22,1.77,0.0,1.0,6.0,0.46,3.0
1,0.0,0.0,1.26,0.21,3.56,1.47,0.0,0.0,0.0,2.82,1.0
0,0.0,4.111,1.16,0.26,3.74,2.08,0.0,0.0,0.0,3.91,1.0
1,3.0,4.559,1.47,0.26,2.19,1.17,0.0,1.0,9.0,1.55,3.0
0,5.0,5.901,2.01,0.25,6.17,1.54,0.0,0.0,0.0,3.95,3.0
1,2.0,0.0,1.39,0.18,2.89,0.74,0.0,0.0,4.0,0.02,3.0
1,0.0,9.316,5.33,0.15,5.55,2.05,0.0,0.0,0.0,2.73,3.0
1,3.0,0.0,1.26,0.21,3.62,0.78,0.0,0.0,1.0,2.53,1.0
1,0.0,0.0,0.0,0.29,1.55,1.67,0.0,1.0,0.0,0.45,1.0
0,0.0,0.0,1.23,0.16,-0.15,0.61,0.0,1.0,0.0,0.44,1.0
1,0.0,0.0,1.23,0.16,0.67,0.62,0.0,1.0,0.0,1.04,2.0
1,2.0,2.833,0.57,0.28,1.83,2.3,0.0,0.0,4.0,1.57,1.0
1,2.0,6.063,1.96,0.17,3.93,2.09,0.0,0.0,14.0,2.71,3.0
1,4.0,7.856,3.24,0.18,4.97,1.21,0.0,0.0,2.0,3.69,3.0
1,0.0,4.143,0.55,0.19,2.29,2.43,2.0,1.0,4.0,0.84,1.0
1,1.0,6.906,3.02,0.18,3.14,2.17,0.0,1.0,12.0,1.58,3.0
0,1.0,0.0,0.17,0.33,0.11,0.63,0.0,0.0,0.0,-0.06,1.0
1,0.0,0.0,1.7,0.12,1.4,0.79,0.0,1.0,9.0,0.31,1.0
0,2.0,0.0,1.36,0.18,2.89,0.73,0.0,0.0,4.0,0.1,3.0
1,1.0,6.554,2.94,0.18,4.83,3.14,0.0,1.0,15.0,3.01,3.0
1,2.0,5.901,2.24,0.18,4.47,1.27,0.0,0.0,2.0,3.97,1.0
1,2.0,6.49,2.4,0.19,3.91,2.73,0.0,1.0,13.0,2.5,3.0
1,3.0,6.019,2.23,0.19,4.72,1.26,0.0,0.0,2.0,3.64,1.0
1,6.0,6.561,2.37,0.21,6.47,1.2,0.0,0.0,0.0,5.54,2.0
1,0.0,0.0,1.25,0.21,3.26,1.26,0.0,0.0,0.0,2.31,1.0
1,4.0,0.0,0.13,0.38,0.49,0.76,0.0,0.0,2.0,-0.39,3.0
1,6.0,6.577,2.34,0.21,6.47,1.2,0.0,0.0,0.0,5.81,2.0
1,7.0,6.654,2.35,0.21,6.7,1.19,0.0,0.0,0.0,5.93,2.0
0,5.0,0.0,1.27,0.22,3.91,0.64,0.0,1.0,0.0,2.71,3.0
1,0.0,0.0,1.25,0.2,2.51,1.26,0.0,0.0,1.0,0.91,3.0
0,1.0,4.492,1.12,0.25,3.09,2.65,1.0,1.0,3.0,2.84,1.0
0,2.0,6.49,2.4,0.23,4.12,2.73,0.0,1.0,13.0,2.83,3.0
1,0.0,0.0,1.68,0.13,1.75,0.99,0.0,1.0,9.0,0.25,3.0
1,0.0,0.0,1.22,0.24,3.56,1.56,0.0,0.0,0.0,2.75,1.0
1,0.0,9.194,5.9,0.15,5.92,2.26,0.0,0.0,0.0,2.8,3.0
1,3.0,0.0,1.25,0.2,3.62,0.78,0.0,0.0,1.0,2.96,1.0
1,3.0,0.0,1.25,0.22,3.35,0.79,0.0,0.0,2.0,3.07,1.0
1,3.0,0.0,1.25,0.21,3.62,0.77,0.0,0.0,1.0,3.09,1.0
1,2.0,0.0,1.23,0.23,3.48,0.63,0.0,0.0,0.0,2.44,1.0
0,1.0,0.0,1.23,0.22,2.88,0.65,0.0,0.0,0.0,2.35,1.0
1,0.0,0.0,1.48,0.15,1.7,0.92,0.0,1.0,5.0,0.86,3.0
0,0.0,0.0,0.0,0.36,2.89,2.33,0.0,0.0,4.0,2.3,3.0
1,0.0,3.596,1.23,0.22,3.92,2.73,0.0,0.0,5.0,2.47,3.0
1,0.0,6.778,2.66,0.19,4.09,2.71,0.0,1.0,7.0,2.31,3.0
1,1.0,5.686,1.63,0.2,3.41,2.07,0.0,1.0,7.0,1.32,3.0
1,2.0,0.0,0.86,0.36,-0.23,1.17,0.0,0.0,4.0,0.63,1.0
1,3.0,4.007,1.26,0.32,2.49,1.47,0.0,0.0,6.0,2.39,1.0
0,2.0,0.0,1.24,0.21,2.73,0.66,0.0,1.0,0.0,1.38,1.0
1,0.0,0.0,1.49,0.14,1.35,0.72,0.0,1.0,5.0,1.4,1.0
1,0.0,0.0,1.48,0.14,1.7,0.88,0.0,1.0,5.0,0.75,1.0
1,4.0,0.0,0.0,0.73,-0.64,2.33,0.0,0.0,16.0,4.08,1.0
1,3.0,6.612,2.38,0.2,5.03,1.01,0.0,0.0,0.0,4.43,2.0
1,5.0,4.275,1.29,0.29,2.64,1.01,0.0,1.0,3.0,3.26,1.0
1,4.0,4.239,1.49,0.17,2.71,0.86,1.0,1.0,9.0,0.49,1.0
1,4.0,0.0,0.0,0.64,2.23,0.14,0.0,0.0,0.0,0.95,3.0
1,4.0,6.188,2.23,0.2,4.97,1.24,0.0,0.0,2.0,4.43,1.0
0,2.0,2.944,0.0,1.15,6.32,6.83,0.0,0.0,6.0,3.99,2.0
1,2.0,4.78,1.42,0.25,2.22,2.01,0.0,1.0,13.0,2.05,3.0
1,0.0,6.113,2.0,0.15,2.19,2.1,0.0,1.0,3.0,1.54,3.0
1,0.0,8.633,4.71,0.16,5.17,1.86,0.0,0.0,0.0,2.48,3.0
1,5.0,6.405,2.39,0.21,6.23,1.21,0.0,0.0,0.0,4.81,2.0
1,5.0,6.442,2.33,0.21,6.23,1.21,0.0,0.0,0.0,4.81,1.0
1,3.0,6.501,1.75,0.23,3.17,2.45,0.0,0.0,14.0,2.73,1.0
0,4.0,4.523,1.3,0.3,3.05,1.29,0.0,0.0,5.0,2.85,1.0
1,3.0,0.0,1.26,0.19,2.74,0.78,0.0,0.0,3.0,2.46,1.0
0,0.0,6.046,2.26,0.18,4.41,1.85,0.0,0.0,0.0,2.82,3.0
1,5.0,7.974,3.26,0.18,5.22,1.2,0.0,0.0,2.0,4.13,3.0
1,4.0,7.849,3.26,0.18,4.97,1.21,0.0,0.0,2.0,2.72,3.0
1,5.0,7.969,3.25,0.18,5.22,1.2,0.0,0.0,2.0,3.58,3.0
1,5.0,7.969,3.27,0.18,5.22,1.21,0.0,0.0,2.0,3.57,3.0
0,3.0,0.0,0.0,0.36,1.94,0.72,0.0,0.0,0.0,0.27,3.0
1,5.0,6.609,2.28,0.21,6.23,1.21,0.0,0.0,0.0,4.68,1.0
1,0.0,6.423,2.38,0.18,3.96,1.46,0.0,0.0,0.0,3.37,1.0
0,2.0,0.0,1.25,0.2,2.73,0.64,0.0,0.0,1.0,1.23,1.0
1,8.0,4.89,0.34,0.25,5.47,1.46,0.0,0.0,0.0,4.29,1.0
1,0.0,5.062,1.27,0.17,1.91,2.26,1.0,1.0,11.0,0.84,1.0
1,0.0,0.0,1.29,0.17,1.95,1.2,1.0,1.0,2.0,0.07,1.0
1,0.0,6.423,2.38,0.18,3.96,1.46,0.0,0.0,0.0,2.71,1.0
1,1.0,3.956,2.09,0.17,1.7,0.84,0.0,1.0,0.0,0.41,1.0
1,2.0,0.0,1.24,0.2,2.73,0.63,0.0,0.0,1.0,1.11,3.0
1,4.0,0.0,1.26,0.21,3.62,0.61,0.0,0.0,1.0,2.16,3.0
1,1.0,0.0,0.61,0.21,1.65,1.52,2.0,1.0,9.0,0.78,1.0
0,3.0,6.019,2.24,0.19,4.72,1.25,0.0,0.0,2.0,3.79,1.0
1,3.0,6.099,2.31,0.26,5.84,1.24,0.0,0.0,0.0,3.87,3.0
1,1.0,0.0,1.23,0.24,2.3,0.64,0.0,0.0,1.0,1.1,1.0
1,0.0,0.0,1.23,0.16,0.89,0.69,0.0,1.0,1.0,1.22,2.0
1,2.0,0.0,1.24,0.21,2.73,0.62,0.0,0.0,1.0,1.92,1.0
0,1.0,3.056,1.21,0.21,2.89,1.9,0.0,1.0,0.0,0.84,3.0
1,6.0,6.577,2.38,0.31,7.15,1.19,0.0,0.0,0.0,4.66,1.0
1,1.0,2.151,1.22,0.19,1.63,1.02,0.0,0.0,4.0,0.39,1.0
1,1.0,0.0,1.24,0.2,2.46,0.84,0.0,0.0,2.0,0.98,3.0
0,3.0,3.611,0.64,0.27,0.52,1.82,2.0,1.0,4.0,0.8,1.0
1,5.0,6.263,2.28,0.2,5.22,1.23,0.0,0.0,2.0,4.21,1.0
0,5.0,6.292,2.26,0.2,5.22,1.23,0.0,0.0,2.0,4.08,3.0
0,5.0,6.386,2.37,0.21,6.23,1.21,0.0,0.0,0.0,4.58,1.0
1,2.0,6.911,2.36,0.17,3.62,1.86,0.0,1.0,4.0,2.05,1.0
0,2.0,6.117,1.51,0.18,4.17,2.48,0.0,1.0,8.0,2.06,1.0
0,0.0,0.0,0.0,0.26,0.8,1.17,0.0,0.0,0.0,0.61,1.0
1,0.0,5.078,1.71,0.12,1.43,0.94,0.0,1.0,18.0,0.55,1.0
1,3.0,0.0,0.26,0.59,-0.76,1.03,1.0,1.0,2.0,0.18,1.0
1,6.0,6.201,0.34,0.22,4.45,1.81,0.0,0.0,2.0,3.89,1.0
1,0.0,0.0,1.71,0.14,2.24,1.0,0.0,1.0,12.0,1.34,1.0
1,0.0,6.113,2.39,0.15,3.39,1.65,0.0,0.0,11.0,1.01,3.0
0,6.0,0.0,0.0,0.32,4.09,0.95,0.0,0.0,0.0,2.81,1.0
1,5.0,0.0,1.26,0.23,4.93,0.6,0.0,0.0,0.0,3.84,1.0
1,0.0,4.808,1.74,0.14,2.24,0.99,0.0,1.0,8.0,0.21,3.0
1,2.0,0.0,1.5,0.18,3.11,0.7,0.0,1.0,4.0,2.07,1.0
0,0.0,0.0,1.24,0.19,2.19,1.13,0.0,1.0,0.0,0.9,1.0
1,2.0,5.538,1.25,0.17,3.61,1.61,1.0,1.0,3.0,2.46,1.0
1,0.0,3.446,1.52,0.16,2.57,1.3,0.0,1.0,6.0,1.14,1.0
0,3.0,0.0,1.25,0.21,3.62,0.77,0.0,0.0,1.0,2.8,1.0
1,0.0,7.859,3.53,0.17,4.59,1.65,0.0,0.0,0.0,2.41,3.0
1,4.0,6.157,2.24,0.2,4.97,1.24,0.0,0.0,2.0,4.11,1.0
0,4.0,6.173,2.25,0.2,4.97,1.24,0.0,0.0,2.0,4.24,1.0
1,1.0,0.0,1.24,0.2,2.46,0.84,0.0,0.0,2.0,0.62,3.0
1,1.0,0.0,0.95,0.3,1.58,0.64,0.0,0.0,0.0,0.72,3.0
1,0.0,5.901,2.19,0.2,4.92,2.12,0.0,0.0,0.0,2.86,3.0
1,0.0,0.0,0.95,0.13,-0.23,0.39,0.0,1.0,0.0,0.24,1.0
1,2.0,0.0,1.49,0.18,3.11,0.69,0.0,1.0,4.0,2.23,1.0
1,2.0,6.329,2.38,0.2,4.58,2.67,0.0,0.0,12.0,2.65,3.0
1,0.0,0.0,1.21,0.2,2.51,1.49,0.0,1.0,0.0,0.52,3.0
1,0.0,0.0,1.79,0.15,1.4,0.78,0.0,1.0,0.0,0.23,1.0
1,0.0,3.056,1.31,0.17,1.68,1.6,1.0,1.0,3.0,1.23,2.0
0,0.0,0.0,1.23,0.18,1.51,0.69,0.0,1.0,0.0,0.26,1.0
0,1.0,0.0,0.24,0.29,-1.43,0.21,2.0,0.0,0.0,0.05,1.0
1,0.0,0.0,1.8,0.15,1.4,0.78,0.0,1.0,0.0,0.58,1.0
0,3.0,0.0,1.24,0.36,4.51,0.61,0.0,0.0,0.0,3.62,1.0
1,0.0,0.0,0.0,0.3,1.2,1.4,0.0,1.0,0.0,0.51,1.0
0,3.0,0.0,0.44,0.32,1.25,0.68,0.0,0.0,3.0,-0.25,3.0
1,0.0,1.946,0.12,0.31,4.17,2.97,0.0,0.0,2.0,2.4,3.0
1,0.0,6.64,2.47,0.15,2.22,1.45,1.0,0.0,5.0,1.3,1.0
1,4.0,0.0,1.26,0.23,4.63,0.61,0.0,0.0,0.0,3.52,1.0
1,3.0,0.0,1.26,0.21,3.31,0.66,0.0,1.0,0.0,2.0,1.0
1,4.0,0.0,1.26,0.21,3.62,0.64,0.0,1.0,0.0,2.21,3.0
1,4.0,0.0,1.25,0.24,4.63,0.6,0.0,0.0,0.0,3.36,1.0
1,3.0,0.0,1.25,0.21,3.31,0.65,0.0,1.0,0.0,2.36,1.0
1,3.0,0.0,1.25,0.22,3.31,0.65,0.0,1.0,0.0,2.04,1.0
0,4.0,0.0,1.25,0.36,5.21,0.6,0.0,0.0,0.0,3.7,1.0
1,3.0,0.0,1.25,0.22,3.31,0.65,0.0,1.0,0.0,2.33,1.0
1,2.0,6.711,2.33,0.58,6.2,2.06,0.0,0.0,0.0,3.14,1.0
0,1.0,5.58,2.08,0.14,3.08,1.74,2.0,1.0,6.0,2.79,3.0
0,0.0,3.85,0.9,0.26,3.97,3.58,0.0,0.0,7.0,2.66,3.0
1,0.0,0.0,1.36,0.15,1.7,0.77,0.0,0.0,4.0,1.0,1.0
0,1.0,5.704,1.72,0.2,4.0,2.79,2.0,1.0,5.0,2.35,3.0
1,2.0,5.596,1.79,0.21,4.6,2.15,0.0,1.0,0.0,1.97,1.0
0,0.0,6.094,2.29,0.15,4.18,2.28,1.0,1.0,6.0,1.65,3.0
0,3.0,0.0,1.25,0.23,4.37,0.82,0.0,0.0,0.0,3.78,2.0
1,1.0,7.079,3.18,0.15,3.47,2.55,0.0,1.0,11.0,0.69,3.0
0,0.0,4.676,1.26,0.23,3.49,2.17,0.0,0.0,2.0,0.63,3.0
0,0.0,4.078,0.29,0.22,1.02,2.84,1.0,1.0,10.0,0.21,1.0
1,4.0,7.156,2.49,0.17,4.09,1.23,0.0,0.0,4.0,3.35,3.0
1,0.0,3.434,0.0,0.27,3.87,3.39,0.0,0.0,14.0,3.99,3.0
0,7.0,8.186,3.27,0.19,5.69,1.19,0.0,0.0,2.0,3.45,3.0
1,0.0,4.716,1.08,0.25,3.83,3.57,0.0,1.0,1.0,3.03,1.0
1,3.0,0.0,0.0,0.74,1.82,0.14,0.0,0.0,0.0,0.96,1.0
1,1.0,0.0,0.24,0.74,-0.32,0.36,0.0,0.0,0.0,0.35,1.0
0,6.0,0.0,0.0,0.46,3.29,0.28,0.0,0.0,0.0,2.42,1.0
0,3.0,5.091,1.71,0.19,3.37,2.41,1.0,1.0,6.0,2.59,1.0
1,1.0,0.0,0.14,0.43,1.35,1.35,0.0,0.0,0.0,-0.55,3.0
1,1.0,6.517,2.46,0.17,4.22,2.87,0.0,1.0,13.0,3.29,3.0
1,0.0,0.0,0.22,0.27,-0.27,0.52,1.0,0.0,0.0,-0.11,1.0
1,2.0,6.576,2.38,0.19,4.28,2.72,0.0,1.0,13.0,2.7,3.0
1,1.0,5.548,1.34,0.23,2.96,2.66,2.0,1.0,4.0,2.71,1.0
1,4.0,0.0,1.26,0.21,3.91,0.77,0.0,0.0,1.0,3.69,1.0
0,0.0,0.0,1.23,0.19,2.19,1.12,0.0,1.0,0.0,0.86,1.0
0,1.0,6.501,2.31,0.14,3.41,2.04,0.0,1.0,6.0,1.23,3.0
1,3.0,6.263,2.3,0.2,5.47,1.23,0.0,0.0,0.0,4.33,1.0
1,0.0,6.654,2.98,0.16,4.25,3.3,0.0,1.0,16.0,3.6,3.0
0,6.0,6.551,2.35,0.2,4.8,1.4,0.0,0.0,4.0,2.1,3.0
0,1.0,4.123,1.3,0.18,2.38,1.4,0.0,0.0,3.0,0.48,3.0
1,2.0,3.056,1.31,0.2,3.08,1.37,1.0,1.0,2.0,1.94,1.0
1,0.0,0.0,0.0,0.35,3.12,1.5,0.0,0.0,0.0,0.63,1.0
1,3.0,0.0,0.0,0.61,2.23,0.36,0.0,0.0,0.0,0.59,3.0
0,0.0,5.9,1.93,0.17,3.65,2.75,1.0,1.0,10.0,1.76,1.0
1,2.0,6.981,2.54,0.17,2.83,1.85,1.0,1.0,14.0,0.78,3.0
1,3.0,6.055,2.03,0.22,4.27,1.89,0.0,0.0,2.0,2.5,3.0
1,0.0,6.08,2.21,0.16,2.37,2.48,1.0,1.0,7.0,2.33,3.0
0,4.0,5.901,2.15,0.21,5.85,1.44,0.0,0.0,0.0,4.3,1.0
1,1.0,3.726,1.22,0.23,2.89,2.13,0.0,1.0,0.0,1.93,1.0
1,4.0,4.343,1.19,0.31,2.85,1.56,0.0,1.0,6.0,1.87,3.0
0,3.0,5.671,1.48,0.35,1.02,1.52,1.0,1.0,4.0,0.41,3.0
0,0.0,0.0,1.23,0.27,4.91,2.95,0.0,0.0,7.0,4.16,1.0
1,1.0,4.5,0.69,0.27,2.3,3.71,0.0,1.0,9.0,0.93,3.0
0,1.0,6.278,2.38,0.15,2.99,1.4,0.0,1.0,6.0,3.46,2.0
1,1.0,0.0,1.36,0.17,2.3,0.75,0.0,0.0,4.0,1.0,3.0
0,2.0,7.199,3.33,0.16,5.07,1.6,0.0,1.0,0.0,2.39,1.0
1,4.0,4.345,1.11,0.42,1.57,2.79,0.0,1.0,12.0,2.94,1.0
1,1.0,5.951,2.28,0.17,1.67,2.0,2.0,1.0,12.0,0.0,3.0
1,0.0,6.634,3.12,0.16,4.34,2.03,0.0,1.0,0.0,3.13,1.0
0,2.0,7.557,3.25,0.17,3.93,1.24,0.0,0.0,2.0,3.01,3.0
0,2.0,0.0,0.0,1.58,1.6,0.14,0.0,0.0,0.0,0.53,1.0
1,2.0,0.0,0.0,0.91,1.36,0.14,0.0,0.0,0.0,1.22,2.0
0,2.0,0.0,0.54,0.75,-0.05,0.08,0.0,0.0,0.0,1.29,1.0
1,3.0,0.0,0.0,2.23,2.42,0.14,0.0,0.0,0.0,1.18,1.0
0,2.0,0.0,0.24,0.48,1.67,0.2,0.0,0.0,0.0,1.0,1.0
0,0.0,0.0,0.0,0.36,0.8,0.8,0.0,0.0,0.0,0.54,1.0
1,2.0,0.0,0.0,0.26,1.82,0.14,0.0,0.0,0.0,0.84,1.0
1,0.0,0.0,0.19,0.28,1.0,0.9,0.0,0.0,0.0,0.23,1.0
1,2.0,0.0,0.21,0.36,2.46,0.56,0.0,0.0,0.0,0.86,1.0
1,3.0,0.0,0.19,0.34,1.0,0.26,0.0,0.0,0.0,0.13,1.0
1,4.0,0.0,0.0,0.29,2.96,0.28,0.0,0.0,0.0,1.84,1.0
1,3.0,0.0,0.0,0.23,2.78,0.28,0.0,0.0,0.0,1.66,1.0
1,0.0,0.0,0.72,0.31,3.04,1.28,0.0,0.0,0.0,2.41,1.0
1,7.0,5.252,0.67,0.24,5.12,1.3,0.0,0.0,0.0,3.95,1.0
1,0.0,0.0,1.53,0.15,1.16,0.72,0.0,1.0,1.0,0.91,1.0
0,1.0,5.686,1.63,0.22,3.77,2.27,0.0,1.0,2.0,1.64,1.0
0,1.0,6.711,2.33,0.18,5.63,2.06,0.0,0.0,0.0,2.63,3.0
1,1.0,6.711,2.33,0.46,4.95,2.07,0.0,0.0,6.0,3.49,2.0
1,0.0,5.614,2.02,0.15,2.41,1.55,0.0,0.0,12.0,0.02,3.0
1,6.0,0.0,0.7,0.26,3.56,0.53,0.0,0.0,0.0,1.18,3.0
1,0.0,3.714,0.66,0.21,3.27,1.56,0.0,0.0,0.0,2.38,2.0
0,0.0,7.808,3.54,0.16,4.59,1.67,0.0,0.0,0.0,2.72,3.0
1,2.0,5.614,2.24,0.18,4.4,1.38,0.0,1.0,0.0,3.68,1.0
1,1.0,0.0,0.14,0.28,1.35,1.88,0.0,0.0,9.0,0.01,1.0
1,4.0,1.946,0.1,0.89,3.32,3.38,0.0,0.0,3.0,3.48,3.0
1,1.0,3.434,0.07,0.28,2.44,4.63,0.0,0.0,15.0,0.67,3.0
0,0.0,0.0,0.52,0.27,1.95,1.46,0.0,0.0,4.0,0.35,1.0
1,0.0,0.0,0.45,0.26,1.97,0.63,0.0,0.0,0.0,1.22,1.0
1,2.0,0.0,0.0,0.5,2.23,0.62,0.0,0.0,0.0,0.71,1.0
1,3.0,0.0,0.0,0.53,2.23,0.33,0.0,0.0,0.0,0.62,1.0
1,3.0,0.0,0.32,0.41,2.08,0.2,0.0,0.0,0.0,1.16,1.0
1,1.0,6.711,2.33,0.27,4.95,2.07,0.0,0.0,6.0,2.85,3.0
0,2.0,5.58,2.03,0.19,1.21,1.79,2.0,1.0,10.0,-0.1,3.0
1,4.0,0.0,0.0,0.5,2.6,0.3,0.0,0.0,0.0,1.07,1.0
1,0.0,0.0,0.41,0.23,0.73,0.8,0.0,1.0,0.0,0.62,1.0
1,1.0,5.536,1.49,0.16,5.87,2.32,0.0,0.0,9.0,3.48,3.0
0,2.0,7.01,2.57,0.13,4.48,1.62,0.0,1.0,8.0,3.01,1.0
1,0.0,0.0,0.17,0.25,3.37,1.77,0.0,0.0,0.0,2.98,1.0
1,0.0,5.901,2.1,0.18,3.31,1.84,0.0,0.0,2.0,1.52,3.0
1,0.0,5.03,1.85,0.2,4.31,2.46,0.0,0.0,8.0,2.75,3.0
1,0.0,6.297,3.05,0.19,4.77,3.41,0.0,0.0,8.0,3.6,3.0
0,0.0,5.211,1.69,0.18,3.72,2.28,0.0,1.0,20.0,3.09,1.0
0,1.0,6.771,2.59,0.19,1.44,1.18,0.0,1.0,9.0,0.53,1.0
1,1.0,5.053,1.24,0.2,2.68,1.72,1.0,1.0,3.0,1.6,1.0
1,0.0,8.117,3.72,0.15,4.18,1.76,0.0,0.0,5.0,2.12,3.0
1,2.0,5.765,2.18,0.18,1.91,2.14,2.0,1.0,7.0,0.11,1.0
0,1.0,7.063,2.67,0.15,3.42,1.45,0.0,0.0,10.0,2.36,1.0
1,0.0,7.063,2.67,0.14,2.84,1.49,0.0,1.0,10.0,2.03,1.0
1,0.0,6.124,2.06,0.17,2.6,3.01,1.0,1.0,9.0,1.85,3.0
0,1.0,5.557,1.3,0.21,2.25,3.66,1.0,1.0,8.0,1.95,3.0
1,1.0,6.591,2.48,0.18,5.4,2.99,0.0,0.0,10.0,3.78,1.0
1,5.0,0.0,1.49,0.19,4.29,0.67,0.0,1.0,4.0,2.74,3.0
1,0.0,6.565,2.38,0.19,4.23,1.65,0.0,0.0,0.0,3.0,1.0
1,1.0,5.711,2.25,0.17,1.77,2.19,2.0,1.0,11.0,0.2,3.0
0,2.0,5.597,2.16,0.14,3.99,1.54,2.0,1.0,5.0,2.81,1.0
1,0.0,6.87,3.48,0.13,4.24,2.1,1.0,1.0,6.0,3.11,1.0
1,0.0,7.808,3.55,0.17,4.59,1.67,0.0,0.0,0.0,3.18,1.0
1,0.0,6.816,2.35,0.17,3.96,1.47,0.0,0.0,0.0,2.92,1.0
1,1.0,3.446,1.22,0.21,2.59,2.01,0.0,1.0,0.0,1.52,1.0
0,1.0,0.0,1.51,0.17,2.84,0.92,0.0,1.0,6.0,1.99,1.0
1,0.0,7.606,2.65,0.15,1.94,2.96,0.0,0.0,18.0,1.41,3.0
0,0.0,7.15,2.65,0.15,3.4,2.03,0.0,0.0,10.0,1.6,3.0
1,0.0,6.97,2.67,0.14,2.89,1.46,0.0,0.0,10.0,2.0,1.0
1,0.0,5.089,1.42,0.19,3.62,3.02,0.0,0.0,16.0,2.23,3.0
1,1.0,6.791,2.57,0.19,1.44,1.15,0.0,0.0,12.0,1.11,2.0
1,0.0,7.71,3.53,0.16,4.33,1.47,0.0,0.0,0.0,3.36,1.0
1,1.0,6.673,2.14,0.28,5.39,2.09,0.0,1.0,0.0,2.4,1.0
1,0.0,5.833,2.29,0.17,4.09,2.76,0.0,0.0,17.0,1.01,3.0
1,0.0,5.614,2.13,0.15,3.22,1.4,1.0,1.0,4.0,1.41,3.0
1,3.0,6.076,1.8,0.36,0.91,1.5,1.0,1.0,2.0,1.54,1.0
0,0.0,6.545,2.48,0.17,4.15,1.44,0.0,0.0,0.0,2.77,1.0
1,0.0,7.233,3.24,0.15,2.86,1.31,0.0,1.0,0.0,2.18,1.0
1,0.0,6.589,2.48,0.16,2.79,1.36,0.0,0.0,4.0,0.29,3.0
1,0.0,4.881,1.28,0.17,1.87,2.69,1.0,1.0,10.0,2.52,2.0
1,0.0,1.099,0.15,0.36,4.68,2.33,0.0,0.0,0.0,3.22,3.0
1,1.0,0.0,1.23,0.2,2.19,0.82,0.0,0.0,2.0,1.32,1.0
1,3.0,0.0,1.25,0.21,3.62,0.77,0.0,0.0,1.0,2.84,1.0
1,3.0,0.0,1.25,0.23,4.06,0.62,0.0,0.0,0.0,2.89,1.0
1,2.0,0.0,1.25,0.2,2.73,0.64,0.0,0.0,1.0,1.17,1.0
0,6.0,0.0,0.65,0.32,3.66,0.4,0.0,0.0,0.0,3.82,1.0
1,5.0,0.0,1.27,0.23,5.21,0.8,0.0,0.0,0.0,3.83,1.0
1,6.0,0.0,1.27,0.37,6.0,0.59,0.0,0.0,0.0,3.0,3.0
1,5.0,0.0,1.27,0.34,5.87,0.8,0.0,0.0,0.0,2.45,3.0
1,6.0,0.0,0.0,0.47,4.76,0.95,0.0,0.0,0.0,2.43,3.0
1,5.0,0.0,1.27,0.21,3.91,0.6,0.0,0.0,1.0,2.67,3.0
0,4.0,0.0,1.49,0.19,4.0,0.68,0.0,1.0,4.0,1.9,3.0
0,3.0,0.0,1.25,0.21,3.31,0.62,0.0,0.0,1.0,1.92,3.0
0,1.0,0.0,1.47,0.24,0.78,0.97,0.0,1.0,6.0,0.29,1.0
1,1.0,3.726,1.21,0.23,2.89,2.07,0.0,1.0,0.0,1.95,3.0
1,0.0,0.0,1.51,0.16,2.24,0.93,0.0,1.0,6.0,1.3,1.0
1,1.0,0.0,1.51,0.16,2.51,0.72,0.0,1.0,4.0,1.44,1.0
1,0.0,0.0,1.51,0.13,1.35,0.73,0.0,1.0,5.0,1.17,1.0
1,0.0,3.894,1.63,0.16,2.7,1.83,0.0,1.0,11.0,1.14,3.0
1,0.0,0.0,1.83,0.11,1.54,0.86,0.0,1.0,13.0,0.1,1.0
1,1.0,0.0,1.5,0.18,2.84,0.91,0.0,1.0,6.0,1.92,1.0
1,2.0,0.0,1.5,0.18,3.11,0.7,0.0,1.0,4.0,2.05,1.0
0,1.0,0.0,1.5,0.16,1.97,0.74,0.0,1.0,4.0,1.06,3.0
1,3.0,0.0,1.49,0.19,3.7,0.68,0.0,1.0,4.0,1.84,1.0
0,1.0,6.865,2.23,0.44,5.27,2.4,0.0,0.0,9.0,3.4,2.0
1,0.0,6.29,2.38,0.18,3.68,1.26,0.0,0.0,0.0,1.73,3.0
1,0.0,7.15,3.37,0.16,4.28,1.75,0.0,1.0,0.0,3.28,1.0
1,0.0,5.837,2.31,0.16,3.13,1.32,0.0,1.0,0.0,1.44,1.0
1,0.0,5.837,2.31,0.16,3.13,1.29,0.0,0.0,3.0,1.34,3.0
1,0.0,6.188,2.19,0.18,3.42,2.18,0.0,1.0,4.0,1.52,3.0
1,0.0,4.239,1.85,0.15,1.4,0.79,0.0,1.0,0.0,0.55,1.0
1,0.0,2.565,0.0,0.29,4.43,2.28,0.0,0.0,0.0,3.37,1.0
1,0.0,6.136,1.25,0.21,3.56,1.56,0.0,0.0,0.0,2.15,1.0
1,0.0,6.136,2.37,0.16,2.07,0.99,0.0,1.0,0.0,0.49,3.0
1,0.0,3.446,1.52,0.14,1.7,0.89,0.0,1.0,5.0,0.6,1.0
1,0.0,6.29,2.37,0.18,3.68,1.26,0.0,0.0,0.0,2.49,1.0
1,1.0,6.29,2.37,0.18,3.95,1.04,0.0,0.0,0.0,3.63,2.0
1,0.0,0.0,1.17,0.19,2.81,1.86,0.0,1.0,0.0,2.04,1.0
1,2.0,6.477,2.28,0.18,3.59,1.31,0.0,1.0,0.0,2.23,1.0
1,0.0,7.066,2.51,0.17,2.24,2.99,2.0,1.0,6.0,-0.03,3.0
1,0.0,0.0,0.0,0.1,1.59,0.45,0.0,0.0,0.0,0.32,1.0
1,0.0,5.732,2.28,0.17,3.88,1.29,0.0,0.0,0.0,2.64,1.0
1,0.0,5.932,2.27,0.16,3.13,1.28,0.0,0.0,1.0,1.64,1.0
0,0.0,6.711,2.5,0.14,2.72,1.16,0.0,0.0,6.0,0.46,3.0
1,0.0,7.17,3.29,0.15,3.92,1.85,1.0,1.0,6.0,0.76,3.0
1,1.0,6.711,2.48,0.2,2.86,1.33,0.0,1.0,0.0,2.61,1.0
1,2.0,6.196,2.27,0.24,5.2,1.25,0.0,0.0,0.0,3.96,1.0
1,0.0,7.059,3.22,0.17,5.17,1.9,0.0,0.0,0.0,1.77,3.0
1,4.0,0.0,1.26,0.21,3.62,0.61,0.0,0.0,1.0,2.15,1.0
0,3.0,4.343,1.31,0.19,3.2,1.17,0.0,0.0,3.0,1.76,3.0
0,3.0,4.239,1.33,0.19,2.91,0.91,0.0,0.0,3.0,1.38,3.0
1,4.0,0.0,1.26,0.21,3.91,0.77,0.0,0.0,1.0,3.34,1.0
0,4.0,0.0,1.26,0.21,3.91,0.77,0.0,0.0,1.0,3.51,1.0
0,1.0,5.741,1.57,0.19,3.77,2.35,0.0,1.0,5.0,1.45,1.0
1,3.0,3.726,1.2,0.57,2.72,1.94,0.0,0.0,2.0,1.89,3.0
1,4.0,2.151,1.27,0.19,3.31,0.94,0.0,0.0,4.0,4.4,2.0
0,0.0,5.55,2.32,0.13,1.37,0.89,0.0,1.0,4.0,0.32,1.0
0,0.0,2.89,0.12,0.29,2.46,2.85,1.0,1.0,2.0,0.29,3.0
1,1.0,3.992,1.32,0.18,2.09,1.13,0.0,0.0,3.0,0.0,3.0
1,2.0,3.992,1.32,0.18,2.35,0.92,0.0,0.0,3.0,-0.5,3.0
1,4.0,3.555,0.54,0.45,-0.27,1.12,1.0,1.0,1.0,0.72,1.0
1,1.0,0.0,2.08,0.21,1.5,0.78,0.0,1.0,0.0,0.8,1.0
1,3.0,0.0,0.11,0.64,2.68,2.83,0.0,0.0,9.0,2.34,1.0
1,0.0,0.0,1.24,0.21,2.94,1.06,0.0,0.0,0.0,1.15,3.0
0,0.0,0.0,1.24,0.18,1.86,0.86,0.0,0.0,1.0,1.03,1.0
0,1.0,0.0,1.24,0.22,3.21,0.85,0.0,0.0,0.0,1.86,1.0
1,2.0,0.0,1.24,0.22,3.48,0.63,0.0,0.0,0.0,2.47,1.0
1,1.0,0.0,1.24,0.19,2.13,0.68,0.0,1.0,0.0,0.93,1.0
1,1.0,0.0,1.24,0.23,2.3,0.65,0.0,0.0,1.0,1.52,1.0
1,1.0,0.0,1.24,0.19,2.13,0.65,0.0,0.0,1.0,1.21,1.0
1,0.0,0.0,1.24,0.22,3.26,1.26,0.0,0.0,0.0,2.17,1.0
1,0.0,0.0,1.24,0.2,2.19,1.09,0.0,1.0,0.0,0.8,1.0
0,1.0,0.0,1.24,0.2,2.46,0.88,0.0,1.0,0.0,1.37,1.0
0,2.0,0.0,1.24,0.21,2.73,0.66,0.0,1.0,0.0,1.13,1.0
1,2.0,0.0,1.24,0.2,2.73,0.63,0.0,0.0,1.0,1.75,1.0
0,0.0,0.0,1.24,0.2,2.19,1.09,0.0,1.0,0.0,0.54,1.0
1,0.0,0.0,1.24,0.18,1.25,0.92,0.0,1.0,0.0,1.45,2.0
1,2.0,0.0,1.24,0.21,2.73,0.66,0.0,1.0,0.0,1.24,1.0
1,4.0,0.0,1.25,0.24,4.63,0.6,0.0,0.0,0.0,3.57,1.0
1,3.0,0.0,1.25,0.21,3.31,0.62,0.0,0.0,1.0,2.6,1.0
1,5.0,4.931,1.36,0.24,4.46,1.27,0.0,0.0,8.0,1.63,3.0
1,3.0,0.0,0.0,0.63,2.96,0.52,0.0,0.0,0.0,1.11,3.0
1,3.0,0.0,0.0,0.43,2.6,0.52,0.0,0.0,0.0,1.07,1.0
0,1.0,4.799,1.24,0.22,2.88,2.71,0.0,1.0,11.0,-0.35,3.0
1,0.0,0.0,0.31,0.24,0.59,0.97,0.0,1.0,1.0,0.44,1.0
1,1.0,0.0,0.22,0.23,-0.67,0.67,2.0,1.0,0.0,-0.02,1.0
1,2.0,5.904,1.74,0.25,4.75,2.86,1.0,1.0,4.0,1.68,3.0
1,1.0,6.692,2.3,0.24,5.47,3.23,0.0,0.0,10.0,0.82,3.0
1,0.0,0.0,1.22,0.26,3.92,2.18,0.0,0.0,4.0,2.46,3.0
1,0.0,0.0,1.68,0.12,1.43,0.83,0.0,1.0,9.0,0.47,1.0
1,0.0,0.0,1.49,0.14,1.18,0.92,0.0,1.0,5.0,0.79,1.0
0,2.0,6.157,2.3,0.18,3.84,1.44,0.0,0.0,4.0,2.19,3.0
1,0.0,0.0,1.19,0.13,3.37,0.78,0.0,0.0,0.0,1.67,1.0
1,1.0,0.0,1.45,0.24,0.43,0.76,0.0,1.0,4.0,0.52,1.0
1,1.0,0.0,1.2,0.15,3.95,0.76,0.0,0.0,0.0,2.34,2.0
1,0.0,0.0,1.19,0.24,2.81,1.42,0.0,0.0,1.0,1.79,1.0
0,0.0,0.0,1.32,0.22,2.95,1.52,0.0,0.0,4.0,0.5,3.0
1,0.0,0.0,1.2,0.23,3.26,1.36,0.0,0.0,0.0,1.55,3.0
0,0.0,0.0,1.36,0.2,3.17,1.05,0.0,0.0,0.0,1.89,1.0
1,3.0,2.197,0.23,0.42,0.64,2.35,1.0,1.0,7.0,0.5,1.0
1,0.0,0.0,1.5,0.15,1.89,0.73,0.0,1.0,4.0,0.66,1.0
1,0.0,0.0,1.49,0.16,2.24,0.92,0.0,1.0,4.0,1.02,1.0
1,2.0,0.0,1.48,0.17,2.57,0.73,0.0,1.0,4.0,1.88,1.0
0,1.0,6.564,2.37,0.16,3.77,2.28,0.0,1.0,3.0,2.59,2.0
1,0.0,0.0,1.71,0.13,1.89,0.79,0.0,1.0,8.0,0.77,1.0
0,0.0,0.0,1.19,0.21,2.81,1.69,0.0,0.0,1.0,1.35,3.0
0,0.0,0.0,1.49,0.16,2.24,0.92,0.0,1.0,4.0,0.91,1.0
1,0.09387329008129175,1.2558916199473296,0.2486064074113697,0.24249013679349665,0.8970944563446993,1.9695161267870045,0.9061267099187083,1.0,3.0938732900812917,1.7450197264130067,2.0
0,1.0,6.631819023252536,2.3391432998553654,0.4033115408967347,4.5915826456696776,1.947479781938104,0.0,0.18286599710730733,6.0,3.484514020086781,2.0
1,1.0,5.456023629058795,1.2785001803458378,0.2286922799467942,3.165382395743536,3.0304987375791357,0.0,0.0,10.0,4.010535714732625,2.0
0,2.6382705938433504,6.543633142236393,2.3836172940615663,0.19638270593843352,4.83466612067541,1.0208518821846995,0.0,0.0,0.0,4.198493180059744,2.0
1,6.0,6.56153428023765,2.3689982245544057,0.21,6.47,1.2048330374257343,0.0,0.0,0.0,5.626344577822095,2.0
1,0.0,0.0,1.23,0.16342888671499833,0.7454355077299634,0.6542888671499834,0.0,1.0,0.0,0.9611356055550384,2.0
1,0.43567289867789105,0.7821573624324429,0.7168718711887108,0.21514616810576873,1.5054977596466461,1.4944146708377315,0.564327101322109,1.0,3.435672898677891,1.7997076637884626,2.0
0,6.0,6.647334417048222,2.3265019658280908,0.21,6.47,1.197300393165618,0.0,0.0,0.0,5.904296461509436,2.0
1,0.09543225538329758,0.0,1.1803752272006853,0.16763458043066382,0.6857463221382442,0.6133197421231692,0.0,0.9522838723083512,0.0,1.0266394842463384,2.0
0,0.5660372104940763,4.954829907614331,1.360943348944467,0.2083018605247038,2.17075423365455,2.4726409315434843,0.4339627895059237,1.0,3.1320744209881526,1.8837731173397279,2.0
1,4.206767761787545,6.574644700895666,3.274007919087296,0.18682707104715018,3.081549115394813,2.2524961527740954,1.8413535523575089,1.0,12.524060657072527,1.9983607975383444,2.0
0,8.0,6.846991767609718,2.346008232390282,0.21,6.93,1.18,0.0,0.0,0.0,5.8112016464780565,2.0
1,0.0,3.199350689314036,0.06,0.1,4.962735353310455,1.2855556433268678,0.0,0.0,2.0,2.906409750037301,2.0
1,6.908200934186558,6.713443107431455,2.3309179906581345,0.21,6.678886214862908,1.1918359813162689,0.0,0.0,0.0,6.033378270914102,2.0
1,0.09415698826856012,0.0,1.2390584301173144,0.1809415698826856,1.2368180216424016,0.887045054106004,0.0,1.0,0.0,1.4104540649272048,2.0
0,2.0657600718261175,0.7171848515281505,0.8825322949182729,0.18640213668521882,4.3077173381217415,0.8978533273478235,0.0,0.0,0.6228266187825884,3.5744672158017456,2.0
0,1.0,5.849247581819496,1.4170062612441479,0.21471257841705302,1.743762096962569,2.184507683703268,0.0,0.0,9.979510528621509,2.18540694450933,2.0
0,8.0,6.760117174034246,2.39,0.21,6.93,1.18,0.0,0.0,0.0,5.8694801838066395,2.0
0,0.0,3.736584010010583,0.6841971535827679,0.20914194490841248,3.266911001670285,1.559656777963365,0.0,0.017161101831750236,0.0,2.3571757345637723,2.0
1,0.0,3.740676296193857,0.047633644230039116,0.1,5.8657944712451116,1.5646542307984357,0.0,0.0,2.0,3.6493084615968714,2.0
1,1.8069129770507795,0.0,0.23170442753906462,0.7632538625585924,1.8600953894384813,0.25971395422851673,0.0,0.0,0.0,1.436257465703127,2.0
1,0.0,0.0,1.233463043210894,0.173463043210894,1.0146695555921843,0.7892608642178801,0.0,1.0,0.0,1.0316347654972164,2.0
1,0.4646738129396114,3.0039565329507636,0.9103805208719342,0.22111411942335726,2.40953788631519,2.008912955386858,1.0,1.0,2.070652374120777,1.6900270748102153,2.0
0,1.3502263173572366,1.0310662782997047,0.0,1.0850226317357237,4.468145004468124,4.620769479014605,0.0,0.0,4.05067895207171,3.9445158422150066,2.0
1,1.9038821516059325,0.0,0.23998128116491507,0.31231057212847463,0.9841405550149789,0.4867282493875847,0.0,0.048058924197033726,0.0,0.7734564987751694,2.0
1,0.0,3.028468939826708,0.05847437194774158,0.1,4.846126622375527,1.2610251220903368,0.0,0.0,2.0,3.361859298693539,2.0
0,0.2266392254039049,4.922474978248915,1.3015307264133709,0.17226639225403906,1.839403704570473,2.5086886196768763,1.0,1.0,9.660041161894142,2.411213171806126,2.0
1,6.0,6.561697191893869,2.3843463825994973,0.21,6.47,1.21,0.0,0.0,0.0,5.5187038319361825,2.0
0,1.0,6.704373134054264,2.330765227014519,0.45525559250998077,4.920003101030846,2.059745958005442,0.0,0.01530454029038475,6.0,3.4895408637912886,2.0
0,6.0,6.604739923717087,2.3439938215152307,0.21,6.47,1.200665636919205,0.0,0.0,0.0,5.850046338635767,2.0
0,5.50103988391526,6.5297589310949,2.3199584046433896,0.21,6.350249572139663,1.2049896011608474,0.0,0.0,0.0,5.5307279187406815,2.0
0,0.4606225515999375,5.883072965563084,2.4431042667959493,0.16460622551599938,2.3714288195040973,1.3649634303920237,0.0,1.0,0.0,1.478378972987942,2.0
0,1.0,6.664499521331391,2.531178477606948,0.1631603623060186,3.062078843451836,1.9260394217259178,0.0,1.0,2.0518913081944232,2.397217899332866,2.0
1,5.615851164389914,6.501072781644827,2.377682976712202,0.21,6.37780427945358,1.2038414883561008,0.0,0.0,0.0,5.259571350004637,2.0
0,0.05610839543924284,4.759279252079832,1.3694748991655974,0.17887783209121513,1.7689497983311946,1.8741266100388745,0.9438916045607572,1.0,2.0561083954392427,1.4478911584814838,2.0
1,0.0,2.965630380315435,0.06,0.1,4.6856442653224235,1.2072472923737283,0.0,0.0,2.0,3.3581886978438753,2.0
1,0.0,0.0,1.23132801066445,0.16265602132889992,0.7470246185380979,0.6598403199334989,0.0,1.0,0.0,1.0944484372424486,2.0
1,0.0,3.8583057750878513,0.04727192805107977,0.1,6.201886115658219,1.6736579426208462,0.0,0.0,2.0,3.674609791888078,2.0
1,0.0,0.0,1.23,0.161990507053176,0.7137911551698721,0.63990507053176,0.0,1.0,0.0,0.994218337776952,2.0
0,1.3228316576170183,5.945160560996854,2.0862231915685134,0.16291326630468073,2.541263995912345,1.2999221861387242,0.32283165761701826,1.0,6.3228316576170185,2.846619850527665,2.0
1,1.0,5.837188628491974,1.796768651245102,0.32812558041545536,3.5853864408207987,2.5745629966713013,0.0,0.5733670416719333,4.853265916656134,2.7904922091602415,2.0
0,0.12850035323391018,4.432521396676481,1.1994896962188373,0.192850035323391,1.8556005651742562,1.9309552225373634,1.0,1.0,1.8714996467660898,1.4879402967164845,2.0
0,1.0,5.446971848634524,1.583131948566077,0.21678429237152022,2.7965549879167964,2.8235067984131224,0.0,1.0,3.8112041767360028,2.330414663444479,2.0
1,0.17936052425604465,2.4159626165902046,0.04923836854463732,0.2703924980432424,4.446560976135307,1.5999739690909793,0.0,0.0,2.1793605242560448,3.493267472613143,2.0
0,5.0,6.428159767793758,2.358703016494921,0.21,6.23,1.21,0.0,0.0,0.0,5.198082595462974,2.0
0,1.0,3.954551178439769,1.4365091296630417,0.22383841593941411,2.185981693104157,1.170280483744045,0.0,0.17957315622873193,6.820426843771268,2.8857012093601124,2.0
0,0.34851522814221203,5.429188958757132,1.857168908183273,0.17651484771857787,1.6081781726229345,1.6095244925818737,0.651484771857788,1.0,1.302969543715576,1.5891091368853272,2.0
1,0.7933156401232546,5.316530286427667,1.2720668435987674,0.21759893840739528,2.9806418961725565,3.0073262560493017,0.20668435987674538,0.20668435987674538,10.0,3.8051713369996722,2.0
0,1.0,6.3563528824138436,2.3772603887267887,0.15273961127321134,3.2036896793104845,1.6410857920425976,0.0,1.0,5.178116618036599,3.2216538192306134,2.0
1,1.214589119708374,0.0,1.006827315503291,0.21789658556208863,1.0863951968320789,0.5506869792262463,0.0,0.7854108802916259,0.0,0.972060937678739,2.0
0,1.0,5.706485757604923,1.7659413107311366,0.2035918641740417,3.0227108998735708,2.6972364142372562,0.0,1.0,3.622740916772024,2.390722906632952,2.0
1,0.0,3.600129286085445,0.05038963132310234,0.1,5.552466590460395,1.4645451614765672,0.0,0.0,2.0,3.4284398628287107,2.0
1,0.7634922313242143,0.0,0.8391665785547875,0.233444456192695,1.1545634710844732,0.7520317091086729,0.0,0.6182538843378929,0.0,1.186595180193146,2.0
0,1.0,4.3991215365648735,1.6170373471220354,0.2097101206600146,2.339823130590952,1.2142351801688434,0.0,0.3365542148887265,6.663445785111273,2.9955879504221086,2.0
0,1.6557226353807422,6.581023310360239,2.558695908663436,0.18311445270761484,3.4709390007269967,1.081313283754311,0.0,0.34427736461925784,0.0,3.1668579700391435,2.0
1,0.614603379034435,5.4630293999456105,1.3537524054841321,0.1945841351613774,1.747079324193113,2.376552276692438,0.38539662096556504,0.38539662096556504,10.0,2.2987427835476035,2.0
0,3.0,1.4661510019604707,1.256816136689728,0.2027354532410884,3.456637683576462,0.9017936402767347,0.0,0.0,2.726454675891159,3.5891481726876187,2.0
1,0.68124913892848,0.0,0.8823442020625479,0.2276874397249936,1.16484385763394,0.7701251894357344,0.0,0.65937543053576,0.0,1.2149690470696743,2.0
1,8.0,6.7775908418800626,2.3769652735882048,0.21,6.93,1.18,0.0,0.0,0.0,5.861751383023487,2.0
1,6.0,6.584809797806083,2.355118876371198,0.21,6.47,1.204960374542934,0.0,0.0,0.0,5.654088614487483,2.0
1,0.3071096413080606,2.117472936162567,1.365279735435451,0.17,1.9349010022856903,1.3266724192358261,0.6928903586919394,1.0,3.3071096413080605,1.43269236326332,2.0
1,0.0,4.314358125586126,0.036516633955468024,0.1,7.342504906679796,2.054618400360195,0.0,0.0,2.0,3.699178066830352,2.0
0,5.9366481518557075,6.598420241359903,2.34,0.21,6.45479555644537,1.200633518481443,0.0,0.0,0.0,5.851491668335068,2.0
1,1.9216273466487075,0.0,0.04819918181104489,0.8806102549932653,1.3329614345938041,0.1588094368043102,0.0,0.039186326675646255,0.0,1.2129464611983836,2.0
1,2.7461619048532637,1.2519980857797899,0.739208539721215,0.5494335872753977,3.376871365074493,1.9806856189717912,0.0,0.0,3.5820539682844212,4.1993859047765225,2.0
0,1.0,6.292037621191732,2.3783790275760124,0.16005002902872323,3.053542119020315,1.421721030481434,0.0,0.9675805515202475,6.0,3.4609725834543927,2.0
1,1.0959437664961746,0.0,0.6601092414219891,0.24767550131969396,0.8508307214718689,0.5432839363452677,0.0,0.4520281167519127,0.0,0.8865678726905356,2.0
1,0.0,2.348803526345442,0.8060695786533391,0.2038776753846495,1.2777026048072873,1.8117354711540594,1.0,1.0,3.0,1.4417354711540593,2.0
0,6.0,6.581385298159997,2.365888782975002,0.21,6.47,1.2043147971625003,0.0,0.0,0.0,5.685834127687481,2.0
0,1.5759245752580846,6.366597968509326,2.3815184915051617,0.18575924575258085,4.260999270639366,1.04,0.0,0.0,0.0,3.7221479320412936,2.0
1,0.0,0.0,1.23,0.16,0.8309625061659209,0.6712153428709747,0.0,1.0,0.7316477552996402,1.1716965959539352,2.0
0,1.0,5.326309494799911,1.525135934834016,0.21978482164620275,2.6236296863574355,2.7520809193951785,0.0,1.0,4.255379458844931,2.421950778012734,2.0
0,1.7499835507838952,3.8858119641970665,0.5825383266735239,0.9774886500408877,5.977477464573937,5.639921701731342,0.0,0.0,6.0,3.864991775391948,2.0
0,0.41945598765609016,5.587386852473081,1.9685459006200614,0.1758054401234391,1.599665281481269,1.5605753685172978,0.5805440123439098,1.0,1.1610880246878197,1.631673592593654,2.0
1,0.0,3.046320212448514,0.13973003567416675,0.11461717320693057,4.475292084021514,1.2478380214045,0.0,0.0,1.7342332144194441,3.2644589393539163,2.0
1,6.0,6.5520101329257,2.3868560007643134,0.21,6.47,1.2056186669214377,0.0,0.0,0.0,5.478194663864185,2.0
1,0.0,2.657543244150132,1.0260697368494953,0.18908774878322723,1.4533329831991768,1.7192984298951701,1.0,1.0,3.0,1.34929842989517,2.0
1,6.0,6.588510065913615,2.359209313205985,0.21,6.47,1.21,0.0,0.0,0.0,5.661147225166083,2.0
1,0.2600912395526255,1.025513541980061,0.4763249981870967,0.22919270083578996,1.1929624064036732,1.7384731770218507,0.7399087604473745,1.0,3.2600912395526254,1.77161459832842,2.0
1,0.0,3.036435627132744,0.06,0.1,4.76958863010583,1.2309706998125174,0.0,0.0,2.0,3.2213228856970155,2.0
1,1.7554577723525897,0.8124948341652102,0.4759383965821315,0.7251531578883864,3.3037992900824302,2.489455073421026,0.0,0.0,3.377728886176295,3.761353867805956,2.0
1,3.4656725264694366,2.151,1.2646567252646943,0.19,3.1603883074114423,0.94,0.0,0.0,4.0,3.919105273822493,2.0
1,2.006877618633845,2.7940467419345856,1.2451031642795076,0.21482805953415388,2.5235075855032605,1.029381014322954,0.0,0.0,5.489683572049233,3.1325447188945224,2.0
0,0.38961808621920346,5.520918788636196,2.186885425865761,0.16779236172438408,3.425071554148515,1.3451909568903984,0.0,0.6103819137807965,0.0,2.055214662445545,2.0
1,0.0,2.6923068082581785,0.06404729650981379,0.09297635174509311,4.586689244313035,1.1890540698037244,0.0,0.0,2.0,3.2211959593331656,2.0
1,6.0,6.604200725416231,2.342999546614856,0.21,6.47,1.1909998488716185,0.0,0.0,0.0,5.558000302256763,2.0
1,2.893029406505262,2.0359531266964095,1.272301618251895,0.18893029406505263,3.002187645691368,0.9276983817481051,0.0,0.053485296747368904,4.0,3.413888672236736,2.0
1,6.0,6.578326672099737,2.34,0.21,6.47,1.1995854149688319,0.0,0.0,0.0,5.7996353742207996,2.0
1,0.0,3.3746470627973304,0.058471431440955894,0.1,5.188785585156984,1.3513999598266175,0.0,0.0,2.0,2.7738140532825724,2.0
1,0.0,3.86549340748733,0.047098103809254416,0.1,6.216661176213375,1.678351197150131,0.0,0.0,2.0,3.6886026433550194,2.0
1,0.9568008851264563,6.708489690591532,2.5142731418131286,0.18913601770252914,1.4585756193956239,1.2165266369052572,0.043199114873543665,0.043199114873543665,11.913601770252912,1.1709107519716966,2.0
0,1.0,6.571041368615724,2.346161504778785,0.359798670371534,4.316469012671635,1.853435835964283,0.0,0.3232300955756967,6.0,3.480303097132729,2.0
0,2.5174790503573576,6.520803540517541,2.3848252094964266,0.1951747905035736,4.769438687192974,1.0244756284892793,0.0,0.0,0.0,4.1211865922287085,2.0
1,0.506974342228195,0.6833335616717217,0.8145548488526272,0.2094420526217444,1.632414329166187,1.3953056643028088,0.49302565777180496,1.0,3.506974342228195,1.8111158947565111,2.0
1,0.08328441119525964,0.0,0.12409377268093687,0.1791671558880474,1.1074251491287472,1.690885680021072,0.0,0.08328441119525964,7.666862355218962,1.1107917495159707,2.0
1,0.0,3.407839329782764,0.058165917054830374,0.1,5.275897050339418,1.3795202395195798,0.0,0.0,2.0,2.7976436770861546,2.0
0,5.0,6.419709685741659,2.34,0.21,6.23,1.21,0.0,0.0,0.0,5.2793897685247195,2.0
1,0.8925938953083985,0.0,0.6865917849087929,0.5057967717875655,1.299092664241962,0.5718883808297246,0.0,0.5537030523458008,0.0,1.3473517020395342,2.0
1,0.787272104975771,0.0,1.2321272789502422,0.18787272104975772,1.1397819053033922,0.6444547632584801,0.0,1.0,0.0,1.119345715910176,2.0
1,0.1076109142366195,0.0,1.1740423245969578,0.17807081856774648,0.8959186002830141,0.7070866902916056,0.0,0.9461945428816902,0.0,0.8073097271440846,2.0
1,1.437407899057595,2.985424181903244,0.36932250246282905,0.13530927646701582,3.694101642900522,1.1275110521130887,0.0,0.0,3.2187039495287975,3.6796980916083766,2.0
1,6.0,6.566446300896837,2.3665960619394766,0.21,6.47,1.1988653539798255,0.0,0.0,0.0,5.542269292040349,2.0
0,1.0,6.318544614961559,2.369639365853094,0.17003055935068512,3.147481639032973,1.4690708943127073,0.0,0.9309291056872926,6.207212682938122,3.4558557463412374,2.0
0,1.1030071658623593,6.865746801952502,2.2665675438811377,0.43356205213360255,5.2195264887274435,2.394077087962914,0.051503582931179626,0.025751791465589813,9.103007165862358,3.361372312801615,2.0
0,5.0,6.405,2.3897965621015165,0.21,6.23,1.21,0.0,0.0,0.0,4.811505440448778,2.0
1,0.05587115467735004,0.0,1.23,0.16167613464032052,0.694583308058034,0.6172064422661325,0.0,1.0,0.0,1.0394412884532265,2.0
1,1.737035556791009,0.0,0.4634830209373507,0.2858146223828312,1.028926088752989,0.5036667998888091,0.0,0.26296444320899115,0.0,0.8310003996664277,2.0
1,7.545915770164989,6.706953829706004,2.3718366308065995,0.21,6.825560627137947,1.18454084229835,0.0,0.0,0.0,5.90270421149175,2.0
1,0.0,2.56473857807742,0.9599394658156465,0.19353348128970443,1.4005399096847597,1.747084258060653,1.0,1.0,3.0,1.3770842580606528,2.0
1,0.0,2.9561630457380357,0.06,0.1,4.674420105771898,1.2040752472833625,0.0,0.0,2.0,3.3764889579806012,2.0
0,2.311969989824961,0.0,0.3899624872812012,0.6978604069190266,2.2990296693731325,0.3521395930809734,0.0,0.0,0.0,2.0186431739519,2.0
1,0.16303612576262616,4.647043159530631,1.2718481937118686,0.18141252880338385,1.8928250576067678,2.4340332825526767,0.8369638742373738,0.8369638742373738,9.510891622712121,2.5591286701830303,2.0
1,6.0,6.602609697854921,2.3439939388406748,0.21,6.47,1.2086686870531085,0.0,0.0,0.0,5.739379802221493,2.0
1,0.8384807637639851,0.4936027859372616,1.4609265374775173,0.17,2.3759390339241073,0.8537521202500533,0.16151923623601494,1.0,3.838480763763985,1.7833973040842301,2.0
1,1.0,6.211089502461113,2.0160810824389763,0.20704365900187766,2.219747399335902,1.9766174615910657,0.0,0.0,11.147817049906118,2.4010571693922316,2.0
0,0.7774235824289695,5.067921616599499,1.3799681224186071,0.2188711791214485,2.365229695834652,2.7051659406718667,0.22257641757103053,1.0,3.554847164857939,2.071906988361783,2.0
1,1.7933032039085037,0.8531975958035957,0.49978101846235734,0.7088796223193434,3.295473295140129,2.442337511133913,0.0,0.0,3.396651601954252,3.7534063271792144,2.0
1,2.783793817553553,1.9184702507788463,1.2848637109813414,0.18783793817553554,2.9737863925639236,0.9151362890186585,0.0,0.10810309122322337,4.0,3.3259540231306106,2.0
1,6.0,6.59961729141171,2.3487962893015215,0.21,6.47,1.21,0.0,0.0,0.0,5.7201543606247105,2.0
1,1.9733476626152142,1.0468354111426628,1.3780650187992505,0.17973347662615216,2.7630703922799555,0.8219349812007496,0.0,0.5133261686923929,4.0,2.6735448684052474,2.0
0,2.7667719275754723,6.567919894311764,2.382332280724245,0.19766771927575474,4.904056840890755,1.0169968421727358,0.0,0.0,0.0,4.280734033648302,2.0
0,5.0,6.405,2.360934729138661,0.21,6.23,1.21,0.0,0.0,0.0,5.025083004373909,2.0
1,1.0,6.3710219949825095,2.439799353785608,0.17863138521989003,3.6187952232133895,1.0564233773613196,0.0,0.13686147801099613,0.0,3.4041785612818565,2.0
1,1.4785601254463328,6.803322923230243,2.6992112338705097,0.19,1.6637268586461604,1.2720328319888148,0.23928006272316638,0.11964003136158319,12.119640031361584,1.2045156247756508,2.0
1,6.0,6.584573926197827,2.34,0.21,6.47,1.1976331480631792,0.0,0.0,0.0,5.75082870157948,2.0
0,2.0923062936514536,6.440445889500125,2.3890769370634857,0.19092306293651454,4.539845398571785,1.0372308111904565,0.0,0.0,0.0,3.8490760279369303,2.0
0,1.4081112611787157,5.173644879139778,1.3791007614535926,0.7415967702133137,5.5091124278148405,4.012609603210686,0.0,0.0,6.0,3.694055630589358,2.0
0,6.0,6.59779301610559,2.34,0.21,6.47,1.2,0.0,0.0,0.0,5.855484722730978,2.0
0,5.0,6.431202704236578,2.34,0.21,6.23,1.21,0.0,0.0,0.0,5.3570452988958,2.0
1,0.0,0.6675904453182638,0.057800038555693836,0.21371668915748807,0.8595832530089711,1.934133436148517,0.48166698796411533,0.48166698796411533,5.591665060179423,1.3723502216952395,2.0
0,5.110062049388728,5.237047801441956,0.8293272178259221,0.22110062049388726,2.5454588630141735,1.2766037229633236,0.37798759012225447,0.37798759012225447,7.622012409877746,2.729383330570162,2.0
1,1.0,0.0,1.0505757028020233,0.42952575941893933,2.7931190102752064,1.5121705291130851,0.0,0.7050843642966599,3.7050843642966598,2.48867874047778,2.0
1,0.0,3.2461998476328,0.05502551691139424,0.1,5.197244173569422,1.366645183468293,0.0,0.0,2.0,3.6139027728100475,2.0
1,6.0,6.566136161857222,2.380184848258854,0.21,6.47,1.2033949494196179,0.0,0.0,0.0,5.472932828772483,2.0
1,5.4344518444882715,6.465823258228358,2.394344518444883,0.21,6.334268442677185,1.21,0.0,0.0,0.0,5.079360143582728,2.0
0,0.0,4.247123250498471,1.31,0.17746317826126862,1.657610465216194,1.7865794565317155,1.0,1.0,2.2536821738731385,1.341947673919029,2.0
1,2.6208083471256685,6.832735814938486,3.00761825372393,0.19,2.19772790228125,1.5633061285170453,0.8104041735628342,0.4052020867814171,12.405202086781417,1.4301096485573195,2.0
1,0.42852697479498936,3.061844918068622,0.08571161848769936,0.10857053949589979,4.325748959659908,1.1914294605041003,0.0,0.0,2.4285269747949894,3.5414139016823465,2.0
0,0.5180522781786634,4.975803566906696,1.329214966426973,0.17518052278178664,1.8000629424458805,2.2755581774570692,1.0,1.0,9.222921582732004,2.271334906474242,2.0
1,1.0,0.0,0.3468796688682281,0.8451314707355432,3.246507058984229,2.7967700004553153,0.0,0.23280514689142828,3.2328051468914283,3.4474055518104008,2.0
1,1.3544192962466137,3.029740095804308,0.3220189988605697,0.13240467536863149,3.729371799095189,1.1374696844504064,0.0,0.0,3.177209648123307,3.6892417809316393,2.0
1,0.7442116569432979,3.247904082765407,0.10465269941659787,0.11488423313886596,4.197177545390311,1.2183682514585052,0.0,0.0,2.744211656943298,3.453748589498762,2.0
1,3.724157708387636,6.861147060990982,3.3055225812646616,0.19,2.71354372867122,1.844660215638847,1.362078854193818,0.681039427096909,12.68103942709691,1.648021147406558,2.0
1,0.23750647129246993,0.0,0.3538846422257802,0.1776249352870753,1.343384901077479,1.525868075717057,0.0,0.23750647129246993,7.04997411483012,1.2418805005985996,2.0
1,1.0,6.21341464583576,1.868260784660269,0.2019955421425595,1.5779487346394343,1.7677704203418145,0.0,0.0,10.80044578574405,1.739765962484374,2.0
1,0.5222851091197723,1.4598967065299757,1.4040113196415591,0.17,2.113496640569411,1.1351662528834026,0.47771489088022767,1.0,3.5222851091197724,1.5747081720190497,2.0
1,0.08289132169335423,4.9594980816436065,1.2899469586032026,0.17331565286773418,1.8534217356613292,2.647725425936389,0.9171086783066458,0.9171086783066458,10.0,2.4901591241903924,2.0
1,0.5283701212972092,2.7869870311082434,0.09641850606486047,0.10585110363891627,4.016772664823809,1.128120713342693,0.0,0.0,2.5283701212972094,3.4423057739912974,2.0
0,2.5636641683934442,6.529532527826361,2.3843633583160657,0.19563664168393444,4.79437865093246,1.0230900749481966,0.0,0.0,0.0,4.150745067771804,2.0
0,6.0,6.596334991937711,2.351873445058396,0.21,6.47,1.2019789075097327,0.0,0.0,0.0,5.79094916206203,2.0
0,6.0,6.608292821400137,2.34,0.21,6.47,1.2,0.0,0.0,0.0,5.8784530468127985,2.0
1,1.0,6.034277142407443,1.84719344976464,0.2122402015457034,2.45748922071593,2.228649774966614,0.0,0.0,10.88798992271483,2.7946952670870306,2.0
0,6.0,6.719699420337075,2.2932268638827757,0.21,6.47,1.1932268638827759,0.0,0.0,0.0,5.9409582250550175,2.0
1,0.0,2.5814488968700076,0.0026040469978903654,0.3391498041754568,4.9852437336786215,2.921878590063289,0.0,0.0,0.08680156659634553,3.926129569186005,2.0
1,4.849286660447192,6.420598830643716,2.389246433302236,0.20924643330223597,6.139571996268316,1.1949286660447191,0.0,0.0,0.0,4.781364465484966,2.0
0,0.24265285416402183,2.3575318096897613,0.10110535590167569,0.3402938858334391,4.949042900625555,2.8236722593074775,0.0,0.0,0.0,3.936249671597372,2.0
0,4.252990167989241,6.34598622327115,2.3601196067195698,0.2025299016798924,6.050717640317418,1.2249401966402151,0.0,0.0,0.0,4.832410294960322,2.0
1,6.0,6.564493688121175,2.3817246673863988,0.21,6.47,1.203908222462133,0.0,0.0,0.0,5.469596553996135,2.0
0,1.0,6.575088878422196,2.3669826181164093,0.1826303641269308,3.859012765565928,2.2641587451111485,0.0,0.9245654529102307,3.2263036412693076,2.657891092380792,2.0
1,0.0,3.8940526015366506,0.033351382723629884,0.14155385797731324,6.51748791392516,2.057823438057456,0.0,0.0,1.6675691361814942,4.208473216108131,2.0
0,6.0,6.583937891410768,2.34,0.21,6.47,1.2,0.0,0.0,0.0,5.825176637461054,2.0
1,0.0,0.0,1.2370550605316057,0.1741101210632114,1.0791935108331308,0.8316518159481711,0.0,1.0,0.0,1.3292574817958338,2.0
1,1.0083372499412586,6.291342297240543,2.3700416862497065,0.1800833724994126,3.95450211496828,1.0398749412508812,0.0,0.0,0.0,3.6333348999765036,2.0
0,5.0,6.405,2.3748462527931906,0.21,6.23,1.21,0.0,0.0,0.0,4.922137729330388,2.0
0,8.0,6.833789908431039,2.359210091568961,0.21,6.93,1.18,0.0,0.0,0.0,5.813842018313792,2.0
1,0.26289929415698077,1.6975429255564733,0.36707620239738825,0.10577395764941884,4.112162155285464,0.988501218811336,0.0,0.0,1.4742014116860385,2.914938550557555,2.0
1,0.0,4.056034025127964,0.04169491316661787,0.1,6.63694937800527,1.8132204089183013,0.0,0.0,2.0,4.187118733835431,2.0
1,1.1651903703686153,6.795253652036992,2.614601399999526,0.19,1.5172264981473276,1.1921235444439968,0.08259518518430764,0.04129759259215382,12.041297592592153,1.1426250981478017,2.0
1,3.115727795515415,6.600022173164155,2.380578638977577,0.20057863897757708,5.099436677309249,1.0215727795515415,0.0,0.0,0.0,4.451988281147928,2.0
0,6.0,6.609,2.34,0.21,6.47,1.2060547820139187,0.0,0.0,0.0,5.813397397846894,2.0
1,0.8932439340641156,2.944,0.4083651342850051,0.26078390813154084,3.400526052969597,2.343352235602068,0.8932439340641156,0.8932439340641156,1.1067560659358844,2.3459721578043435,2.0
0,1.0,6.613342029525154,2.3565735974081217,0.260698019439089,4.166078876460417,2.2095113863926374,0.0,0.6643399352030368,4.00698019439089,2.8920940583172667,2.0
1,1.0,6.781549496893825,2.7934632490132616,0.17169679903895566,1.9406253674272687,1.139638411532532,0.0,0.8303200961044345,0.0,2.2599718414276833,2.0
1,0.7063032766625523,0.0,0.8020919684692176,0.43780069598183163,1.2888466802164404,0.6445417221016047,0.0,0.6468483616687238,0.0,1.3687751231838066,2.0
0,0.6117316160101278,6.094675526164094,1.8611450352096215,0.3351675363227345,3.949887494434434,2.5125978313570627,0.3882683839898722,0.3882683839898722,9.388268383989873,3.0583238220889126,2.0
1,0.7706052542950503,2.944,0.36053604917506965,0.23870894577310908,3.5734465914439792,2.1863747254976644,0.7706052542950503,0.7706052542950503,1.2293947457049497,2.490685799931841,2.0
1,0.0,1.830116334690279,0.43646613070744433,0.22872496600286088,0.982641028716027,1.9670310375178806,1.0,1.0,3.0,1.5970310375178804,2.0
1,0.6396549047947317,2.944,0.3094654128699454,0.21513788286305174,3.7580865842394284,2.0187582781372564,0.6396549047947317,0.6396549047947317,1.3603450952052683,2.645207212342217,2.0
1,0.0,3.538473988263661,0.05259949862854263,0.1,5.453022561715582,1.4336070192004031,0.0,0.0,2.0,3.249440611088047,2.0
1,6.0,6.5740074141970455,2.37280554919027,0.21,6.47,1.2009351830634234,0.0,0.0,0.0,5.488921310087748,2.0
1,0.9676840488903495,2.944,0.43739677906723634,0.27418312880026297,3.295565491064607,2.4386355825796473,0.9676840488903495,0.9676840488903495,1.0323159511096505,2.258132822309388,2.0
0,1.0,4.238290252302455,1.5517280332442875,0.2148212843547949,2.2841682370255665,1.1983337820073048,0.0,0.2797635071689457,6.720236492831054,2.955834455018262,2.0
1,0.0,2.8832126831506546,0.3126119653145899,0.13934480650466236,3.799913951215032,1.2714912932273714,0.0,0.0,1.1775865582556275,2.8157070265545823,2.0
0,6.0,6.5899335303371185,2.351916543539301,0.21,6.47,1.2,0.0,0.0,0.0,5.744945839887921,2.0
0,1.2709576425151299,6.7576304420855555,2.7472307551675863,0.1754191528503026,2.3320346218447847,1.1274850828981844,0.0,0.7290423574848701,0.0,2.470433332952385,2.0
1,6.0,6.57273807599284,2.3479911075134248,0.21,6.47,1.2013318512522375,0.0,0.0,0.0,5.759389652414975,2.0
0,6.0,6.579438412147173,2.34,0.21,6.47,1.2,0.0,0.0,0.0,5.815334026571941,2.0
1,0.0,2.9058809011937807,0.06059468172864616,0.09940531827135383,4.630860595296338,1.1922691375275998,0.0,0.0,2.0,3.383348911597907,2.0
1,0.0,2.890877710468994,0.31581704406570277,0.1399966869286175,3.7950248480353688,1.274153138291855,0.0,0.0,1.1667218845230416,2.8116870972735253,2.0
0,0.4188373788191737,5.586007354766757,1.9675746847461029,0.17581162621180826,1.599739514541699,1.5610022086147701,0.5811626211808263,1.0,1.1623252423616526,1.6313024272915042,2.0
0,5.0,6.405,2.3859588275917782,0.21,6.23,1.21,0.0,0.0,0.0,4.839904675820843,2.0
1,6.0,6.564971924161695,2.3675175473989407,0.21,6.47,1.200827484200353,0.0,0.0,0.0,5.559032136608121,2.0
1,0.0,4.009143705399838,0.04246677028148414,0.1,6.553588809599713,1.7873631955702813,0.0,0.0,2.0,4.153928877896181,2.0
0,4.55158787254407,6.369575441930982,2.372063514901763,0.2055158787254407,6.1223810894105775,1.2189682425491186,0.0,0.0,0.0,4.8234523638236775,2.0
1,0.0,0.0,1.23,0.16164834261137,0.89,0.6949450278341099,0.0,1.0,0.835165738862999,1.1524179529338296,2.0
0,5.4112551165853695,6.529186084716098,2.323549795336585,0.21,6.328701227980488,1.2058874488341462,0.0,0.0,0.0,5.615064802463416,2.0
0,6.0,6.619007897231914,2.3311040913494088,0.21,6.47,1.2077760228373522,0.0,0.0,0.0,5.794463748789124,2.0
0,6.0,6.667415605755254,2.3140185040933177,0.21,6.47,1.1948037008186636,0.0,0.0,0.0,5.893140786901383,2.0
1,0.9852860506655043,0.04496582916621872,1.4873514891197908,0.17,2.4977874220523684,0.7230954149077011,0.014713949334495657,1.0,3.985286050665504,1.8802887934392327,2.0
0,1.0,6.4743216881743555,1.9173066549515092,0.35335003691427364,3.913739708223413,2.317117426613653,0.0,0.0,9.376738969937941,2.9328436772769533,2.0
1,0.0,3.1368247090184243,0.21025302001435675,0.12754638700263207,4.31191383696674,1.290151812008614,0.0,0.0,1.4991565999521441,3.144569865975593,2.0
1,3.4280422040845635,6.31866344669495,2.714685111430315,0.20571957795915438,3.2942804220408455,2.5315502930605502,1.2140211020422818,0.6070105510211409,11.821031653063422,2.780296365712644,2.0
0,4.829164220706515,6.391503973435815,2.3831665688282606,0.20829164220706514,6.188999412969564,1.2134167155858697,0.0,0.0,0.0,4.8151250733788045,2.0
0,1.4309185308342522,4.3587365323460485,0.7227334658404995,0.6264450483675121,4.58430151904447,4.701635305320104,0.0,0.0,8.276325876662991,4.075362220374862,2.0
0,6.0,6.609,2.34,0.21,6.47,1.2006351182958999,0.0,0.0,0.0,5.873013698745099,2.0
1,4.852712529456035,6.854747889100033,3.567150797819019,0.19073643735271983,3.249612137076974,2.17036821867636,1.9263562647280172,0.9631781323640086,12.889534397092026,1.9095736855853578,2.0
0,5.0,6.437047471604377,2.34,0.21,6.23,1.21,0.0,0.0,0.0,5.396536970299842,2.0
0,6.0,6.749058580994567,2.29068359824135,0.21,6.47,1.19027343929654,0.0,0.0,0.0,5.967265607034601,2.0
1,6.0,6.549822979862557,2.3954784563788523,0.21,6.47,1.2084928187929507,0.0,0.0,0.0,5.43979667784582,2.0
0,0.924856808493264,1.7742474287382592,0.38535700353885993,0.31300572766026946,4.805780070216414,2.3279373858282284,0.0,0.0,0.0,3.8975914475187152,2.0
1,7.534346275029463,6.7929306694788005,2.3353434627502945,0.21,6.822899643256776,1.1846565372497053,0.0,0.0,0.0,5.926413431242634,2.0
1,0.0,1.803649048385147,0.41760620813073357,0.22999285995759775,0.9675847880035268,1.974955374734986,1.0,1.0,3.0,1.6049553747349858,2.0
1,7.913165752257643,6.748655475310957,2.384789945135459,0.21,6.9100281230192575,1.1808683424774236,0.0,0.0,0.0,5.895630164593624,2.0
1,7.585149532325472,6.799484289669985,2.3358514953232548,0.21,6.834584392434858,1.1841485046767453,0.0,0.0,0.0,5.913712616918632,2.0
0,3.273879155928152,6.5336705614045485,2.3717836253221556,0.2,5.292923989691026,1.0702534143041935,0.0,0.0,0.0,4.542290453930542,2.0
1,0.0,0.0,1.2324291879795755,0.16485837595915087,0.9774507672647159,0.7458713235302351,0.0,1.0,0.7570812020424559,1.275871323530235,2.0
1,0.37785054927578643,2.64911110313662,0.08889252746378933,0.10133551647827359,4.060423340710022,1.1115635604203364,0.0,0.0,2.377850549275786,3.3504888350582296,2.0
1,5.553491006022209,4.800663574291607,0.6304570175404092,0.24,2.8523958361141086,1.3249070952709994,0.0,0.0,7.758915167670368,3.2760623140158502,2.0
1,0.0,2.5711992896865343,0.0658990934298695,0.09205045328506525,4.4570634599091346,1.1520181314026101,0.0,0.0,2.0,3.1897154116922186,2.0
1,1.7485575604882015,0.0,0.3092742005995121,0.7289614435515052,1.2971393901220505,0.24812024899007334,0.0,0.25144243951179845,0.0,1.1722259364927583,2.0
1,8.0,6.824977356703357,2.3537365898512954,0.21,6.93,1.18,0.0,0.0,0.0,5.829231225791814,2.0
1,1.0,6.4126787682127695,2.4756861009941087,0.17792772350991942,3.4485090894005035,1.064867317880967,0.0,0.20722764900805646,0.0,3.288074379136707,2.0
0,1.487117330083231,6.868531600643103,2.4029266521795467,0.4095551668697981,5.031312508259217,2.371990753520214,0.2435586650416155,0.12177933252080775,9.487117330083231,3.2173310012187883,2.0
0,1.0,5.4521139468000985,1.6381408504712158,0.2105599305737783,2.6720603644876637,2.5733486548669546,0.0,1.0,4.486001735655543,2.5591710327150476,2.0
1,0.0,2.9776828987886628,1.2541932033284484,0.1737517174232976,1.635448355598341,1.62344823389561,1.0,1.0,3.0,1.2534482338956099,2.0
0,6.0,6.609,2.34,0.21,6.47,1.202686724820253,0.0,0.0,0.0,5.850446026977216,2.0
1,0.9778152579696984,2.9297795803585767,0.4415697980284854,0.2757848990142427,3.2704099626678773,2.4487195137372746,0.9778152579696984,0.9778152579696984,1.0221847420303016,2.239966267827272,2.0
1,0.0,3.5887430192423784,0.015055044400623212,0.2245412966614732,6.666091580335635,2.6988991119875356,0.0,0.0,1.0036696267082141,3.2976147426396607,2.0
0,1.0,4.794628693306488,1.7776423013073663,0.1971410372889887,2.476686482853234,1.253338995100924,0.0,0.4762106967890142,6.523789303210986,3.0933474877523097,2.0
1,1.5058855298124962,0.36271992487555993,0.21415820762062343,0.9049794814537511,3.4430194384100004,3.010115010255628,0.0,0.0,3.168628509937499,4.000941684769999,2.0
1,0.3077772397710494,3.7118732979521063,1.3376999515793944,0.188466634386263,1.953921743396234,2.0154992736909167,0.6922227602289506,1.0,3.3077772397710494,1.5500883293618914,2.0
0,6.0,6.609,2.34,0.21,6.47,1.1981638573521305,0.0,0.0,0.0,5.82124343526818,2.0
1,4.096078703680531,2.2496408024453447,1.2434182253150532,0.19160131172800884,3.3039150154335664,0.9544118055520796,0.0,0.0,4.128104938240708,4.369254814822231,2.0
1,0.0,3.0514159913892605,0.058231835532687064,0.1,4.8509617624697965,1.2592335096549832,0.0,0.0,2.0,3.476031072094456,2.0
0,0.7918178394696329,6.0276904777317375,2.30754535184089,0.17583635678939266,3.7709633419438844,1.1440910802651836,0.0,0.2081821605303671,0.0,3.092890025831653,2.0
1,4.179911794275272,6.489879129292509,2.3858995589713765,0.20589955897137635,5.737947076565163,1.1279911794275272,0.0,0.0,0.0,4.654183240912301,2.0
0,3.0798161319260995,6.880078666956464,2.968334726833765,0.3100114917546188,4.250890095356211,2.280410572414249,1.0399080659630497,0.5199540329815249,11.0798161319261,2.6200689505277124,2.0
1,7.420535778665075,6.735354466023957,2.3552321467199047,0.21,6.796723229092967,1.1857946422133492,0.0,0.0,0.0,5.984303559840286,2.0
1,1.6459952081670712,0.4631785642557902,0.2734713047907269,0.8648147069921064,3.4355469222310897,2.893823977221331,0.0,0.0,3.2153317360556906,4.023359233306731,2.0
0,1.0,5.884543240458898,2.0265741298347573,0.17885109144206063,2.838531769929182,1.9589898966899244,0.0,1.0,5.2787227139484845,3.0308400147993484,2.0
1,0.0,3.0196426690024873,0.06,0.1,4.749679452941094,1.225344193222483,0.0,0.0,2.0,3.2537835006395213,2.0
0,8.0,6.807842447066169,2.3851575529338316,0.21,6.93,1.18,0.0,0.0,0.0,5.8190315105867665,2.0
0,1.6172637120972921,6.598675956147343,2.5775407810723268,0.18234527424194585,3.3571005878079845,1.085928354548325,0.0,0.382736287902708,0.0,3.0972473188960983,2.0
1,0.0,3.6915516711311422,0.6471053985609694,0.21273521848706708,3.3037994855901864,1.588133675866976,0.0,0.0,0.0,2.4106735216049664,2.0
1,0.0,3.825767858451047,0.04608087849541885,0.1,6.059890188072644,1.6267648601832458,0.0,0.0,2.0,3.7735297203664917,2.0
1,0.0,2.806288197894845,0.03819865929733695,0.19083891959442936,4.7835409306484244,1.8540402210798914,0.0,0.0,1.2732886432445651,3.5998456231077447,2.0
0,3.664446825626677,6.41301331904624,2.39,0.2010963121708445,5.455379158863473,1.1343186534521783,0.0,0.0,0.0,4.35591192071307,2.0
1,0.9089979089486697,2.944,0.4145091844899812,0.2636196236107606,3.3783129483823755,2.363517323454297,0.9089979089486697,0.9089979089486697,1.0910020910513303,2.32738246744057,2.0
1,0.7263970326502283,2.5177265768690553,0.35971102077457534,0.2717919109795069,2.5605205222785754,2.3760308724070867,1.0,1.0,1.5472059346995435,2.085934545998612,2.0
1,0.5474463068991116,4.222608080002007,1.35927016762092,0.20284677841394672,2.167227213140209,2.339052514313801,0.45255369310088844,1.0,3.5474463068991113,1.799344159175076,2.0
1,7.4509104474161045,6.697738313399363,2.3680364178966444,0.21,6.803709402905704,1.185490895525839,0.0,0.0,0.0,5.907454477629194,2.0
1,0.08952872159672698,2.360387910543502,0.10402091420675624,0.10701045710337811,4.087633576131011,1.1962354974513851,0.08952872159672698,0.08952872159672698,1.9104712784032731,3.0394241505629456,2.0
0,3.808162193832198,6.8853591759052835,3.2268975788104304,0.2644898628854876,3.8940005250222227,2.2385306738546484,1.404081096916099,0.7020405484580495,11.808162193832198,2.3469391773129256,2.0
1,7.476397723984989,6.748803147073013,2.34523602276015,0.21,6.809571476516547,1.18523602276015,0.0,0.0,0.0,5.8728322731218014,2.0
1,7.302358128506537,6.732163669469677,2.348141487710392,0.21,6.769542369556503,1.1869764187149345,0.0,0.0,0.0,6.0055755368688235,2.0
1,1.5929435513477546,0.0,0.40370463554242886,0.2915060485943428,1.0508820560815306,0.5695524187034939,0.0,0.20352822432612272,0.0,0.9004344747850247,2.0
1,0.0,3.7791201898285154,0.049186936158923444,0.1,6.039110426491507,1.621952723709067,0.0,0.0,2.0,3.5204516392066623,2.0
0,1.0,6.105721733785412,2.2252495867183355,0.16263268679850323,2.923678394307858,1.644758306721,0.0,1.0,5.684182830037419,3.2720887838722645,2.0
0,1.2310822586846024,5.200864935521077,1.4161757581079222,0.2207567096526159,2.3458502090759357,2.5201869988466394,0.23108225868460253,1.0,4.693246776053808,2.1059315963339325,2.0
1,0.0,4.122702684137177,0.04066235977851866,0.1,6.737205027685168,1.8435056088592539,0.0,0.0,2.0,4.207011217718507,2.0
1,0.954138733595367,3.224182323103723,0.11724832401572202,0.11908277467190734,3.9368679703417446,1.186879189960695,0.0,0.0,2.954138733595367,3.6804698322829963,2.0
1,0.6208056844220913,6.066738857246195,2.080839332904498,0.18241611368844182,1.6030535556985008,1.7339592459899795,0.3791943155779087,0.3791943155779087,11.241611368844183,1.6446639849648514,2.0
0,0.0,4.1711960452246455,1.149852905597834,0.19262932958872928,3.2074655865194255,1.5530517318354917,0.0,0.3474134082254142,0.0,1.917940167060199,2.0
1,3.3726076267644576,1.7011596683901158,1.004403895330287,0.3698524803275222,3.3434609265725626,1.4607356697855003,0.0,0.0,3.7908692089214857,4.299617220282314,2.0
1,0.0,3.8113704958081276,0.04840700131056523,0.1,6.105404888601956,1.6430109646147388,0.0,0.0,2.0,3.5832363944994987,2.0
1,7.31687357908691,6.702498024115171,2.372921839477173,0.21,6.772880923189989,1.1902468963136963,0.0,0.0,0.0,5.84242804684978,2.0
1,0.5372634167140701,2.7951332897100882,0.0968631708357035,0.1061179025014221,4.01419360915292,1.1290989758385477,0.0,0.0,2.53726341671407,3.447730684195583,2.0
1,0.539880841016428,0.0,1.2346011915898356,0.1853988084101643,1.1744166822577002,0.7310417056442502,0.0,1.0,0.0,1.2232500467731002,2.0
1,6.0,6.590287484609627,2.34,0.21,6.47,1.2041523389405084,0.0,0.0,0.0,5.793390644237966,2.0
1,0.0,0.0,1.2340030048891029,0.1740030048891028,1.0341081760077013,0.8000600977820562,0.0,1.0,0.0,1.06619231290258,2.0
0,1.3023324263030682,4.508868367802219,0.9767346031757044,0.5081458321988227,3.703746598636506,4.123049814055905,0.0,0.6976675736969318,4.6046648526061364,2.7900117732412775,2.0
1,0.0,3.064104870656982,0.058199327276507014,0.1,4.8238612178378615,1.2486181635343105,0.0,0.0,2.0,3.410804036340958,2.0
1,4.213994135091684,3.0857754840205964,1.011131202306205,0.20517492668864606,3.0573148680395628,1.0765743401978143,0.0,0.0,5.213994135091684,3.4817900879736245,2.0
1,7.411661214357528,6.735920581657148,2.345883387856425,0.21,6.794682079302231,1.1858833878564246,0.0,0.0,0.0,5.880600654277096,2.0
0,0.12568239514558288,5.26276379580962,2.171802740067922,0.16125682395145582,2.8939354635728907,1.4922406898446785,0.0,1.0,0.0,1.1668846274853921,2.0
0,1.0,6.425357511691164,2.374847639451358,0.15515236054864212,3.3918841227940844,1.8534077282805055,0.0,1.0,4.454291835407368,3.0117446322681363,2.0
1,1.0,5.466596814643388,1.3049565459488643,0.22892441397080418,3.220791939164291,3.0378340775840025,0.0,0.0,10.053779301459791,4.058524358288415,2.0
1,0.6019353955409602,0.0,0.17456126470687844,0.2341741855986864,-0.7896900628904231,1.1178710649049437,0.0,0.6019353955409602,6.194193813377119,1.2566967423947457,2.0
1,7.0,6.669669434613443,2.345523018681874,0.21,6.7,1.19,0.0,0.0,0.0,5.959100378567821,2.0
0,0.0,4.795476478087295,1.818724797950673,0.16891046815777755,3.1220776853679992,1.543564187263111,0.0,0.8217906368444492,0.0,1.2870184529968827,2.0
1,0.34508262782238674,5.207793248547801,1.3214099153386865,0.18380330511289547,1.8009834744355226,2.5140078598105826,0.6549173721776133,0.6549173721776133,10.0,2.3957702539839407,2.0
1,3.609523142069266,6.523437917361459,2.867856767413962,0.19695238428965367,2.739904488248399,2.1734761921448267,1.304761571034633,0.6523807855173165,11.95714235655195,1.9903809957654977,2.0
1,1.1272187259406605,6.794275882192973,2.6043490560039784,0.19,1.4994747543772586,1.1824407751148684,0.06360936297033026,0.03180468148516513,12.031804681485164,1.1351256983732805,2.0
0,1.0,6.407067421566681,2.3754871530920743,0.1545128469079259,3.3420020588182213,1.7971305278974803,0.0,1.0,4.646145927622226,3.0673823190104454,2.0
1,2.396729488802431,1.001455043471343,0.5912821502596958,0.6496042132099699,3.3955077605972037,2.2707145242939824,0.0,0.0,3.465576496267477,4.143476718208389,2.0
1,7.3559914842719865,6.733611770075344,2.3513594890563194,0.21,6.781878041382557,1.18644008515728,0.0,0.0,0.0,5.9959215328310425,2.0
1,1.0,5.576025520218096,1.3820169346923072,0.21317348211312223,1.7059661306153853,2.0678702986696815,0.0,0.0,9.682651788687778,2.2234696422624447,2.0
1,1.1287483982996438,0.0,1.0961016657683702,0.20673729177895372,1.0958376761870392,0.558412644153032,0.0,0.8712516017003561,0.0,0.9952379324590962,2.0
0,8.0,6.768165174692128,2.39,0.21,6.93,1.18,0.0,0.0,0.0,5.8601940292013905,2.0
1,1.356834470639942,0.0,0.5244460752672302,0.26854675765119534,0.8938776876555905,0.5250215870552041,0.0,0.321582764680029,0.0,0.8500431741104082,2.0
1,0.9077094137712539,0.0,0.2632357299936636,0.26169384723941286,-1.6886656764874866,0.7815196448516207,0.0,0.9077094137712539,5.276871758686238,1.3667753889576513,2.0
0,5.0,6.405,2.3640572697028146,0.21,6.23,1.21,0.0,0.0,0.0,5.001976204199171,2.0
0,6.0,6.594013666420612,2.3493664584871174,0.21,6.47,1.2,0.0,0.0,0.0,5.773846803812668,2.0
1,0.0,3.2852752280360233,0.05488342986452739,0.1,5.125607882328008,1.3381473936577606,0.0,0.0,2.0,3.4306994208128354,2.0
1,2.0,0.0,0.16017424028392319,0.41261683280255435,1.0565119657778297,0.42662758787649413,0.0,0.0,0.0,0.8322097340494491,2.0
0,0.0,4.533491669741433,1.5380267890086776,0.17886429826210362,3.157911473743573,1.5475457193048414,0.0,0.6227140347579274,0.0,1.5517903337719565,2.0
0,4.989619902465414,6.893924744292875,3.6463150653752217,0.19064875609591164,3.3150862477919474,2.1705968556082387,1.9948099512327069,0.9974049756163534,12.989619902465414,1.9038925365754698,2.0
1,4.736602214071174,6.4322616708436335,2.388683011070356,0.20868301107035586,6.071961328442704,1.1836602214071172,0.0,0.0,0.0,4.759954420673522,2.0
1,6.7464489769579545,4.9706876163435,0.5101491163749661,0.2357741496159659,3.1360582314593297,1.351967346543693,0.0,0.0,7.661931969277273,3.521136327373455,2.0
1,0.0,3.2540958766633183,0.3016331506467416,0.14429941095190263,4.100216534335049,1.344979890388045,0.0,0.0,1.194556164510861,2.989223643900539,2.0
1,1.0412290123995547,3.2043224715857583,0.13580445475316272,0.12096201028932294,3.8721664876440847,1.1767016790080356,0.0,0.0,3.0137430041331847,3.7392078127692336,2.0
0,6.0,6.62985342093057,2.321463625839493,0.21,6.47,1.2,0.0,0.0,0.0,5.88,2.0
1,1.0,6.613697493416622,2.249484264653879,0.44252960459470964,4.8223901553004875,2.147477405710418,0.0,0.0,6.303832963570267,3.5393728565801688,2.0
0,4.055533867530382,6.887152620539595,3.314714522973286,0.24902913327935108,3.7727884049101124,2.224306802617003,1.5277669337651913,0.7638834668825957,12.055533867530382,2.2541747996761066,2.0
1,6.0,6.593637146172005,2.354402675463745,0.21,6.47,1.21,0.0,0.0,0.0,5.688384839038779,2.0
1,0.0,2.7663497207559695,0.03187594523841204,0.2171835615066165,4.819369643648998,2.043721642847639,0.0,0.0,1.062531507947068,3.6578038353145566,2.0
1,8.0,6.82449263826193,2.3539741969304266,0.21,6.93,1.18,0.0,0.0,0.0,5.829563875702597,2.0
1,0.06234136251124145,3.049017767398741,1.2563864282403323,0.17685754987623659,1.777875939142649,1.6548603990098925,1.0,1.0,2.875317274977517,1.291717948886129,2.0
1,0.0,4.078038977635388,0.04147739091906227,0.1,6.635326135117217,1.8109043632375095,0.0,0.0,2.0,4.141808726475018,2.0
0,2.7337661428250435,0.0,1.243344153570626,0.21935064571300175,4.314090889993259,0.8120129842847512,0.0,0.0,0.0,3.588311622834031,2.0
1,0.6871655054033311,2.9324436029494514,0.10435827527016656,0.11061496516209993,3.9707220034330337,1.1455882055943665,0.0,0.0,2.687165505403331,3.5391709582960322,2.0
1,1.0,0.0,1.3033288071603546,0.18555593273663712,1.8146498066723202,0.7053332201790088,0.0,1.0,4.155559327366372,1.813775929590478,2.0
1,1.0,6.069119568575731,1.6929490085499528,0.20499232464017175,1.612411733361975,1.9221047189688452,0.0,0.0,10.500767535982826,1.8970970436090169,2.0
1,6.0,6.576512445556262,2.3409141645820077,0.21,6.47,1.2,0.0,0.0,0.0,5.801772518761929,2.0
0,1.8672149810747234,6.483948323686702,2.455064659273386,0.18734429962149446,4.096956343981181,1.0559342022710332,0.0,0.13278501892527672,0.0,3.549659115745249,2.0
1,0.0,4.154171288080351,0.04062440012379376,0.1,7.186730653461999,2.021063062251356,0.0,0.0,2.0,2.65,2.0
0,5.3971638325040825,6.4860214218308325,2.34,0.21,6.32531931980098,1.2060283616749592,0.0,0.0,0.0,5.458014682752857,2.0
1,0.0,3.6332507417699897,0.5970785000805114,0.1984643916814271,3.4157681414801484,1.5222471000483069,0.0,0.0,0.2097383330649618,2.4869665498631304,2.0
1,0.2625947939061809,3.2301132199644016,0.16241196962341053,0.14726706290311256,4.628947735395442,1.631984012992108,0.2625947939061809,0.2625947939061809,1.7374052060938192,2.5370842386203423,2.0
1,0.18228387847595806,4.619422634387,1.270885806076202,0.18275987149331707,1.8955197429866342,2.403814310792746,0.8177161215240419,0.8177161215240419,9.453148364572126,2.56374813083423,2.0
1,8.0,6.795475560614078,2.3681982546009417,0.21,6.93,1.18,0.0,0.0,0.0,5.849477556441318,2.0
1,0.0,3.168090575468391,0.06159290014122069,0.09840709985877931,4.968674486584034,1.288584596328262,0.0,0.0,2.0,2.7248663066373724,2.0
1,7.821591342575887,6.831234143794258,2.34,0.21,6.888966008792454,1.1826761298613617,0.0,0.0,0.0,5.806431826851517,2.0
0,1.0,6.632305672089718,2.351413422560621,0.299399330795343,4.318304034461683,2.1824204684432598,0.0,0.5353355640155235,4.39399330795343,3.008197992386029,2.0
1,0.23321641154980122,1.7493511691945902,0.1969614158114344,0.256996492346494,1.317705357105499,2.1886222363889245,1.0,1.0,2.5335671769003976,1.8442760416594026,2.0
0,0.6570731357217398,5.857912151009392,2.267121940716522,0.17314146271443479,3.655082896720696,1.2114634321391302,0.0,0.34292686427826025,0.0,2.7452486901620885,2.0
1,0.0,0.0,1.23,0.16,0.7857266128852777,0.6568221040998611,0.0,1.0,0.5260300585694438,1.1346854105425,2.0
1,6.0,6.597636662295062,2.34,0.21,6.47,1.206448956967207,0.0,0.0,0.0,5.784204172131171,2.0
1,3.107062958250544,4.072851230079537,0.952570043830345,0.24,2.3998066472763506,1.2148178331212744,0.0,0.0,7.351177159708424,2.998800468601728,2.0
0,1.0408357964914996,5.071472950757944,1.3788794006666925,0.180408357964915,1.7294871674736476,1.8573313628068004,1.0,1.0,8.43874630526275,2.02039881768408,2.0
1,0.0,0.0,1.23,0.1658419948471417,0.89,0.707525984541425,0.0,1.0,0.41580051528583073,0.9804782112671906,2.0
1,0.7368224753949129,2.5390902502108696,0.9062916447357428,0.22420934852369476,1.7389271496567602,1.2936971662393577,0.0,0.0,7.263177524605087,2.3073346576792497,2.0
1,0.0,0.0,1.2344225773404955,0.17442257734049563,1.0492127842578425,0.8084515468099125,0.0,1.0,0.0,1.09304494979172,2.0
1,1.0,0.0,0.8739377976445311,0.5338488174985321,2.9069259827256713,1.8346236177227353,0.0,0.5865354346607591,3.586535434660759,2.7293330676386587,2.0
0,1.0,5.7867405869463235,1.822475213753038,0.1995120979765849,3.09264974897283,2.65818722349017,0.0,1.0,3.564458542522641,2.4093732663927545,2.0
1,1.0,0.0,1.2113631787785386,0.16515090503805158,2.8742857422983388,0.688033201069255,0.0,0.37877262595128935,0.0,1.8438078600038108,2.0
0,5.3127658306404095,5.236399149341951,0.7875702388880756,0.22312765830640408,2.6070808125146847,1.2887659498384245,0.3374468338719181,0.3374468338719181,7.662553166128082,2.8055999523207937,2.0
0,4.100352602854988,6.333927855625544,2.34899647397145,0.20100352602854987,6.014084624685197,1.2279929479429001,0.0,0.0,0.0,4.874119884970695,2.0
1,0.39244477770642716,1.8566887593291586,0.9097063267394443,0.20924447777064273,0.2515010091486052,1.238950804510087,0.6075552222935728,1.0,3.784889555412854,1.2967156122100927,2.0
0,1.0,6.347885002462891,2.3775564684453534,0.15244353155464654,3.1805954612624308,1.6150307768088958,0.0,1.0,5.266940533606037,3.2474127547457505,2.0
0,6.0,6.67975117309455,2.315087615107553,0.21,6.47,1.1950175230215105,0.0,0.0,0.0,5.924842292806405,2.0
0,6.0,6.598428848599011,2.34,0.21,6.47,1.2,0.0,0.0,0.0,5.856875606310336,2.0
1,0.06630817624012542,4.917403188755829,1.2793369182375989,0.17397849057440753,1.9628314467361756,2.71652327049605,0.9336918237598746,0.9336918237598746,10.0,2.627419245509003,2.0
1,0.00753436313407474,4.870188188902603,1.2796232818432962,0.17052740541938524,1.8710548108387706,2.6781710498795026,0.9924656368659253,0.9924656368659253,9.977396910597776,2.521808247152178,2.0
1,0.45066559542505646,0.0,0.9956538903789707,0.19605324763400453,0.7443598232451344,0.5884534083202461,0.0,0.7746672022874718,0.0,0.9769068166404922,2.0
0,0.6346431803259424,6.2053591699636454,2.584060976064013,0.16634643180325942,2.09995663869153,1.2988355914761418,0.0,1.0,0.0,1.6402181577031265,2.0
1,7.512190199191262,6.755925849639061,2.3448780980080874,0.21,6.817803745813991,1.1848780980080873,0.0,0.0,0.0,5.868537176097048,2.0
1,6.0,6.558613080285379,2.3744754744649157,0.21,6.47,1.2014918248216384,0.0,0.0,0.0,5.523589926961976,2.0
1,2.8242247509197123,1.9619537196141503,1.280214153644233,0.18824224750919713,2.984298435239125,0.9197858463557669,0.0,0.08788762454014387,4.0,3.3585009244903685,2.0
0,6.0,6.596575352751433,2.351648106795531,0.21,6.47,1.2019413511325885,0.0,0.0,0.0,5.792639199033514,2.0
0,6.0,6.74309720451131,2.292782674467849,0.21,6.47,1.19,0.0,0.0,0.0,5.94718206936364,2.0
1,6.157685964701819,6.627133885940709,2.338423140352982,0.21,6.506267771881418,1.2068462807059637,0.0,0.0,0.0,5.815728929763527,2.0
1,1.051635477874513,0.0,1.1380374265505846,0.18924296318462974,3.816264112305012,0.7279860037178021,0.0,0.0,0.0,2.2821682647805455,2.0
1,0.0,4.581777321141697,0.03054727444285083,0.1,8.261624059429245,2.3804805448716535,0.0,0.0,2.0,2.65,2.0
1,1.2121541505343139,2.256938142279696,0.43364624516029415,0.12030385376335785,3.9093868576351225,1.0306049901076348,0.0,0.0,2.606077075267157,3.5078893281709806,2.0
0,6.0,6.609,2.34,0.21,6.47,1.200027444652316,0.0,0.0,0.0,5.879698108824523,2.0
0,0.2067794740519584,4.918840643751508,1.299644050034936,0.1720677947405196,1.8420847710029857,2.524576420758433,1.0,1.0,9.689830788922063,2.42074585245506,2.0
0,1.0,6.4615926850901495,2.358799920890283,0.2814404904802454,3.8210431011009067,1.6840810600702076,0.0,0.57599841780566,6.0,3.47272004746583,2.0
0,1.9173956130855316,6.4609154135937406,2.4304761495880896,0.18834791226171063,4.245491014733173,1.0499125264297362,0.0,0.08260438691446836,0.0,3.6404860596848123,2.0
1,0.0,1.3948510106840009,0.12630700761315045,0.24957599948819156,0.7350350060777251,2.0973499968011975,1.0,1.0,3.0,1.7273499968011974,2.0
0,1.0,6.556869208602311,2.370249328370549,0.15975067162945142,3.750552387097211,2.258059103391725,0.0,1.0,3.0747985111645724,2.6116915682377257,2.0
0,0.5092512207412155,5.78763022225291,2.1095244165637084,0.17490748779258786,1.588889853511054,1.4986166576885613,0.49074877925878446,1.0,0.9814975585175689,1.6855507324447292,2.0
1,0.0,3.1302919628915777,0.008313117101346728,0.2807240241554439,5.9199849592157054,2.8337376579730655,0.0,0.0,0.5542078067564487,3.5897649256083084,2.0
1,1.0,6.618489598646679,2.360407923589422,0.19358277053693296,1.4812018611747289,1.3345126826520468,0.0,0.0,11.641722946306706,1.29809545318898,2.0
1,0.28154272916344636,4.476986183650455,1.2659228635418276,0.18970799104144126,1.9094159820828824,2.247977915213389,0.7184572708365536,0.7184572708365536,9.15537181250966,2.587570254999227,2.0
1,0.5350367320449105,0.644439089385754,0.8530003229015275,0.20719706143640715,1.6823653830399405,1.3562989424575744,0.46496326795508947,1.0,3.5350367320449108,1.8156058771271857,2.0
0,4.476619484126412,6.363652939245987,2.345233805158736,0.20476619484126413,6.104388676190339,1.2204676103174716,0.0,0.0,0.0,5.00205062460298,2.0
0,1.8385825587026248,5.413421381977594,1.6168898715806113,0.183543302348105,1.8243702434033517,1.1400394068021864,0.8385825587026248,1.0,6.838582558702624,1.866693138465013,2.0
1,1.794922439850541,0.0,0.4032806625554375,0.29333991718057034,1.0225585316164405,0.4984569804134513,0.0,0.2050775601494591,0.0,0.8153709412403539,2.0
0,2.9359881330084683,0.0,1.2483997033252117,0.22743952532033873,4.356557507931779,0.818079643990254,0.0,0.0,0.0,3.733911455766097,2.0
1,0.0,0.0,1.2328904752116325,0.16578095042326504,0.9940571076187706,0.7564809298675479,0.0,1.0,0.7109524788367483,1.286480929867548,2.0
0,6.0,6.609,2.34,0.21,6.47,1.2019950692733832,0.0,0.0,0.0,5.858054237992785,2.0
1,0.5275056326030236,0.0,0.9055840359491405,0.3651770840631188,1.0139638236617106,0.5670233665451232,0.0,0.7362471836984882,0.0,0.9181386546836199,2.0
0,6.0,6.675762716708282,2.3164920011590557,0.21,6.47,1.2005968004636223,0.0,0.0,0.0,5.864031995363776,2.0
1,0.2927699043555555,5.158253099424711,1.3151323885226667,0.18171079617422223,1.811446019128889,2.5406873487786665,0.7072300956444445,0.7072300956444445,10.0,2.4146028344320003,2.0
1,0.0,3.4561089274623735,0.052322204985571615,0.1,5.358679346312984,1.4073004653895664,0.0,0.0,2.0,3.44606677008657,2.0
1,7.087290179589676,6.7263568348489216,2.3352374107753806,0.21,6.7200767413056255,1.1891270982041031,0.0,0.0,0.0,6.0442877676738584,2.0
0,6.0,6.609,2.34,0.21,6.47,1.1949389604364065,0.0,0.0,0.0,5.718046733965009,2.0
1,0.0,3.6358844792532174,0.6151294658895765,0.21951799208402922,3.387615187895504,1.657899347150015,0.0,0.0,0.0,2.486737482656613,2.0
0,1.0,6.476144039348293,2.37,0.16641284384319027,3.8277155945887125,1.8824036817222023,0.0,0.6793578078404857,2.0380734235214573,2.923467879845895,2.0
1,1.0,4.771971686473461,1.6767285926863114,0.32934571853726224,3.2039836931797776,1.505811057319996,0.0,0.0,6.593883097557899,3.0564653387827336,2.0
1,0.6307695184901039,5.227292465651067,1.273692304815099,0.20784617110940623,2.7530773258861454,2.9423078073960416,0.3692304815098961,0.3692304815098961,10.0,3.541846619953968,2.0
1,0.0,4.026716871365086,0.043628039166572985,0.1,6.866342488898882,1.9139332697255633,0.0,0.0,2.0,2.65,2.0
1,6.451396882061847,6.629312859692783,2.3445139688206185,0.21,6.573821282874225,1.200972062358763,0.0,0.0,0.0,5.8422235011298955,2.0
1,0.0,3.1391723909638705,0.027446098994448866,0.21276950502775568,5.312885528536717,2.1601493707698647,0.0,0.0,1.0978439597779546,3.6810282298544013,2.0
0,1.0,6.593654377962545,2.3619307815067905,0.22051913869907075,4.008041945549678,2.2376366029106505,0.0,0.7982695376697642,3.6051913869907075,2.7715574160972123,2.0
1,0.0,3.4524936687099035,0.2492570712721,0.13469712973321835,4.536457363577692,1.4025485439876384,0.0,0.0,1.3691430957596666,2.564834317927555,2.0
1,0.0,2.393416286468694,0.06912131888757343,0.09087868111242657,4.2534747056805235,1.0928457089230907,0.0,0.0,2.0,3.0787019877159514,2.0
1,0.0,2.4845828036621627,0.06722350453115959,0.0913882477344202,4.364354682818829,1.1255299093768083,0.0,0.0,2.0,3.167200422970287,2.0
1,0.0,4.601549025045559,0.03008132698242989,0.1,8.311325121874145,2.3970993376266674,0.0,0.0,2.0,2.65,2.0
0,6.0,6.734429158891881,2.295834803207084,0.21,6.47,1.1911669606414168,0.0,0.0,0.0,5.959497354227248,2.0
0,1.4731662010518922,4.2981723280944575,1.3435598882524542,0.21634168994740538,1.816001857568724,1.1058050139684432,0.4731662010518922,0.4731662010518922,7.0,2.192200558737729,2.0
0,0.7877962378883228,3.680413785482844,0.024244075242233546,0.5135930248913695,6.62305094052792,3.8237346699630406,0.0,0.0,3.5755924757766455,4.1536475078850765,2.0
0,1.588578899932925,5.171709938687725,1.4309149954936278,0.18588578899932925,1.6555418485090552,1.4191368800536601,1.0,1.0,7.617131650100612,1.757482128032196,2.0
1,4.573202999546256,6.883009977238316,3.534764809877489,0.19,3.1104724022878747,2.061166764884295,1.7866014997731279,0.8933007498865639,12.893300749886563,1.8157075924103854,2.0
1,0.0,2.8483163018705473,0.061492725399835454,0.09850727460016455,4.586856455408063,1.1805945698021392,0.0,0.0,2.0,3.358203688804607,2.0
0,4.0,0.0,1.4132934827958195,0.19,3.6617939923270226,0.714866598729173,0.0,0.6513340127082706,3.6513340127082707,2.1301195516125415,3.0
0,0.0,3.9634883302878765,0.9913677235368498,0.2542294069345148,4.002700027371083,3.472282262777609,0.0,0.0,7.096176551091421,2.668655889598228,3.0
0,3.940523264489604,0.0,1.2594052326448961,0.21,3.6015622119917774,0.610594767355104,0.0,0.0,1.0,2.145725583477505,3.0
1,0.0,6.2013672794396655,2.3647041138846183,0.16,3.108057616870018,1.3719271606326258,0.0,0.0,4.0,0.576251855183016,3.0
1,0.0,6.785239523547414,2.8325444327784584,0.1796449729894504,4.428284108651863,3.0838166491676873,0.0,0.0,9.035502701054961,3.2997042166940616,3.0
1,0.837710105907328,5.52638918345023,1.6464443349494182,0.2283771010590733,5.245703776700387,3.763434841139008,0.0,0.0,18.837710105907327,2.555919122240539,3.0
1,0.6756901170392807,3.3867960806199333,1.2167569011703927,0.18351380234078563,2.354320569569787,2.029182546161931,0.0,1.0,0.0,0.5986357958350402,3.0
0,0.2647838807592279,5.398201137181229,1.8134685730078024,0.16853487165314596,2.534448423956837,1.8571493016807044,0.0,0.2647838807592279,11.735216119240771,-0.07797003588091428,3.0
1,0.20907162073771368,6.4499936348434455,1.523253053152468,0.23045358103688568,4.633628648295085,3.1456625957967095,0.0,0.0,6.0,2.272622283138531,3.0
0,2.0,6.03640081711665,1.9835991019410204,0.1708289594765513,4.041762891515871,1.5959076888986277,0.0,0.4585520261724342,3.082895947655132,1.8965267032496422,3.0
1,4.304215600654918,0.0,0.38635381283174564,0.36307256785591807,4.111777475810074,0.7321990358755657,0.0,0.0,0.3042156006549178,2.322107800327459,3.0
0,0.0,6.3399198234538945,2.5185500217973,0.15,4.120576994332702,2.181723490627161,1.0,1.0,6.0,1.4465904806004033,3.0
1,0.8250450729040638,5.815079627047363,1.983738731773984,0.19650090145808127,3.4447513521871223,2.7822829032199667,0.8250450729040638,1.0,3.174954927095936,1.2064828722964558,3.0
0,1.0356633133411288,0.0,0.9330599261629637,0.3010698994002339,1.5864193964014033,0.6414265325336451,0.0,0.0,0.0,0.711975754498246,3.0
0,0.0,5.826686722206697,2.339454760168391,0.17066543565084058,4.499316099111768,3.0233087130168115,0.0,0.4833641087289857,8.0,3.406654356508406,3.0
1,0.260829174830409,5.037008015501099,1.711308790768655,0.15564975048982455,2.545170134551579,1.2716955088168418,0.0,1.0,7.739170825169591,0.49952038406175403,3.0
1,0.003746300242075673,5.901116135307504,2.190299704019366,0.1999250739951585,4.918126849878962,2.1168156447942357,0.0,0.0,0.0,2.8583890908959075,3.0
1,1.0345806487112064,3.992,1.32,0.18,2.0989909686649133,1.1227380637706466,0.0,0.0,3.0,-0.01729032435560318,3.0
0,4.558293453607098,4.305036045154718,1.2458293453607097,0.315582934536071,3.1905590067003295,1.2864362077325222,0.0,0.4417065463929024,5.441706546392902,2.0095733634017745,3.0
0,0.8826363431893397,4.0169032542431635,1.1978936185747255,0.18704181940863962,2.4316400089966903,1.515016383674447,0.0,0.0,3.0,0.49995182165781227,3.0
1,0.0,7.096026813530179,3.171114521744931,0.15754828433365517,3.9520802084180344,2.0122881131735864,0.8112928916586206,1.0,6.188707108341379,1.052496017929138,3.0
0,0.0,6.435528856690214,2.363267718844469,0.20115485410368728,4.738956670977544,3.1808726922517327,0.0,0.0,11.442257294815636,2.633943567629609,3.0
0,0.0,6.133586787245787,2.329060831095371,0.18,3.596100192392376,1.322924855705718,0.0,0.0,0.2996421700272287,1.6311180838910144,3.0
1,8.306677715523389,7.041689178963206,2.057320627148104,0.21,6.2985242732708215,1.0160016573285082,0.0,0.0,0.3066777155233882,2.6735367032346335,3.0
1,4.143675708121908,7.872953733558385,3.2428735141624383,0.18,5.005918927030477,1.208563242918781,0.0,0.0,2.0,3.753217311573639,3.0
0,1.40450812712219,5.834031103832736,1.8858360989813487,0.16427048762733143,3.464282720766081,2.015065526443089,1.59549187287781,1.0,6.0,2.668647561863343,3.0
0,0.8877700987609598,4.027267894243099,1.3011222990123905,0.1788777009876096,2.3171512553061375,1.4044891960495616,0.1122299012390402,0.0,3.2244598024780804,0.46541011283892475,3.0
1,0.0,6.420703022321158,2.7474483800773197,0.16447214653697462,4.156084922723533,3.2582599656549034,0.0,0.8509284487675127,16.0,3.3957719748114927,3.0
1,7.064365005779052,7.452277930473882,2.51064365005779,0.1806436500577905,4.814803951329182,1.2093563499422095,0.0,0.0,4.0,3.634599246821521,3.0
1,1.5706813022278872,0.0,1.409319341399745,0.1735602195334183,2.634555374825593,0.7786386827994902,0.0,0.21465934888605642,4.214659348886056,0.2003138530642874,3.0
1,1.0,5.790442818868585,2.259930352358573,0.17,1.7368988254714228,2.1271077683957036,2.0,1.0,11.331011745285771,0.13379765094284574,3.0
1,4.677253514254181,3.7228891231442907,0.8913475375823073,0.34386267571270906,3.2676353829083116,1.4090086257812207,0.0,0.5806866214364547,9.0,1.0887552835801002,3.0
1,3.2554344668765136,4.423413077577337,1.1751086893375302,0.32861413832808717,2.6266303400629543,1.7684783492745761,0.0,0.6277172334382569,6.372282766561743,1.7359782040377725,3.0
1,0.9401334424577784,0.0,0.5142345313523546,0.2522173475195112,2.0414413671619114,1.3566520425585336,0.0,0.05986655754222159,9.0,0.005565304960977596,3.0
1,2.0526723264893656,4.553311388739148,1.1510534465297872,0.35868319183776587,2.2658016979468094,2.105251748582978,0.0,0.026336163244682687,6.973663836755318,1.5194810187680858,3.0
0,2.0,5.871284468920249,1.9347996971161074,0.18716079025262533,3.338744682316226,1.6834668685892618,0.0,0.7160790252625343,4.0,1.917889970400237,3.0
1,0.0,0.0,1.2122145544137757,0.22389272279311215,3.162283564689794,1.268390841896682,0.0,0.0,0.0,1.4278544558622426,3.0
1,2.0,6.407183814327382,2.3897122750717243,0.19514386246413773,4.254638785097228,2.6991368252151737,0.0,0.4856137535862266,12.485613753586227,2.577157936962066,3.0
1,0.0,6.634838165956424,2.7566762801084477,0.17551575857013751,4.348151973049509,1.5469914515111982,0.0,0.0,0.0,1.74793696571945,3.0
1,1.9944574626108207,6.492305695553899,2.4034363731812913,0.1899445746261082,3.905732246210332,2.7268961790620594,0.0,1.0,12.994457462610821,2.494900865601955,3.0
0,0.0,5.791398058606087,2.190648222205492,0.18,3.3841667272590388,1.5350923434906178,0.0,0.0,1.1759252526773454,1.4211110303212813,3.0
0,3.018075363615521,0.0,0.43439663727918854,0.32108452181693126,1.2362627236522041,0.6814460290892417,0.0,0.0,2.981924636384479,-0.25253055090617293,3.0
1,0.0,6.648436791086959,2.558778743036687,0.17481681145550304,3.725603474932073,2.8466486969004725,0.0,1.0,7.506106284816566,1.5862680127123117,3.0
0,1.1788227092213288,5.970804527901029,2.2735764541844268,0.18357645418442659,4.514776035887304,1.2664235458155735,0.0,0.0,0.0,2.465764541844266,3.0
0,0.0,6.47172257815313,2.754169091203774,0.1963353121541714,4.836646878458286,2.7890653010876565,0.0,1.0,0.0,3.469065301087656,3.0
1,2.0,0.0,1.3116322535441625,0.2102331790777375,2.709533641844525,0.6453497686166062,0.0,0.2558294769434377,1.0,1.0409260412252719,3.0
0,0.0,0.0,1.277440212877138,0.20162819772756388,2.676974418179489,0.86,0.0,0.0,0.0,0.9786026159070529,3.0
1,6.691939208147611,1.2343995929525235,0.22246614049652738,0.2653551366518088,3.595634283488131,1.554405348644138,0.0,0.0,17.38387841629522,0.8411331289623718,3.0
1,4.0,0.0,1.26,0.21,3.62,0.626276206916647,0.0,0.5425402305548993,0.4574597694451007,2.187127011527745,3.0
1,2.0,6.16861296000888,2.095288446103256,0.1849118592316124,3.4503765868716436,1.4034775831393176,0.0,0.49118592316124,3.49118592316124,1.4945352723599687,3.0
0,5.7273347636282095,8.04791582185366,3.257273347636282,0.18363667381814106,5.390923669452629,1.196363326181859,0.0,0.0,2.0,3.5327232403641666,3.0
1,0.0,1.0388599194126602,0.0,0.3850092363721117,5.179593599627086,3.062153636045812,0.0,0.0,0.0,2.730258618419127,3.0
0,4.589870847560544,4.3028887823658835,1.2489870847560545,0.3158987084756054,3.209821217011932,1.2709632846953336,0.0,0.41012915243945613,5.410129152439456,2.017467711890136,3.0
1,4.978892858275009,0.0,1.2431939300092616,0.214643571179498,3.9161210711002474,0.6040103569277483,0.0,0.0,0.978892858275009,2.6594464291375046,3.0
1,4.486742152959455,0.0,1.2648674215295945,0.21,3.7611552243582422,0.6051325784704055,0.0,0.0,1.0,2.408238498009322,3.0
0,0.0,0.0,0.5839884059820915,0.22657308485970123,2.940280745420896,1.539816030439229,0.0,0.0,0.18780242456289198,2.1335720789304866,3.0
0,0.5656056344895714,7.112670028123688,2.655656056344896,0.1556560563448957,3.4113121126897914,1.6962926756511527,0.0,0.0,10.0,2.001580000487596,3.0
1,0.7001568153893514,1.199472503008372,0.09748823884579864,0.40200940892336107,4.708006272615574,2.3510047044616806,0.0,0.0,0.0,2.7683988540738684,3.0
1,0.35489663796943516,5.209577698812534,1.7222372103310035,0.1858041344812226,4.863638755232318,2.410314470684279,0.0,0.0,8.354896637969436,3.0090745457176875,3.0
0,2.0,5.909110637354245,1.882836706874118,0.216756962386524,2.3337924202340075,2.238179119974277,1.3310759403369004,1.0,10.6689240596631,0.4819639319068967,3.0
1,7.864167565071903,7.517861740335896,2.518641675650719,0.18864167565071904,4.998758539966538,1.201358324349281,0.0,0.0,4.0,3.1947078392104533,3.0
0,4.0,0.0,1.4370573883044422,0.1946037053648311,3.912529598068209,0.6638870312230911,0.0,0.7698147317584447,3.309444195275334,1.9598481697428043,3.0
0,0.0,0.0,0.06988707318386533,0.3250564634080673,2.820112926816135,2.320016132402305,0.0,0.0,3.0016132402304954,2.6194837631262415,3.0
1,0.0,8.614016117577858,4.707160125976276,0.16,5.17,1.8742799580079081,0.0,0.0,0.0,2.312759286134439,3.0
1,2.0,5.766054800354994,1.8350191677254069,0.1885156788554953,3.5342273644637885,2.0714843211445046,0.0,0.23144598569369101,13.768554014306309,2.557245649442164,3.0
0,1.0,3.045479641489299,0.12927226208251014,0.267383773694734,2.7369766034807093,2.952035851070123,1.9127924564911325,1.0,0.0,0.6582847166333424,3.0
1,1.0054494892026589,5.692708321208473,1.6328882292774092,0.19972752553986706,3.408419648131229,2.0707084335963457,0.0,1.0,7.0,1.3148774801495007,3.0
1,6.0,0.0,0.3710388402063399,0.358688347938098,4.123933416789131,0.727376695876196,0.0,0.0,0.0,1.7674306424886788,3.0
1,0.0,0.0,0.4137493058592027,0.2508615521484538,2.276351726562593,1.8493671590821814,0.0,0.2795603417967586,4.279560341796759,0.9896791384765835,3.0
1,1.0,0.0,1.24,0.2,2.46,0.84,0.0,0.0,2.0,0.9380578480158532,3.0
1,0.7477187738974139,6.469571129492714,2.439817501911793,0.17504562452205175,4.310821241396931,2.9280246820035947,0.0,0.7477187738974139,12.747718773897414,3.1209715785112673,3.0
1,0.0469281529760468,6.396486290482096,1.3578667160355677,0.22234640764880234,4.5687712611904185,3.3661777119525764,0.0,0.0,6.0,2.154257551672514,3.0
1,0.0,6.009767895327835,2.1056076249149105,0.19,4.352455103587975,3.1267699878131796,1.3384993906589726,0.6692496953294863,12.669249695329487,1.5625854813794118,3.0
1,1.55276496683549,5.195697474416921,1.4144216629341588,0.24422119734683922,2.86829033250122,2.4237695787747136,0.0,1.0,7.55276496683549,1.5853271840810352,3.0
1,1.4277075308291618,0.0,1.24,0.20427707530829162,2.596866409865332,0.8228916987668335,0.0,0.0,2.0,0.7789774605102939,3.0
0,0.019668416283954326,7.14860354244384,2.6604242606304958,0.15,3.4013767891398765,2.040227576467656,0.0,0.019668416283954326,10.019668416283954,1.5821017411816016,3.0
0,0.0,7.145027147103596,2.6507534625600613,0.1492465374399387,3.3186260435133814,1.9893130217566906,0.0,0.07534625600612821,10.0,1.5962326871996937,3.0
1,1.305697019287182,0.0,1.24,0.20305697019287183,2.5578230461718983,0.8277721192285127,0.0,0.0,2.0,0.8363224009350245,3.0
1,0.0,5.795791679366687,0.7826396426440848,0.2161817793769931,4.185090249408883,4.233179004831998,0.809088968849654,0.809088968849654,10.0,3.161637294952166,3.0
1,4.7315251431098435,7.936783017173181,3.2673152514310986,0.18,5.15288128577746,1.21,0.0,0.0,2.0,3.3417963716433667,3.0
1,5.058880502894738,3.9000049341341443,0.9829149686684208,0.4405888050289474,4.2844257232092104,1.8758783647973685,0.0,0.0,9.0,0.9643966667328947,3.0
0,1.2546262658119014,6.056573656960675,2.275092525316238,0.2,4.845647677213666,1.4810658575983107,0.0,0.0,0.0,2.8536121202564297,3.0
1,2.3946914668094723,0.0,0.7202136988223247,0.3697518159528742,-0.017980042398192175,0.7847431946466739,0.6053085331905278,1.0,2.7893829336189446,-1.591044464025705,3.0
0,3.3115737185473773,0.0,1.2873888462256853,0.2068842628145262,3.462671122088215,0.6277893429636844,0.0,0.15578685927368863,1.4673605778210659,2.0477452246044248,3.0
1,0.0,7.241611296280434,3.1597976431264834,0.1406998316518917,2.3389713808215857,1.7755986532151335,0.06998316518916814,1.0,6.0,0.4809949495567505,3.0
0,0.0,0.0,1.385916773830091,0.18352080654247718,2.878870613648313,0.8952080654247719,0.0,0.0,0.0,1.1595747749568084,3.0
0,0.0,0.0,1.2655161819946112,0.21164325129538558,2.9211973154146174,1.018216256476928,0.0,0.0,0.0,1.1616432512953856,3.0
0,2.0,3.8381400607629987,1.273422870336481,0.193422870336481,2.65,1.2,2.0,1.0,2.657712966351899,1.0552340746163038,3.0
0,0.0,6.202490185363736,2.33696238624446,0.18,3.9418121503462,1.4716016009647368,0.0,0.0,0.0,2.1209249916128186,3.0
1,0.7458363509302612,6.704448226287697,2.8598769010860647,0.17237509052790784,3.2035409122674348,2.037834902483736,0.0,0.7458363509302612,11.745836350930261,1.4351267200302489,3.0
1,0.0,6.356550213266779,2.3963046118308178,0.16409418823162122,3.4551252348992816,2.8190581176837877,0.0,0.0,17.29529058841894,1.1281162353675755,3.0
1,0.0,6.163808692682105,2.128715354794666,0.17032347707284198,3.0232625599865215,2.154195938860912,0.0,1.0,3.6774492357613995,1.5264510152847721,3.0
1,0.0,5.291631144595861,1.5456040702125202,0.19,3.6109201876954806,3.0048669794924674,0.0,0.15133020507532557,15.848669794924675,2.352577466111014,3.0
0,4.726757337115942,4.284290250538058,1.2927324266288407,0.30223922691253624,3.4244784538250723,1.083662133144203,0.0,0.0,4.726757337115942,2.0708163206808696,3.0
1,0.0,9.194,5.9,0.15,5.559049636168547,2.242534659814607,0.0,0.2910890030898814,0.0,2.575861467620791,3.0
0,1.4471800230920921,0.0,1.248943600461842,0.20447180023092093,2.6030976073894694,0.8265845993072373,0.0,0.0,2.0,0.7340509872993493,3.0
0,1.406979712704403,6.118459455204277,2.281104695690566,0.19406979712704403,4.789884522430189,1.4279060861886792,0.0,0.0,0.0,2.6863369272930817,3.0
0,0.0,7.433758652407849,3.4239561712892552,0.16,4.410132065498345,1.7106153400487607,0.0,0.5802191435537235,0.0,2.522725491191734,3.0
1,1.256206943594458,6.582127907371988,2.142968931176046,0.25206551394838794,4.714289611893099,2.1596724302580603,0.25620694359445806,0.25620694359445806,6.0,2.7577655003059953,3.0
1,0.0,2.696555510607505,0.5046014262429763,0.28669082265194085,4.527407386003574,2.9738848628913432,0.0,0.0,1.6115137108656805,2.4660426691528343,3.0
0,0.08159418040024036,6.077736099713063,1.9979884228958174,0.1732637672160096,2.571442036859916,3.063036217260156,1.0,1.0,8.91840581959976,1.858159418040024,3.0
1,1.0051848627739868,5.7361140669810275,1.939222270583902,0.19994815137226013,3.448392692540064,2.904141105065395,0.9948151372260132,1.0,3.0051848627739868,1.143473858058571,3.0
1,1.372105585051364,6.58547174890712,2.3106946595876727,0.15,3.251857827139214,2.093257949458732,0.0,1.0,7.0,1.1020785771909314,3.0
0,4.194273953512043,0.0,1.2619427395351204,0.2119427395351204,3.6763394465184924,0.6158282186053613,0.0,0.19427395351204224,0.8057260464879578,2.2668506744316232,3.0
0,5.8581181660001445,6.592145731859958,2.35993172837999,0.19787177249000218,4.749631948930051,1.3893588624500108,0.0,0.0,4.0,2.1978984654599003,3.0
0,1.3967838272138884,5.256237858971873,1.2761929703671666,0.23777486790497218,2.3214210888985,3.283055364146806,0.6032161727861116,1.0,8.0,1.8904824259179167,3.0
1,0.050768531039396936,7.5866064211429505,2.645938517516848,0.14949231468960603,1.9826455660730933,2.9508616644129084,0.10153706207879387,0.050768531039396936,17.949231468960605,1.47650677566161,3.0
1,4.22676570209868,6.5954349753284225,2.2015800106636547,0.20340148553148021,5.546189601279639,1.0959665102030578,0.0,0.0,0.0,3.554014855314802,3.0
1,0.0,8.626193317403116,4.719723832281263,0.16,5.17,1.869723832281263,0.0,0.0,0.0,2.2466280252496893,3.0
1,0.5788648955075587,6.572039862137494,2.754684884169762,0.16736594686522677,3.2452837761231104,1.9510097456639304,0.0,0.5788648955075587,11.578864895507559,1.3399529904393086,3.0
1,0.43847412301808697,6.227056573858976,2.086620166746873,0.21753896492072347,5.071316627342841,3.2973831052378295,1.123051753963826,0.561525876981913,10.0,1.3927563945215513,3.0
0,2.0,6.381803792217473,2.386559477294096,0.20983921594114402,4.429132022235792,2.689678431882288,0.0,0.3279738647048006,12.3279738647048,2.709035295646864,3.0
1,2.0,4.850552823507067,1.4364076333737366,0.25656305334949464,2.4989297673535225,2.2462699205818066,0.0,1.0,13.0,2.18454259366464,3.0
0,3.155041616727744,5.6447979667730115,1.4598445898253933,0.34844958383272256,1.1192266347057562,1.6331803802112532,1.0,1.0,4.155041616727744,0.6968269909463267,3.0
0,0.9818408883105311,6.514546697320344,2.325253653819154,0.14,3.3883906570895324,2.0350970398438433,0.0,1.0,6.0,1.216017483999109,3.0
1,4.838933502069363,7.950799485733838,3.265168005062081,0.18,5.1797333755173405,1.21,0.0,0.0,2.0,3.589327979751676,3.0
0,0.13959538168832475,6.5469754265162186,2.2041358331986904,0.22022832328181727,5.2505086748155945,3.2406329415934927,0.0,0.0,9.860404618311675,2.783072259167543,3.0
1,2.0,5.867463301364684,1.7525125680257931,0.23498491836904817,4.347095309569459,2.5897285306428666,0.749748639484136,1.0,4.0,1.7125326768670623,3.0
1,5.922330531141154,6.05285423003483,0.7179607852514907,0.2288349579671173,5.36815529423018,1.6639807279322865,0.0,0.0,0.0,3.808349579671173,3.0
0,3.0,0.0,0.0,0.44188168896177016,2.2493308249666875,0.6593468970653554,0.0,0.0,0.0,0.5247430323255072,3.0
1,4.462917572803344,6.548649693413393,2.295574619422595,0.2301792844644348,4.298312907761505,1.38424609611297,0.0,0.0,5.388752718410034,3.618875271841003,3.0
0,0.3266512417960409,6.226947055410989,2.296533024835921,0.14673348758203958,3.9284785438170484,2.20160370196895,0.6733487582039591,1.0,6.0,1.5128064784456627,3.0
1,0.17213099621241135,0.0,1.248278690037876,0.2,2.5013934501893793,1.1877049815907872,0.0,0.0,1.1721309962124113,0.9220491697348688,3.0
0,4.456914168360516,4.26522445503049,1.3008617166327898,0.2846994209434336,3.310651396299142,1.0265531334688414,0.0,0.0,4.456914168360516,1.919058242293391,3.0
1,0.03474816960923022,7.084,2.66,0.14069496339218462,2.358222986570153,1.4882625915195384,0.0,0.9652518303907698,10.0,1.576408608903015,3.0
0,0.0,4.4904271092958,1.415598096466958,0.22743590969682373,4.154529845051332,2.972136981007376,0.0,0.0,7.542734838386272,2.7088461354547646,3.0
1,1.6840461500239627,4.748398020093703,1.2377739202676126,0.27,3.1963815399904147,2.8342647704920925,0.0,0.8420230750119814,13.157976924988018,2.7017046952316686,3.0
0,0.0,4.3419758660410235,0.979695813937898,0.2522247986402051,4.082740419717027,3.550842994900769,0.0,0.0,6.805619966005127,2.5550347816427688,3.0
0,0.41135390505667857,5.999105654823539,2.2641135390505664,0.18,4.414113539050567,1.6114147350671264,0.0,0.0,0.0,2.659571977027895,3.0
0,0.0,0.0,1.431921953722751,0.17103414524629643,2.0756097365410078,1.1002926735396836,0.0,0.6995122107671938,4.699512210767194,0.7518243958761898,3.0
1,2.0,5.926375713472464,1.8854636337682829,0.18584940722746596,3.1275482216823978,1.7066728610185653,0.0,0.8616469075821986,4.0,1.901313040995749,3.0
0,1.8672545777570302,5.597389650313829,2.0592039928934533,0.18734509155514062,1.2843374364560631,1.843098168897188,2.0,1.0,10.13274542224297,-0.06017637332710905,3.0
1,0.0,5.724386691135561,0.5044761740133279,0.21939073734228318,4.2655361977717785,4.4746627658524245,1.0304631328858411,1.0,10.0,3.0325303465504154,3.0
0,0.2854048958200479,6.320361676786364,2.5975574396011356,0.18283239166560383,4.649566854148067,3.4598267416592265,0.0,0.7145951041799521,16.570809791640094,3.3516977406365585,3.0
0,0.0,7.18948854831528,3.348213503353575,0.16,4.292730930198042,1.7371252738262486,0.0,0.9589324832321242,0.0,2.3939629557010775,3.0
1,4.601179098555205,7.924147387319401,3.26,0.18,5.1202947746388014,1.2039882090144478,0.0,0.0,2.0,3.5676625289628396,3.0
0,2.566479262419258,4.95643184367675,1.5180899540387562,0.19,3.173988755745156,1.4344476499242527,0.0,0.43352073758074205,3.433520737580742,1.7816760368790372,3.0
1,4.0,7.1302321279289975,2.492559573570009,0.17255957357000884,4.09,1.2448808528599824,0.0,0.0,4.0,3.5516680599602477,3.0
0,1.0,5.589361008027719,1.3827839740243981,0.20749139472653338,2.540998211722127,3.2611317615188087,0.7491394726533388,1.0,7.749139472653339,1.7919578677716035,3.0
0,2.18433367433137,4.117876094115458,1.2692166837165686,0.18184333674331368,2.7513835208822535,1.1944699897700588,1.63133265133726,0.81566632566863,3.81566632566863,1.3603235004223713,3.0
1,0.08087296661719767,7.106838213071969,3.2180230597106942,0.15,3.872284949695853,1.8645571339910956,0.9191270333828023,1.0,6.080872966617198,0.8222721842952422,3.0
1,0.0,0.0,1.2128494342482032,0.22571685525059892,3.1229393680191655,1.2315056575179677,0.0,0.0,0.0,1.387240499522759,3.0
1,4.623000198469267,0.0,0.3956051260279847,0.411309994045922,4.760700178622341,0.7276999801530732,0.0,0.0,0.0,2.428545082364746,3.0
0,0.05819359550844361,4.162862612923284,1.3482541921347468,0.18058193595508443,2.435972940451671,2.1015316303381244,1.0,0.05819359550844361,5.0,0.9504748471915198,3.0
0,2.0,6.49,2.4,0.19339145089494078,3.927805117198439,2.73,0.0,1.0,13.0,2.5279794698832614,3.0
0,1.0,4.876588057432776,1.281152955405378,0.19442352229731105,3.5029171277037063,2.879269962163372,1.0,1.0,5.442352229731105,0.893035948647384,3.0
1,1.0,3.077196409573784,0.07719362077472211,0.28959149436629616,2.6294320137343483,4.330265801053246,0.0,0.0,14.28063792252779,0.8402490250017562,3.0
1,1.0,6.922240079184063,3.0350197264130068,0.17718380129756123,3.170978185726826,2.2056718502308907,0.0,1.0,11.90612670991871,1.4964527718276504,3.0
0,5.0,6.278650782211167,2.269143299855365,0.2,5.22,1.23,0.0,0.0,2.0,4.05622742037605,3.0
0,0.9346139973397097,5.594073863508385,1.3496933620218208,0.2073845598935884,2.2728851009311017,3.6174990982708115,1.0,1.0,8.06538600266029,1.943461399733971,3.0
1,0.6382705938433504,0.0,1.3093578831380692,0.20255564655409847,2.8860016379737723,1.2672730508040089,0.0,0.0,4.0,1.5281249329887086,3.0
1,4.933214970293733,3.5952923373085737,0.8030408352486619,0.35666074851468665,3.4320906184137234,1.445483133266857,0.0,0.5166962574265667,9.0,1.0183658831692235,3.0
1,0.34288867149983315,6.147911820001862,2.0502976951699363,0.21371554685999333,5.0034509567648815,3.30885335942002,1.3142226570003337,0.6571113285001668,10.0,1.49025355507017,3.0
1,0.0,9.018435410203,5.059882802819708,0.1543567289867789,5.384444298502402,1.9672221492512008,0.0,0.0,0.0,2.621081775330527,3.0
1,2.0,0.0,1.2804941025157273,0.20190117949685454,2.8096956751782,0.7838023589937091,0.0,0.0,2.5399213668763627,0.3777192651152911,3.0
0,1.0477161276916487,0.0,1.36,0.1704771612769165,2.3281525153380724,0.749045677446167,0.0,0.0,4.0,0.9570554850775161,3.0
1,0.0,3.66958483736423,1.2413207442098815,0.2030188836851777,3.297359068456516,2.4073587900183764,0.5660372104940763,0.5660372104940763,4.433962789505924,1.2643407416476176,3.0
1,1.0,6.686750609358077,2.8137596180647617,0.1815864644764249,2.9527971917818605,2.2366315080098462,0.0,1.0,12.0,1.6275939342927475,3.0
1,2.0,0.0,1.4863538986144202,0.23639506056583073,2.6656214042147335,0.7032181112586205,0.0,0.8798353521943578,1.1201646478056422,0.800345666224138,3.0
1,0.6581203332835984,6.4089236359588195,2.170085726647767,0.22632481333134394,5.227265436631354,3.271025560005968,0.6837593334328032,0.3418796667164016,10.0,1.1687172600507296,3.0
0,2.0,6.2320916358353955,2.3165238318464194,0.17816401868373116,3.7674787380073806,1.4225581774954459,0.0,0.0,4.0,2.215703738427764,3.0
0,2.0,6.474840724888762,2.3981168602346288,0.2271752903519432,4.163312214603538,2.7243505807038866,0.0,0.9058430117314399,12.90584301173144,2.8130517421116594,3.0
1,2.0,6.439862457188002,2.3937717338121742,0.19311413309391295,4.118646917292168,2.7113152014365225,0.0,0.6885866906087058,12.688586690608705,2.546711996408694,3.0
0,1.0204894713784913,5.775970404366233,2.1530734207067734,0.18,3.6636881048481285,1.44,0.0,0.0,4.0,1.8275811044100418,3.0
1,1.0,3.5608388857642432,1.21,0.22298678920442647,2.8374009190331986,2.029674037925452,0.0,1.0,0.0,1.736097070735007,3.0
0,2.0,5.090577091821167,1.3905148330549524,0.2794851669450475,2.9767859515895525,2.9436969532598374,0.0,1.0,13.98283889816825,2.1187987228717775,3.0
1,2.0,6.687014502795759,2.3167214518726986,0.16709906730988267,3.071297201929648,1.3754168558079272,0.0,0.23663557699608906,4.0,2.313820519182581,3.0
1,1.0,2.9658879756181653,1.21,0.19772348091796882,2.647926106884766,1.8844100152783207,0.0,1.0,0.0,0.9655661679980491,3.0
1,0.0,6.0952373901279335,2.15805435183659,0.16346304321089403,2.4496499938505623,2.6635412901773825,1.0,1.0,7.692608642178802,2.163773925877088,3.0
1,0.9293476258792228,1.2323613843136685,0.08029892805905829,0.4157608575527534,4.717173905035168,2.357880428776377,0.0,0.0,0.0,2.6205707813079013,3.0
1,0.0,0.0,0.5183349496887102,0.24096831556998685,2.2198189461142106,1.7582080506091649,0.0,0.35022631735723664,4.350226317357237,0.9769592628756975,3.0
0,10.0,6.730563847924614,2.2328285990406145,0.3147135183383263,7.270813867991356,1.1938447139357626,0.0,0.0,2.0,2.3332530317773306,3.0
0,0.0,0.0,0.21288843914495859,0.3544060304750524,4.3677949755819325,2.078982914631828,0.0,0.0,0.0,3.183051256104517,3.0
1,4.886680387298048,7.956194883764679,3.2488668038729807,0.18,5.191670096824511,1.2011331961270195,0.0,0.0,2.0,3.5924651573972146,3.0
0,0.0,5.616686125156681,0.7522008581427198,0.20173744636608001,4.239564255066331,4.014302115650743,0.739106376658286,1.0,9.478212753316573,3.103916171034423,3.0
0,3.984695459709615,0.0,1.259846954597096,0.21,3.615255592509981,0.6396939091941923,0.0,0.9846954597096153,0.01530454029038475,2.2055616833157883,3.0
1,0.06656369192051703,5.919114736910188,1.9452942029297964,0.20266254767682068,4.807260221263567,3.342012356969538,1.866872616158966,0.933436308079483,10.0,1.7721050342410725,3.0
1,2.0,6.160660813680386,2.0893760696508448,0.1850103988391526,3.444365670811692,1.4107695140972918,0.0,0.5010398839152592,3.501039883915259,1.5006447280274609,3.0
1,0.0,6.080182172572376,2.277518284803988,0.19078754896800126,4.348828036016077,1.7238646056240539,0.0,0.0,0.0,2.3394965166920705,3.0
0,0.0,7.1048583912197225,2.6568396376939813,0.14316036230601858,2.6613191290500073,1.6606595645250037,0.0,0.6839637693981411,10.0,1.565801811530093,3.0
1,2.0,5.5701370439122595,1.7525596287705534,0.2007319068488069,3.2731054911067528,2.059268093151193,0.0,0.38414883561008617,13.615851164389914,2.456461768497343,3.0
0,0.0,6.74068134118736,2.337393602586165,0.22663349627364543,5.091647268743188,3.355773878782062,0.0,0.0,10.0,2.689637938403735,3.0
1,0.0,0.0,0.47348375424236944,0.22832754791375504,2.2550520687762052,1.3105921965462182,0.0,1.0,0.0,0.5388850319425034,3.0
0,1.1328010664449963,6.5562452436411185,2.2900798400332505,0.14132801066444997,3.3714876907309512,2.0612481706311994,0.0,1.0,6.132801066444996,1.1171190935217532,3.0
0,0.0,3.4220334074648653,0.8391360651139926,0.22635964025539887,2.689105295080564,2.4108815177622525,1.0,1.0,3.2728071948920228,0.32182017987230055,3.0
1,0.0,5.750792058703831,2.106873351107808,0.17995253526588,4.356727945125584,3.2098545940177763,0.0,0.0,17.1990507053176,1.2826994662851123,3.0
1,0.0,8.621700891983403,4.70354336684766,0.16,5.17,1.8664566331523404,0.0,0.0,0.0,2.4574017839668088,3.0
0,3.0,0.0,0.0,0.514809101251422,2.524834382505372,0.6053265916656133,0.0,0.0,0.0,0.7516283150044241,3.0
0,0.8714996467660898,4.719977258034771,1.3238550105970173,0.1887149964676609,3.078484720945211,2.4024548693034533,1.0,0.8714996467660898,5.0,1.0968699364178962,3.0
0,0.811204176736003,3.84606082861693,1.1519717172950428,0.1913277493958398,2.227820950982718,1.3659947790799962,0.0,0.0,3.0,0.12271728512159807,3.0
0,0.0,3.480328283841057,0.578869235132517,0.23820639475743954,2.9401715512515496,2.3423342899062307,0.0,0.0,2.8206394757439552,0.6464127895148791,3.0
1,0.0,2.250879053685256,1.2337406032989842,0.23496241319593708,4.017255685773591,2.5990788845355506,0.0,0.0,5.748120659796855,2.7131392144339777,3.0
0,2.8204268437712683,6.324718880655555,2.2490792505990527,0.21102134218856342,4.208945126882231,1.7732774484513243,0.0,0.0,2.0,2.591582309676653,3.0
1,4.651484771857788,7.927178172622935,3.266514847718578,0.18,5.132871192964447,1.21,0.0,0.0,2.0,3.2737620560791196,3.0
1,0.7933156401232546,5.782261220831495,2.1830694975802794,0.1758663128024651,3.5504572892653252,1.4089973460184881,0.0,0.0,3.7933156401232546,1.7207915072591622,3.0
0,3.726038872678866,6.791694705543828,2.260407172015974,0.22082272108752063,4.216174596684191,2.259194033023624,0.0,0.0,4.0,2.416157842573046,3.0
0,0.0,0.0,1.2743342591533398,0.20356232640874877,2.920686979226246,1.0170821760583253,0.0,0.0,0.0,1.1457082176058324,3.0
0,1.3772590832279759,0.0,1.4471837283480835,0.1675451816645595,2.3170783565697377,0.7362274091677202,0.0,0.6227409167720241,4.0,0.6978312801011433,3.0
1,6.883110603069299,2.6342764492475954,0.13285944554125698,0.454155530153465,4.685580417287453,1.732986636184158,0.0,0.03896313231023363,8.8831106030693,0.5053276478805317,3.0
1,0.7634922313242143,4.198251654182699,1.427674558699083,0.23253176197580033,2.738174611566211,2.047595285927401,0.0,0.6182538843378929,11.0,1.0751031603374417,3.0
1,1.3365542148887264,6.388751880489635,2.610176869409048,0.17663445785111273,4.527101206600146,2.7866180743668374,0.0,0.6634457851112735,14.663445785111273,2.9090337355333817,3.0
1,4.344277364619257,7.8903132837543115,3.2634427736461924,0.18,5.0560693411548145,1.21,0.0,0.0,2.0,3.0126357599263693,3.0
0,0.38539662096556504,5.887301689517217,2.1598984392744764,0.1522920675806887,2.643631600885551,2.1948065004854818,1.385396620965565,1.0,6.614603379034435,2.50728244564416,3.0
1,0.0,9.075129568280953,5.098968201383674,0.1531838633102721,5.42901319420966,2.0026904604151023,0.0,0.0,0.0,2.389551589930816,3.0
1,0.34062456946424,5.666456183697493,2.1763750172214302,0.1668124913892848,3.613843719862497,1.4070312284732118,0.0,0.0,4.0,1.2859059012660343,3.0
